Code,ISU_CD,Name,Market,Dept,Close,ChangeCode,Changes,ChagesRatio,Open,High,Low,Volume,Amount,Marcap,Stocks,MarketId,lateInfoMsgCd
005930,KR7005930003,삼성전자,KOSPI,,251000,1,2500,1.01,248000,251500,247500,4913118,1227531541500,1467415930608000,5846278608,STK,ME005
000660,KR7000660001,SK하이닉스,KOSPI,,1720000,1,30000,1.78,1686000,1731000,1686000,1196330,2050044032500,1256446867800000,730492365,STK,ME005
005935,KR7005931001,삼성전자우,KOSPI,,192600,1,5500,2.94,187200,195900,186100,2047419,394916889300,154536693697800,802371203,STK,ME005
402340,KR7402340004,SK스퀘어,KOSPI,,1001000,1,1000,0.1,1002000,1010000,988000,149744,149513988500,132055921998000,131923998,STK,ME005
009150,KR7009150004,삼성전기,KOSPI,,1337000,1,20000,1.52,1310000,1349000,1305000,165833,221216966000,99865471552000,74693696,STK,ME005
373220,KR7373220003,LG에너지솔루션,KOSPI,,368500,1,3000,0.82,362000,376000,361500,162681,60163482750,86229000000000,234000000,STK,ME005
005380,KR7005380001,현대차,KOSPI,,361000,2,-6000,-1.63,365000,367000,359000,252492,91131473000,73917553526000,204757766,STK,ME005
207940,KR7207940008,삼성바이오로직스,KOSPI,,1401000,2,-11000,-0.78,1415000,1415000,1394000,15098,21192401500,64853622351000,46290951,STK,ME005
105560,KR7105560007,KB금융,KOSPI,,176400,1,600,0.34,173100,177000,173100,586657,102944156250,62566916277600,354687734,STK,ME005
028260,KR7028260008,삼성물산,KOSPI,,352500,1,5500,1.59,342500,353000,342000,128661,44871384250,57164072302500,162167581,STK,ME005
032830,KR7032830002,삼성생명,KOSPI,,284500,2,-1000,-0.35,285500,287000,282000,107346,30511250750,56900000000000,200000000,STK,ME005
012450,KR7012450003,한화에어로스페이스,KOSPI,,1057000,2,-6000,-0.56,1068000,1079000,1040000,66420,70339456000,54502514857000,51563401,STK,ME005
034020,KR7034020008,두산에너빌리티,KOSPI,,83800,2,-2400,-2.78,86200,86300,83500,1145418,96923143750,53679024034800,640561146,STK,ME005
055550,KR7055550008,신한지주,KOSPI,,112100,2,-100,-0.09,110500,112300,110400,366628,40880632200,52625371791900,469450239,STK,ME005
000270,KR7000270009,기아,KOSPI,,121200,2,-600,-0.49,121800,121900,120500,201514,24401689150,47318055357600,390412998,STK,ME005
329180,KR7329180004,HD현대중공업,KOSPI,,448000,2,-5500,-1.21,451000,454500,446500,59329,26681416750,47022628800000,104961225,STK,ME005
006400,KR7006400006,삼성SDI,KOSPI,,548000,1,1000,0.18,540000,559000,532000,178706,97688817000,44160870440000,80585530,STK,ME005
068270,KR7068270008,셀트리온,KOSPI,,178000,1,500,0.28,178800,178800,176700,108173,19215077100,41405857328000,232617176,STK,ME005
034730,KR7034730002,SK,KOSPI,,547000,2,-3000,-0.55,548000,551000,538000,45126,24546349500,39658978541000,72502703,STK,ME005
086790,KR7086790003,하나금융지주,KOSPI,,137300,2,-300,-0.22,137400,137500,135400,253667,34623148100,37204168643000,270969910,STK,ME005
012330,KR7012330007,현대모비스,KOSPI,,382500,2,-12000,-3.04,392000,394000,380000,145790,55961427250,34356373762500,89820585,STK,ME005
066570,KR7066570003,LG전자,KOSPI,,198800,2,-3200,-1.58,199400,199800,197100,212365,42153682350,32381466034400,162884638,STK,ME005
035420,KR7035420009,NAVER,KOSPI,,202000,2,-4000,-1.94,203000,203500,201000,195739,39570283250,30723062538000,152094369,STK,ME005
000810,KR7000810002,삼성화재,KOSPI,,662000,1,1000,0.15,658000,665000,652000,23592,15546124000,29556627126000,44647473,STK,ME005
010120,KR7010120004,LS ELECTRIC,KOSPI,,196900,1,2200,1.13,197200,200500,195100,207961,40974588200,29535000000000,150000000,STK,ME005
316140,KR7316140003,우리금융지주,KOSPI,,35900,2,-450,-1.24,36350,36600,35650,768842,27683294550,26450637396300,736786557,STK,ME005
298040,KR7298040007,효성중공업,KOSPI,,2780000,1,91000,3.38,2720000,2790000,2690000,17014,46842299000,25922243440000,9324548,STK,ME005
005490,KR7005490008,POSCO홀딩스,KOSPI,,326500,2,-5500,-1.66,328500,334000,325000,74541,24526650250,25872358565500,79241527,STK,ME005
267260,KR7267260008,HD현대일렉트릭,KOSPI,,704000,1,4000,0.57,711000,719000,700000,43970,31114018000,25377183040000,36047135,STK,ME005
042660,KR7042660001,한화오션,KOSPI,,81600,2,-800,-0.97,82800,82900,81400,203726,16716641200,25003332950400,306413394,STK,ME005
009540,KR7009540006,HD한국조선해양,KOSPI,,337000,2,-2000,-0.59,339500,341500,333500,47302,15936989250,23850540092000,70773116,STK,ME005
010130,KR7010130003,고려아연,KOSPI,,1132000,2,-6000,-0.53,1133000,1140000,1120000,3423,3865630500,23628200908000,20872969,STK,ME005
096770,KR7096770003,SK이노베이션,KOSPI,,138000,2,-3700,-2.61,140300,142800,137200,270571,37860751100,23329284744000,169052788,STK,ME005
000150,KR7000150003,두산,KOSPI,,1343000,1,54000,4.19,1297000,1352000,1273000,33082,43785452000,21748320405000,16193835,STK,ME005
138040,KR7138040001,메리츠금융지주,KOSPI,,125400,2,-1100,-0.87,127700,127700,124000,89092,11188099750,20985348034200,167347273,STK,ME005
042700,KR7042700005,한미반도체,KOSPI,,219000,2,-3500,-1.57,220500,222500,215500,232203,50664578250,20873371800000,95312200,STK,ME005
015760,KR7015760002,한국전력,KOSPI,,31050,2,-300,-0.96,31500,31550,30800,516316,16046198725,19932984590850,641964077,STK,ME005
011200,KR7011200003,HMM,KOSPI,,20500,2,-150,-0.73,20700,20750,20400,331438,6794357075,19336378385000,943237970,STK,ME005
051910,KR7051910008,LG화학,KOSPI,,272000,1,500,0.18,268000,280000,267500,86458,23747959000,19201117296000,70592343,STK,ME005
017670,KR7017670001,SK텔레콤,KOSPI,,88200,1,200,0.23,88000,88300,86900,364298,31819109050,18944482674600,214790053,STK,ME005
010140,KR7010140002,삼성중공업,KOSPI,,20350,2,-350,-1.69,20750,20750,20350,802873,16469181725,17908000000000,880000000,STK,ME005
033780,KR7033780008,KT&G,KOSPI,,171800,1,1000,0.59,170800,171900,169000,44403,7567368000,17834636340800,103810456,STK,ME005
196170,KR7196170005,알테오젠,KOSDAQ GLOBAL,우량기업부,251500,2,-8500,-3.27,258000,260000,250500,175320,44392699250,17518265949500,69655133,KSQ,ME005
267250,KR7267250009,HD현대,KOSPI,,220500,2,-4500,-2.0,225000,225500,218000,58528,12955062500,17417975242500,78993085,STK,ME005
006800,KR7006800007,미래에셋증권,KOSPI,,31600,2,-450,-1.4,31850,32100,31450,340950,10815230150,17159465211600,543021051,STK,ME005
003550,KR7003550001,LG,KOSPI,,112300,2,-2000,-1.75,113300,114800,111400,124181,13997052600,16978862049200,151192004,STK,ME005
018260,KR7018260000,삼성에스디에스,KOSPI,,217000,2,-3500,-1.59,220000,220000,214500,52982,11463622500,16790982600000,77377800,STK,ME005
003670,KR7003670007,포스코퓨처엠,KOSPI,,187000,2,-2300,-1.22,187500,193900,185700,172787,32761852100,16632943140000,88946220,STK,ME005
010950,KR7010950004,S-Oil,KOSPI,,147100,2,-1600,-1.08,149900,150600,146600,105232,15582541400,16560928703200,112582792,STK,ME005
024110,KR7024110009,기업은행,KOSPI,,20250,2,-100,-0.49,20350,20450,20200,226202,4597307875,16147873847250,797425869,STK,ME005
086280,KR7086280005,현대글로비스,KOSPI,,203000,2,-1500,-0.73,203000,204500,200500,63254,12808291000,15225000000000,75000000,STK,ME005
035720,KR7035720002,카카오,KOSPI,,33750,2,-750,-2.17,34200,34350,33700,686029,23247390900,14951246726250,442999903,STK,ME005
079550,KR7079550000,LIG디펜스앤에어로스페이스,KOSPI,,669000,2,-2000,-0.3,667000,677000,662000,14813,9897090500,14718000000000,22000000,STK,ME005
000720,KR7000720003,현대건설,KOSPI,,124100,2,-4000,-3.12,127400,127500,123500,209357,26132206100,13819250436500,111355765,STK,ME005
030200,KR7030200000,KT,KOSPI,,53100,1,100,0.19,52900,53200,52600,51973,2748904550,13382351473500,252021685,STK,ME005
278470,KR7278470000,에이피알,KOSPI,,354500,2,-7000,-1.94,359000,359500,345000,140656,49283882250,13271825947500,37438155,STK,ME005
064350,KR7064350002,현대로템,KOSPI,,119800,2,-1600,-1.32,122000,122300,119200,82100,9894739100,13075246701400,109142293,STK,ME005
272210,KR7272210006,한화시스템,KOSPI,,69100,2,-600,-0.86,69900,70100,68600,125029,8659381100,13054329779900,188919389,STK,ME005
005830,KR7005830005,DB손해보험,KOSPI,,188900,1,200,0.11,190000,192000,187700,59928,11373611050,12373015926100,65500349,STK,ME005
047810,KR7047810007,한국항공우주,KOSPI,,126800,2,-2200,-1.71,129000,129100,125700,91000,11554784800,12359843567600,97475107,STK,ME005
011070,KR7011070000,LG이노텍,KOSPI,,508000,1,2000,0.4,503000,514000,503000,41499,21107768500,12022890356000,23667107,STK,ME005
086520,KR7086520004,에코프로,KOSDAQ GLOBAL,중견기업부,81700,2,-2700,-3.2,83200,84800,81500,220955,18290291250,11092911618400,135776152,KSQ,ME005
003490,KR7003490000,대한항공,KOSPI,,28950,2,-400,-1.36,29050,29300,28600,756909,21800604100,10659986630550,368220609,STK,ME005
078930,KR7078930005,GS,KOSPI,,112100,2,-3000,-2.61,114100,115000,111000,178921,20054325150,10413584989500,92895495,STK,ME005
071050,KR7071050009,한국금융지주,KOSPI,,186400,2,-4800,-2.51,190200,190200,185700,54046,10112846600,10387324908800,55725992,STK,ME005
443060,KR7443060009,HD현대마린솔루션,KOSPI,,231500,2,-500,-0.22,231000,239000,230000,28632,6693126500,10378945990000,44833460,STK,ME005
247540,KR7247540008,에코프로비엠,KOSDAQ GLOBAL,중견기업부,103500,2,-3500,-3.27,105000,107000,103100,117468,12278677900,10125449919000,97830434,KSQ,ME005
323410,KR7323410001,카카오뱅크,KOSPI,,21000,2,-150,-0.71,21150,21200,20750,289450,6053472200,10019529177000,477120437,STK,ME005
307950,KR7307950006,현대오토에버,KOSPI,,361000,2,-9000,-2.43,368000,370500,357500,17042,6174775500,9900057502000,27423982,STK,ME005
047050,KR7047050000,포스코인터내셔널,KOSPI,,56200,1,1300,2.37,55400,58200,55400,424936,24296390400,9886860685600,175922788,STK,ME005
028050,KR7028050003,삼성E&A,KOSPI,,50300,2,-500,-0.98,50400,50900,49900,515378,25978168125,9858800000000,196000000,STK,ME005
003230,KR7003230000,삼양식품,KOSPI,,1270000,2,-7000,-0.55,1270000,1279000,1244000,15063,18998114500,9566929050000,7533015,STK,ME005
006260,KR7006260004,LS,KOSPI,,303500,3,0,0.0,309000,310500,299500,35078,10667281250,9469200000000,31200000,STK,ME005
005940,KR7005940002,NH투자증권,KOSPI,,25550,2,-300,-1.16,25800,25850,25500,95562,2450697725,9433215982750,369206105,STK,ME005
259960,KR7259960003,크래프톤,KOSPI,,205000,2,-5500,-2.61,212000,212000,204500,16448,3398975000,9378328315000,45747943,STK,ME005
180640,KR7180640005,한진칼,KOSPI,,139300,1,1200,0.87,138200,140300,137300,17228,2385034800,9299984907500,66762275,STK,ME005
036930,KR7036930006,주성엔지니어링,KOSDAQ GLOBAL,우량기업부,195600,1,2800,1.45,194000,197400,189200,488971,93999990350,9091707267600,46481121,KSQ,ME005
090430,KR7090430000,아모레퍼시픽,KOSPI,,145100,1,1100,0.76,143500,146300,141700,62884,9056476250,8487299330900,58492759,STK,ME005
277810,KR7277810008,레인보우로보틱스,KOSDAQ,기술성장기업부,425500,2,-8000,-1.85,434500,436500,421500,24802,10544068250,8254639579000,19399858,KSQ,ME005
0126Z0,KR70126Z0002,삼성에피스홀딩스,KOSPI,,327500,2,-5500,-1.65,332000,333500,325500,9823,3219083750,8149198547500,24883049,STK,ME005
007660,KR7007660004,이수페타시스,KOSPI,,105400,1,800,0.76,104500,106400,103100,74100,7754919300,7737331682600,73409219,STK,ME005
021240,KR7021240007,코웨이,KOSPI,,107800,1,6300,6.21,102500,108500,102400,114714,12259957350,7628728522800,70767426,STK,ME005
016360,KR7016360000,삼성증권,KOSPI,,85400,2,-1500,-1.73,86300,86400,84700,84146,7182327900,7626220000000,89300000,STK,ME005
047040,KR7047040001,대우건설,KOSPI,,18485,2,-645,-3.37,19160,19340,18330,2048859,38406172625,7595627688430,410907638,STK,ME005
000880,KR7000880005,한화,KOSPI,,138800,1,1700,1.24,138000,140800,137500,41102,5715119700,7402050903600,53328897,STK,ME005
352820,KR7352820005,하이브,KOSPI,,170200,2,-2900,-1.68,172900,174700,170000,50055,8597628700,7336783487200,43106836,STK,ME005
000500,KR7000500009,가온전선,KOSPI,,244500,1,4500,1.88,258500,258500,242500,170800,42571325250,7280624911500,29777607,STK,ME005
161390,KR7161390000,한국타이어앤테크놀로지,KOSPI,,57800,2,-800,-1.37,58700,59000,57300,96788,5586400150,7159978988200,123875069,STK,ME005
039490,KR7039490008,키움증권,KOSPI,,266500,2,-2000,-0.74,269000,269500,264000,15775,4213291750,6989846214000,26228316,STK,ME005
064400,KR7064400005,LG씨엔에스,KOSPI,,70000,2,-1000,-1.41,71000,71000,69500,201131,14078181500,6782016360000,96885948,STK,ME005
128940,KR7128940004,한미약품,KOSPI,,502000,1,5500,1.11,503000,514000,495000,71792,36159758500,6431117482000,12810991,STK,ME005
009830,KR7009830001,한화솔루션,KOSPI,,28500,2,-50,-0.18,28650,29150,28250,420804,12054891325,6409437276000,224892536,STK,ME005
267270,KR7267270007,HD건설기계,KOSPI,,133700,2,-800,-0.59,133800,136300,133100,51501,6922238250,6350400508200,47497386,STK,ME005
032640,KR7032640005,LG유플러스,KOSPI,,14650,2,-200,-1.35,14860,14860,14650,310975,4575324525,6217866273800,424427732,STK,ME005
175330,KR7175330000,JB금융지주,KOSPI,,32750,1,550,1.71,32500,32850,32000,147532,4791491400,6108589736000,186521824,STK,ME005
326030,KR7326030004,SK바이오팜,KOSPI,,77900,2,-200,-0.26,78100,78500,77300,33718,2624729450,6100602175000,78313250,STK,ME005
005387,KR7005382007,현대차2우B,KOSPI,,171900,2,-1800,-1.04,173800,174700,170100,74231,12754042750,6010299567000,34963930,STK,ME005
062040,KR7062040001,산일전기,KOSPI,,193400,1,5900,3.15,189300,195700,188800,131485,25279594300,5926327190000,30642850,STK,ME005
241560,KR7241560002,두산밥캣,KOSPI,,59900,2,-100,-0.17,60300,60300,59500,30255,1808591600,5741778293500,95856065,STK,ME005
000100,KR7000100008,유한양행,KOSPI,,77700,2,-1600,-2.02,79200,79200,77600,69373,5417106900,5719946183700,73615781,STK,ME005
039030,KR7039030002,이오테크닉스,KOSDAQ,우량기업부,463500,1,17000,3.81,443500,465000,438500,39084,17540413000,5710111425000,12319550,KSQ,ME005
377300,KR7377300009,카카오페이,KOSPI,,40850,2,-4900,-10.71,43450,43500,40200,530905,21974319175,5527030408700,135300622,STK,ME005
001440,KR7001440007,대한전선,KOSPI,,27950,1,50,0.18,28450,28650,27750,526911,14784164575,5477993058200,195992596,STK,ME005
240810,KR7240810002,원익IPS,KOSDAQ GLOBAL,우량기업부,110100,1,1700,1.57,107600,110300,106000,181354,19542508850,5404137500100,49083901,KSQ,ME005
052690,KR7052690005,한전기술,KOSPI,,136800,2,-7000,-4.87,147500,147700,136000,410906,57492153700,5228496000000,38220000,STK,ME005
029780,KR7029780004,삼성카드,KOSPI,,44700,2,-550,-1.22,45200,45250,44600,33358,1495148300,5178892427700,115858891,STK,ME005
000990,KR7000990002,DB하이텍,KOSPI,,118900,1,2200,1.89,120300,122300,115500,418734,50025924800,5172695513200,43504588,STK,ME005
088350,KR7088350004,한화생명,KOSPI,,5860,2,-110,-1.84,5970,6000,5850,768806,4549464995,5089585800000,868530000,STK,ME005
138930,KR7138930003,BNK금융지주,KOSPI,,16160,1,120,0.75,16050,16340,16020,205816,3323105210,4958530376160,306839751,STK,ME005
058470,KR7058470006,리노공업,KOSDAQ GLOBAL,우량기업부,64600,1,300,0.47,64300,64700,63100,164211,10467741550,4923285510000,76211850,KSQ,ME005
353200,KR7353200009,대덕전자,KOSPI,,97600,1,900,0.93,97000,98200,95800,169898,16452968550,4823091880000,49416925,STK,ME005
222800,KR7222800005,심텍,KOSDAQ GLOBAL,중견기업부,125900,1,400,0.32,124900,127700,122200,143731,17959429700,4780955305200,37974228,KSQ,ME005
088980,KR7088980008,맥쿼리인프라,KOSPI,,9790,1,10,0.1,9780,9810,9760,181701,1778611420,4688646311470,478921993,STK,ME005
004020,KR7004020004,현대제철,KOSPI,,34800,2,-350,-1.0,35100,35800,34650,344409,12104554275,4643913318000,133445785,STK,ME005
108490,KR7108490004,로보티즈,KOSDAQ,기술성장기업부,311000,2,-13500,-4.16,322000,322000,306000,165973,51747658500,4561445708000,14667028,KSQ,ME005
051900,KR7051900009,LG생활건강,KOSPI,,301000,2,-1000,-0.33,303000,306500,296000,16842,5060132000,4507632423000,14975523,STK,ME005
066970,KR7066970005,엘앤에프,KOSPI,,110700,2,-4000,-3.49,113700,117300,110100,206278,23329302450,4503792083400,40684662,STK,ME005
271560,KR7271560005,오리온,KOSPI,,112400,2,-3600,-3.1,116100,116900,111600,110523,12555983850,4443035771200,39528788,STK,ME005
454910,KR7454910001,두산로보틱스,KOSPI,,68100,2,-1400,-2.01,69000,69200,67400,103605,7067501900,4414240638000,64819980,STK,ME005
036570,KR7036570000,NC,KOSPI,,201000,2,-3000,-1.47,205000,207500,200000,28829,5826048750,4330348422000,21544022,STK,ME005
403870,KR7403870009,HPSP,KOSDAQ GLOBAL,우량기업부,52500,1,600,1.16,51900,52800,51200,403956,20999031250,4320750000000,82300000,KSQ,ME005
011790,KR7011790003,SKC,KOSPI,,86000,2,-1300,-1.49,86500,87600,85500,33180,2872478800,4265453628000,49598298,STK,ME005
034220,KR7034220004,LG디스플레이,KOSPI,,8460,2,-150,-1.74,8600,8610,8430,1103901,9362992645,4230000000000,500000000,STK,ME005
028300,KR7028300002,HLB,KOSDAQ,중견기업부,31500,2,-950,-2.93,32850,32850,30900,235687,7440839000,4195744024500,133198223,KSQ,ME005
001450,KR7001450006,현대해상,KOSPI,,48700,2,-500,-1.02,49000,49500,48100,75636,3698465650,4151589775000,85248250,STK,ME005
005385,KR7005381009,현대차우,KOSPI,,172700,2,-2800,-1.6,176200,176200,172100,33793,5862647150,4030983792000,23340960,STK,ME005
002380,KR7002380004,KCC,KOSPI,,466000,2,-4000,-0.85,468500,472000,464000,5413,2526836750,4004289536000,8592896,STK,ME005
082740,KR7082740002,한화엔진,KOSPI,,47650,2,-150,-0.31,47900,48550,47050,192099,9195608225,3976256316300,83447142,STK,ME005
095340,KR7095340006,ISC,KOSDAQ,우량기업부,185000,1,3400,1.87,181100,185800,178000,32726,5929533250,3921455730000,21197058,KSQ,ME005
001040,KR7001040005,CJ,KOSPI,,130200,2,-1300,-0.99,131200,131300,129100,21940,2858046850,3798845139600,29176998,STK,ME005
010060,KR7010060002,OCI홀딩스,KOSPI,,201000,2,-2500,-1.23,203500,205000,199600,52756,10607735350,3752716632000,18670232,STK,ME005
000250,KR7000250001,삼천당제약,KOSDAQ,중견기업부,154100,2,-3400,-2.16,157000,157000,153800,21078,3259924150,3614796435200,23457472,KSQ,ME005
031980,KR7031980006,피에스케이홀딩스,KOSDAQ,우량기업부,164400,2,-2500,-1.5,158900,168800,145700,94374,15195245500,3544857738000,21562395,KSQ,ME005
161890,KR7161890009,한국콜마,KOSPI,,149100,1,4600,3.18,143900,149300,142000,122654,17949959250,3519516980700,23605077,STK,ME005
319660,KR7319660007,피에스케이,KOSDAQ,우량기업부,120400,1,2100,1.78,118400,120700,115200,69234,8135203150,3487592365600,28966714,KSQ,ME005
004170,KR7004170007,신세계,KOSPI,,365250,2,-2750,-0.75,369000,382000,365000,31332,11631790250,3449852360250,9445181,STK,ME005
008930,KR7008930000,한미사이언스,KOSPI,,50400,2,-1200,-2.33,51300,51600,49400,66857,3353619350,3446934120000,68391550,STK,ME005
375500,KR7375500006,DL이앤씨,KOSPI,,89000,2,-400,-0.45,88100,90400,88000,279038,25000958450,3443732447000,38693623,STK,ME005
018880,KR7018880005,한온시스템,KOSPI,,3355,2,-15,-0.45,3375,3400,3335,943071,3168191564,3443110861960,1026262552,STK,ME005
214450,KR7214450009,파마리서치,KOSDAQ GLOBAL,우량기업부,329000,2,-8000,-2.37,335500,335500,323500,57625,18836653000,3418194192000,10389648,KSQ,ME005
023530,KR7023530009,롯데쇼핑,KOSPI,,120200,1,4900,4.25,115500,122300,114700,85594,10310430050,3400308351000,28288755,STK,ME005
336260,KR7336260005,두산퓨얼셀,KOSPI,,51750,1,150,0.29,50800,51800,49550,436642,22068192650,3389300320500,65493726,STK,ME005
087010,KR7087010005,펩트론,KOSDAQ,기술성장기업부,143700,2,-7100,-4.71,148500,148800,142200,53186,7668589400,3350703195000,23317350,KSQ,ME005
103590,KR7103590006,일진전기,KOSPI,,69600,1,1200,1.75,69900,71900,69500,186273,13153526850,3318903144000,47685390,STK,ME005
036460,KR7036460004,한국가스공사,KOSPI,,35600,2,-1300,-3.52,36600,36600,35550,55125,1976600375,3286342800000,92313000,STK,ME005
022100,KR7022100002,포스코DX,KOSPI,,21150,2,-500,-2.31,21600,21700,21100,87861,1879073750,3215534518350,152034729,STK,ME005
111770,KR7111770004,영원무역,KOSPI,,72500,1,600,0.83,72500,73100,71600,12006,871316650,3212581430000,44311468,STK,ME005
192820,KR7192820009,코스맥스,KOSPI,,282500,1,9500,3.48,274000,285500,270000,39380,11026657000,3206236292500,11349509,STK,ME005
012750,KR7012750006,에스원,KOSPI,,83300,2,-900,-1.07,83600,85200,82800,12614,1051990800,3165331527400,37999178,STK,ME005
006360,KR7006360002,GS건설,KOSPI,,36800,2,-1000,-2.65,37750,38050,36600,471442,17501413525,3149398832000,85581490,STK,ME005
035250,KR7035250000,강원랜드,KOSPI,,14590,2,-140,-0.95,14730,14750,14540,86451,1262667800,3121391895000,213940500,STK,ME005
028670,KR7028670008,팬오션,KOSPI,,5790,1,110,1.94,5690,5870,5690,760907,4416490500,3095157474480,534569512,STK,ME005
011780,KR7011780004,금호석유화학,KOSPI,,122900,1,300,0.24,122700,125600,122500,26506,3285166600,3091835242500,25157325,STK,ME005
298380,KR7298380007,에이비엘바이오,KOSDAQ GLOBAL,기술성장기업부,55100,2,-4200,-7.08,56600,56800,54100,468991,25948919950,3084909211300,55987463,KSQ,ME005
084370,KR7084370006,유진테크,KOSDAQ,우량기업부,131300,1,2400,1.86,127700,131300,123800,44031,5554041250,3008876314600,22916042,KSQ,ME005
141080,KR7141080002,리가켐바이오,KOSDAQ GLOBAL,기술성장기업부,80600,2,-3100,-3.7,82900,83200,79700,119195,9616762100,2983765090800,37019418,KSQ,ME005
031210,KR7031210008,서울보증보험,KOSPI,,42450,2,-500,-1.16,43450,43450,42400,7729,329734525,2963926835100,69821598,STK,ME005
139130,KR7139130009,iM금융지주,KOSPI,,18330,1,30,0.16,18300,18420,18200,43944,804713730,2902801268640,158363408,STK,ME005
064760,KR7064760002,티씨케이,KOSDAQ GLOBAL,우량기업부,259000,2,-500,-0.19,260000,263500,254500,21217,5473756000,2895468744000,11179416,KSQ,ME005
440110,KR7440110005,파두,KOSDAQ,기술성장기업부,57600,2,-3900,-6.34,61500,62000,56800,209312,12276071300,2886395155200,50111027,KSQ,ME005
257720,KR7257720003,실리콘투,KOSDAQ,우량기업부,43800,1,150,0.34,43650,45150,42850,319784,14021985400,2872239837600,65576252,KSQ,ME005
011170,KR7011170008,롯데케미칼,KOSPI,,67000,1,2600,4.04,65200,68800,64500,146181,9831675900,2865953073000,42775419,STK,ME005
145020,KR7145020004,휴젤,KOSDAQ,우량기업부,228500,2,-7000,-2.97,232500,234500,227500,8874,2036004250,2859717030500,12515173,KSQ,ME005
251270,KR7251270005,넷마블,KOSPI,,34350,2,-800,-2.28,35100,35150,34200,53072,1829070200,2856491898750,83158425,STK,ME005
017800,KR7017800004,현대엘리베이터,KOSPI,,73000,2,-100,-0.14,73400,73500,72600,15537,1133012000,2853744105000,39092385,STK,ME005
302440,KR7302440003,SK바이오사이언스,KOSPI,,36200,2,-550,-1.5,36350,36800,35850,24158,873464675,2840127218600,78456553,STK,ME005
097950,KR7097950000,CJ제일제당,KOSPI,,178000,2,-200,-0.11,178800,179400,177500,17866,3182581650,2679645108000,15054186,STK,ME005
003690,KR7003690005,코리안리,KOSPI,,15100,1,80,0.53,15160,15230,15020,43873,663545420,2668487568100,176721031,STK,ME005
007340,KR7007340003,DN오토모티브,KOSPI,,45600,3,0,0.0,45200,45850,44800,20071,910926975,2668095444000,58510865,STK,ME005
131290,KR7131290009,티에스이,KOSDAQ,우량기업부,241000,2,-500,-0.21,237000,241500,231000,35771,8485636000,2665804389000,11061429,KSQ,ME005
004800,KR7004800009,효성,KOSPI,,157100,1,3400,2.21,153900,157900,152100,8151,1269253100,2629917939700,16740407,STK,ME005
085620,KR7085620003,미래에셋생명,KOSPI,,19280,3,0,0.0,19590,19590,19060,21539,414580770,2606270400000,135180000,STK,ME005
310210,KR7310210000,보로노이,KOSDAQ,기술성장기업부,140100,2,-1400,-0.99,139600,140800,129600,49947,6840838600,2595149074800,18523548,KSQ,ME005
383220,KR7383220001,F&F,KOSPI,,67200,2,-100,-0.15,67300,67900,66600,9336,627601950,2574235440000,38307075,STK,ME005
357780,KR7357780006,솔브레인,KOSDAQ GLOBAL,우량기업부,327500,1,2500,0.77,319000,329000,319000,5385,1745412500,2547480365000,7778566,KSQ,ME005
026960,KR7026960005,동서,KOSPI,,25450,3,0,0.0,25400,25500,25200,18376,465701575,2537365000000,99700000,STK,ME005
010170,KR7010170009,대한광통신,KOSDAQ,중견기업부,16200,1,2060,14.57,14420,16500,14300,29835333,459775111910,2518867692000,155485660,KSQ,ME005
095610,KR7095610002,테스,KOSDAQ GLOBAL,우량기업부,129100,2,-600,-0.46,130000,130400,126900,53991,6929415500,2499376000000,19360000,KSQ,ME005
004990,KR7004990008,롯데지주,KOSPI,,25050,1,100,0.4,24950,25300,24750,74562,1870648625,2496577588800,99663776,STK,ME005
450080,KR7450080007,에코프로머티,KOSPI,,35150,2,-850,-2.36,35300,36300,34900,96161,3422828800,2489107530500,70813870,STK,ME005
009420,KR7009420001,한올바이오파마,KOSPI,,47350,2,-1250,-2.57,48650,48650,47050,92059,4376636700,2473594209300,52240638,STK,ME005
282330,KR7282330000,BGF리테일,KOSPI,,141900,1,100,0.07,143500,144000,140500,12335,1753965900,2452586261400,17283906,STK,ME005
004370,KR7004370003,농심,KOSPI,,400500,2,-8000,-1.96,408000,408000,397000,8283,3327599750,2436098121000,6082642,STK,ME005
226950,KR7226950004,올릭스,KOSDAQ GLOBAL,기술성장기업부,106600,2,-1700,-1.57,107300,107300,101700,113485,11855438550,2425207457400,22750539,KSQ,ME005
005440,KR7005440003,현대지에프홀딩스,KOSPI,,13140,2,-420,-3.1,13550,13700,13070,128057,1714112860,2409839194860,183397199,STK,ME005
080220,KR7080220007,제주반도체,KOSDAQ,우량기업부,69100,1,300,0.44,68800,70200,68400,226993,15719249300,2379999760300,34442833,KSQ,ME005
001720,KR7001720002,신영증권,KOSPI,,143900,2,-2300,-1.57,145900,146300,143800,1586,229807200,2365716000000,16440000,STK,ME005
319400,KR7319400008,현대무벡스,KOSDAQ,우량기업부,21150,2,-300,-1.4,21400,21400,20900,176597,3731495625,2355603224850,111376039,KSQ,ME005
005850,KR7005850003,에스엘,KOSPI,,50000,2,-700,-1.38,50700,50700,49700,26950,1345716050,2322426000000,46448520,STK,ME005
204320,KR7204320006,HL만도,KOSPI,,48650,1,50,0.1,48600,48700,47750,95946,4620324375,2284463888000,46957120,STK,ME005
000240,KR7000240002,한국앤컴퍼니,KOSPI,,24050,2,-150,-0.62,24250,24250,23950,14977,360539800,2283192522000,94935240,STK,ME005
178320,KR7178320008,서진시스템,KOSDAQ,중견기업부,35650,1,50,0.14,35600,36950,35150,320570,11544880350,2271742382850,63723489,KSQ,ME005
279570,KR7279570006,케이뱅크,KOSPI,,5580,2,-40,-0.71,5580,5610,5560,164788,919774590,2263778942580,405695151,STK,ME005
014680,KR7014680003,한솔케미칼,KOSPI,,209000,1,6000,2.96,203000,211500,200000,21775,4522252500,2255953524000,10794036,STK,ME005
067310,KR7067310003,하나마이크론,KOSDAQ,중견기업부,33750,1,200,0.6,33800,34100,33300,224436,7558863800,2244066828750,66490869,KSQ,ME005
032820,KR7032820003,우리기술,KOSDAQ,벤처기업부,12900,2,-310,-2.35,13380,13460,12800,1879763,24400008760,2228921494800,172784612,KSQ,ME005
489790,KR7489790006,한화비전,KOSPI,,44100,2,-350,-0.79,44300,44700,43650,26267,1156783850,2226537999000,50488390,STK,ME005
018670,KR7018670000,SK가스,KOSPI,,239500,2,-500,-0.21,241000,242500,239000,1540,371257500,2219983938000,9269244,STK,ME005
112610,KR7112610001,씨에스윈드,KOSPI,,52500,2,-500,-0.94,53000,53000,51900,90788,4758113450,2213998657500,42171403,STK,ME005
214370,KR7214370009,케어젠,KOSDAQ,벤처기업부,41050,2,-300,-0.73,41350,41350,40300,17543,714155050,2205000750000,53715000,KSQ,ME005
140410,KR7140410002,메지온,KOSDAQ,투자주의환기종목(소속부없음),71400,2,-1700,-2.33,73200,74300,71200,24914,1803807650,2186387523600,30621674,KSQ,ME005
263750,KR7263750002,펄어비스,KOSDAQ,우량기업부,34750,2,-950,-2.66,35600,35650,34450,103579,3608546350,2183825872500,62843910,KSQ,ME005
009970,KR7009970005,영원무역홀딩스,KOSPI,,167100,2,-1400,-0.83,169600,169600,165500,2194,365613600,2164582820700,12953817,STK,ME005
058610,KR7058610007,에스피지,KOSDAQ,우량기업부,97500,2,-5300,-5.16,101000,101000,96600,235749,23213654850,2162292600000,22177360,KSQ,ME005
103140,KR7103140000,풍산,KOSPI,,76500,1,400,0.53,76600,76900,75800,26762,2043851500,2143857267000,28024278,STK,ME005
069960,KR7069960003,현대백화점,KOSPI,,99200,1,1000,1.02,98000,100500,97200,49786,4923952800,2139239270400,21564912,STK,ME005
051600,KR7051600005,한전KPS,KOSPI,,46600,2,-1000,-2.1,47800,47800,46450,54049,2535800725,2097000000000,45000000,STK,ME005
214150,KR7214150005,클래시스,KOSDAQ GLOBAL,우량기업부,32000,1,400,1.27,31700,32200,31350,61126,1941921450,2087541088000,65235659,KSQ,ME005
081660,KR7081660003,미스토홀딩스,KOSPI,,39050,2,-50,-0.13,39100,39450,38750,21920,858150050,2073236352000,53091840,STK,ME005
347850,KR7347850000,디앤디파마텍,KOSDAQ,기술성장기업부,45200,2,-1450,-3.11,46350,46350,44000,169473,7669696400,2071859926800,45837609,KSQ,ME005
020150,KR7020150009,롯데에너지머티리얼즈,KOSPI,,39000,2,-1100,-2.74,39650,40400,38650,62545,2464471225,2042253057000,52365463,STK,ME005
139480,KR7139480008,이마트,KOSPI,,74000,2,-200,-0.27,74200,75600,73600,37794,2821032100,2042090606000,27595819,STK,ME005
007070,KR7007070006,GS리테일,KOSPI,,24250,2,-200,-0.82,24500,24700,24100,45566,1111217975,2027479813750,83607415,STK,ME005
073240,KR7073240004,금호타이어,KOSPI,,7050,2,-30,-0.42,7090,7170,7020,326419,2308254035,2025185023350,287260287,STK,ME005
030000,KR7030000004,제일기획,KOSPI,,17580,2,-1210,-6.44,18600,18600,17580,694107,12463144445,2022424735500,115041225,STK,ME005
005290,KR7005290002,동진쎄미켐,KOSDAQ,우량기업부,39600,2,-100,-0.25,39650,39750,39100,53934,2122386200,2018416989600,50970126,KSQ,ME005
002790,KR7002790004,아모레퍼시픽홀딩스,KOSPI,,26200,2,-100,-0.38,26150,26700,25950,33053,866164450,2003204316000,76458180,STK,ME005
483650,KR7483650008,달바글로벌,KOSPI,,159100,2,-4000,-2.45,162500,163400,157500,73920,11783342050,1992873076500,12525915,STK,ME005
041510,KR7041510009,에스엠,KOSDAQ GLOBAL,우량기업부,86400,2,-1100,-1.26,86700,91000,86300,61064,5395969650,1978101216000,22894690,KSQ,ME005
457190,KR7457190007,이수스페셜티케미컬,KOSPI,,64200,2,-800,-1.23,65000,65300,63600,32046,2062293650,1940051582400,30218872,STK,ME005
083650,KR7083650002,비에이치아이,KOSDAQ,우량기업부,62600,2,-2600,-3.99,65400,65400,62200,199086,12596465050,1937117875000,30944375,KSQ,ME005
030530,KR7030530000,원익홀딩스,KOSDAQ,중견기업부,24750,2,-300,-1.2,25100,26000,24300,1769738,44517415400,1911640029750,77237981,KSQ,ME005
462870,KR7462870007,시프트업,KOSPI,,31950,2,-200,-0.62,31900,31950,31400,10385,328889600,1876803385500,58741890,STK,ME005
237690,KR7237690003,에스티팜,KOSDAQ GLOBAL,우량기업부,88600,2,-900,-1.01,89000,89600,88100,22700,2013713650,1849670126800,20876638,KSQ,ME005
098460,KR7098460009,고영,KOSDAQ,우량기업부,26850,2,-650,-2.36,27400,27450,26700,213742,5754911100,1831283119050,68204213,KSQ,ME005
229640,KR7229640008,LS에코에너지,KOSPI,,57400,1,7550,15.15,60400,61600,56600,616966,36218412750,1757868054600,30624879,STK,ME005
000155,KR7000151001,두산우,KOSPI,,439500,1,10000,2.33,430000,446500,424000,1981,864000000,1756445049000,3996462,STK,ME005
181710,KR7181710005,NHN,KOSPI,,53300,2,-2100,-3.79,55000,55100,53000,94877,5091978550,1745742308700,32753139,STK,ME005
140860,KR7140860008,파크시스템스,KOSDAQ GLOBAL,우량기업부,248500,2,-6000,-2.36,254500,254500,248000,4195,1049999500,1740113546500,7002469,KSQ,ME005
439260,KR7439260001,대한조선,KOSPI,,45650,2,-350,-0.76,46100,46100,45500,10259,469925200,1738750524500,38088730,STK,ME005
089860,KR7089860001,롯데렌탈,KOSPI,,47650,2,-750,-1.55,47750,48400,47250,47260,2248895425,1730142338200,36309388,STK,ME005
068760,KR7068760008,셀트리온제약,KOSDAQ,우량기업부,38900,2,-350,-0.89,39300,39450,38900,19151,748269175,1727250714800,44402332,KSQ,ME005
023590,KR7023590003,다우기술,KOSPI,,39650,2,-500,-1.25,40100,40100,39500,17829,708538925,1716341920800,43287312,STK,ME005
060370,KR7060370004,LS마린솔루션,KOSDAQ,우량기업부,32450,3,0,0.0,33250,33300,32100,80034,2614175650,1695150812300,52238854,KSQ,ME005
475150,KR7475150009,SK이터닉스,KOSPI,,48950,2,-950,-1.9,50200,50400,48200,393532,19335047575,1667579845800,34067004,STK,ME005
089030,KR7089030001,테크윙,KOSDAQ,중견기업부,44850,1,750,1.7,44100,45650,42900,199721,8798382150,1661855978250,37053645,KSQ,ME005
071970,KR7071970008,HD현대마린엔진,KOSPI,,48800,2,-950,-1.91,49750,50000,48500,88237,4336989225,1655368956000,33921495,STK,ME005
000120,KR7000120006,CJ대한통운,KOSPI,,71500,2,-200,-0.28,72000,72100,71200,11172,798840650,1631082596000,22812344,STK,ME005
120110,KR7120110002,코오롱인더,KOSPI,,54100,1,400,0.74,54100,55200,53600,29764,1624349750,1620080331200,29946032,STK,ME005
012630,KR7012630000,HDC,KOSPI,,27000,2,-950,-3.4,27600,28000,26950,33637,915639925,1613026467000,59741721,STK,ME005
001120,KR7001120005,LX인터내셔널,KOSPI,,41450,1,1650,4.15,40050,42000,39850,89254,3696156075,1606602000000,38760000,STK,ME005
294870,KR7294870001,IPARK현대산업개발,KOSPI,,24300,2,-200,-0.82,24600,24800,24300,71433,1756953425,1601548119000,65907330,STK,ME005
006040,KR7006040000,동원산업,KOSPI,,36250,2,-400,-1.09,37250,37300,36200,7426,270543400,1600104688750,44140819,STK,ME005
008770,KR7008770000,호텔신라,KOSPI,,40650,2,-150,-0.37,40700,40850,40300,80071,3246848450,1595436118650,39248121,STK,ME005
020560,KR7020560009,아시아나항공,KOSPI,,7730,2,-150,-1.9,7830,7830,7670,19606,151650805,1592308196030,205990711,STK,ME005
007390,KR7007390008,네이처셀,KOSDAQ,중견기업부,24650,2,-200,-0.8,24700,24950,24500,48803,1208199375,1588324130400,64435056,KSQ,ME005
437730,KR7437730005,삼현,KOSDAQ,기술성장기업부,49400,2,-3300,-6.26,51300,51600,49000,476194,23873645875,1566353809800,31707567,KSQ,ME005
093370,KR7093370005,후성,KOSPI,,14530,2,-250,-1.69,14500,15410,14050,3520654,51755292930,1558419944900,107255330,STK,ME005
395400,KR7395400005,SK리츠,KOSPI,,5160,2,-120,-2.27,5280,5280,5150,88448,459480960,1553250919200,301017620,STK,ME005
001430,KR7001430008,세아베스틸지주,KOSPI,,42400,2,-850,-1.97,43600,43700,41800,63536,2719549800,1520553845600,35862119,STK,ME005
096530,KR7096530001,씨젠,KOSDAQ GLOBAL,우량기업부,32250,3,0,0.0,32100,32550,31850,60907,1968317950,1507184464500,46734402,KSQ,ME005
011210,KR7011210002,현대위아,KOSPI,,54900,2,-1000,-1.79,56000,56200,54700,20047,1106773950,1493010056700,27195083,STK,ME005
001820,KR7001820000,삼화콘덴서,KOSPI,,142100,2,-400,-0.28,142500,146900,139500,396713,56919718250,1477129500000,10395000,STK,ME005
001800,KR7001800002,오리온홀딩스,KOSPI,,24300,2,-150,-0.61,24650,24650,24150,18054,439986475,1461806643600,60156652,STK,ME005
036540,KR7036540003,SFA반도체,KOSDAQ,중견기업부,8880,1,280,3.26,8470,8990,8150,5474152,47229905140,1460407490640,164460303,KSQ,ME005
131970,KR7131970006,두산테스나,KOSDAQ GLOBAL,우량기업부,74500,1,100,0.13,74000,74700,72200,107231,7850983150,1439879231000,19327238,KSQ,ME005
241710,KR7241710003,코스메카코리아,KOSDAQ GLOBAL,우량기업부,134700,1,8100,6.4,125800,135500,124000,51663,6782640800,1438596000000,10680000,KSQ,ME005
0009K0,KR70009K0001,에임드바이오,KOSDAQ,기술성장기업부,22100,2,-500,-2.21,22350,22550,22000,25567,566164525,1436337808100,64992661,KSQ,ME005
006280,KR7006280002,녹십자,KOSPI,,122300,2,-2600,-2.08,126000,126300,122200,8669,1065546250,1429263597400,11686538,STK,ME005
298020,KR7298020009,효성티앤씨,KOSPI,,324000,2,-1000,-0.31,325000,330500,320000,4162,1352648000,1402168968000,4327682,STK,ME005
009155,KR7009151002,삼성전기우,KOSPI,,478500,2,-1500,-0.31,476000,483000,475000,5495,2631117750,1390991844000,2906984,STK,ME005
218410,KR7218410009,RFHIC,KOSDAQ,우량기업부,51800,1,2450,4.96,52000,54100,51200,750151,39389059150,1376607895600,26575442,KSQ,ME005
035900,KR7035900000,JYP Ent.,KOSDAQ GLOBAL,우량기업부,38700,2,-450,-1.15,38850,39400,38700,43982,1713039775,1375107440400,35532492,KSQ,ME005
005070,KR7005070008,코스모신소재,KOSPI,,41250,3,0,0.0,40900,43550,40500,90781,3830794975,1370101053750,33214571,STK,ME005
281820,KR7281820001,케이씨텍,KOSPI,,68600,2,-300,-0.44,68800,68900,66600,62872,4256481700,1358188144600,19798661,STK,ME005
323280,KR7323280008,태성,KOSDAQ,중견기업부,44450,1,50,0.11,44200,45300,44200,70756,3149697075,1357413211000,30537980,KSQ,ME005
183300,KR7183300003,코미코,KOSDAQ,우량기업부,26400,1,450,1.73,26150,26600,25250,98659,2540865175,1355990460000,51363275,KSQ,ME005
097230,KR7097230007,HJ중공업,KOSPI,,14980,2,-190,-1.25,15170,15200,14950,112005,1682667910,1352624253120,90295344,STK,ME005
950160,KR8840120008,코오롱티슈진,KOSDAQ,외국기업(소속부없음),15880,2,-210,-1.31,16110,16170,15760,253045,4021007280,1349326140800,84970160,KSQ,ME005
078600,KR7078600004,대주전자재료,KOSDAQ,우량기업부,85900,2,-700,-0.81,87400,88000,85400,38486,3331092150,1348985454200,15704138,KSQ,ME005
322000,KR7322000001,HD현대에너지솔루션,KOSPI,,120100,2,-3300,-2.67,124700,124700,119100,94317,11426579050,1345120000000,11200000,STK,ME005
043260,KR7043260009,성호전자,KOSDAQ,우량기업부,18260,1,1450,8.63,17040,18850,16810,3782469,68745038045,1340896659520,73433552,KSQ,ME005
00680K,KR700680K019,미래에셋증권2우B,KOSPI,,10350,2,-70,-0.67,10420,10420,10190,58192,600365080,1317256402500,127271150,STK,ME005
039200,KR7039200001,오스코텍,KOSDAQ,벤처기업부,34250,2,-350,-1.01,34350,34600,33950,16044,548937100,1310342528000,38258176,KSQ,ME005
361610,KR7361610009,SK아이이테크놀로지,KOSPI,,15960,2,-590,-3.56,16400,16530,15900,139358,2252203875,1305322116000,81787100,STK,ME005
089970,KR7089970008,브이엠,KOSDAQ,우량기업부,49150,1,250,0.51,49000,49450,47750,140035,6812830800,1293960499750,26326765,KSQ,ME005
007310,KR7007310006,오뚜기,KOSPI,,321500,2,-2000,-0.62,325500,326000,319000,890,285869250,1288517345000,4007830,STK,ME005
415640,KR7415640002,KB발해인프라,KOSPI,,10420,2,-180,-1.7,10710,10710,10380,60477,630100365,1276924610160,122545548,STK,ME005
003540,KR7003540002,대신증권,KOSPI,,26600,2,-400,-1.48,27000,27000,26550,14463,386922450,1267918951600,47666126,STK,ME005
001740,KR7001740000,SK네트웍스,KOSPI,,6310,1,10,0.16,6250,6370,6240,165700,1043841520,1265747439590,200593889,STK,ME005
069620,KR7069620003,대웅제약,KOSPI,,108300,2,-1500,-1.37,110800,111000,107500,7368,798136900,1254826072500,11586575,STK,ME005
003380,KR7003380003,하림지주,KOSDAQ GLOBAL,우량기업부,11140,2,-100,-0.89,11190,11300,11070,80081,893264095,1247742617940,112005621,KSQ,ME005
082920,KR7082920000,비츠로셀,KOSDAQ GLOBAL,우량기업부,27600,1,900,3.37,26950,28150,26700,109554,3021417750,1245849565200,45139477,KSQ,ME005
420770,KR7420770000,기가비스,KOSDAQ,우량기업부,98100,2,-600,-0.61,98800,100300,97000,26237,2582521600,1243491859800,12675758,KSQ,ME005
000815,KR7000811000,삼성화재우,KOSPI,,409500,2,-2500,-0.61,412000,414000,408000,2489,1019896250,1231374690000,3007020,STK,ME005
290650,KR7290650001,엘앤씨바이오,KOSDAQ,우량기업부,45350,2,-1800,-3.82,47300,47300,45300,38489,1768709500,1223076076400,26969704,KSQ,ME005
192080,KR7192080000,더블유게임즈,KOSPI,,57500,2,-500,-0.86,58000,58600,57300,15473,895186700,1217474410000,21173468,STK,ME005
280360,KR7280360009,롯데웰푸드,KOSPI,,132100,2,-4300,-3.15,135000,135800,130400,9316,1236919250,1215924225400,9204574,STK,ME005
204270,KR7204270003,제이앤티씨,KOSDAQ,중견기업부,20850,2,-450,-2.11,21400,21650,20500,296989,6199386350,1206140516100,57848466,KSQ,ME005
007810,KR7007810005,코리아써키트,KOSPI,,49450,2,-50,-0.1,49700,49700,48650,62052,3043397575,1185940559000,23982620,STK,ME005
300720,KR7300720000,한일시멘트,KOSPI,,16120,2,-230,-1.41,16280,16430,16100,16444,267135440,1185548769080,73545209,STK,ME005
127120,KR7127120004,제이에스링크,KOSDAQ,벤처기업부,31850,1,1550,5.12,30250,32300,29400,97371,3012423250,1180506458950,37064567,KSQ,ME005
066575,KR7066571001,LG전자우,KOSPI,,68100,2,-700,-1.02,68700,68700,67500,21921,1491516050,1170046461900,17181299,STK,ME005
004000,KR7004000006,롯데정밀화학,KOSPI,,45200,2,-200,-0.44,45350,46550,45050,22156,1013690300,1166160000000,25800000,STK,ME005
030610,KR7030610000,교보증권,KOSPI,,10080,2,-220,-2.14,10240,10300,10080,7821,79327190,1148746646880,113962961,STK,ME005
330590,KR7330590001,롯데리츠,KOSPI,,3965,1,15,0.38,3975,3990,3760,181038,716791853,1145761625060,288968884,STK,ME005
000210,KR7000210005,DL,KOSPI,,54400,1,900,1.68,53000,55600,52500,39131,2151463250,1140000089600,20955884,STK,ME005
195940,KR7195940002,HK이노엔,KOSDAQ GLOBAL,우량기업부,39050,2,-400,-1.01,39400,39450,38950,29874,1170187700,1106282243550,28329891,KSQ,ME005
017960,KR7017960006,한국카본,KOSPI,,21000,2,-150,-0.71,21150,21150,20600,54796,1148627450,1085206206000,51676486,STK,ME005
475830,KR7475830006,오름테라퓨틱,KOSDAQ,기술성장기업부,49200,2,-1300,-2.57,49500,49500,48400,15612,763673150,1068603828000,21719590,KSQ,ME005
000080,KR7000080002,하이트진로,KOSPI,,15040,2,-80,-0.53,15060,15150,15000,22822,343367100,1054809509440,70133611,STK,ME005
496320,KR7496320003,본시스템즈,KONEX,일반기업부,1023000,3,0,0.0,0,0,0,0,0,1039340379000,1015973,KNX,ME005
347700,KR7347700007,스피어,KOSDAQ,기술성장기업부,20150,1,150,0.75,20000,20900,19770,358070,7235621530,1038759944300,51551362,KSQ,ME005
293490,KR7293490009,카카오게임즈,KOSDAQ GLOBAL,중견기업부,9620,2,-260,-2.63,9910,9910,9490,120465,1157678470,1026889449300,106745265,KSQ,ME005
003240,KR7003240009,태광산업,KOSPI,,911000,1,4000,0.44,904000,915000,903000,139,126189000,1014307400000,1113400,STK,ME005
252990,KR7252990007,샘씨엔에스,KOSDAQ,우량기업부,16790,1,480,2.94,16270,16840,15810,267922,4381584170,1011058356310,60217889,KSQ,ME005
166090,KR7166090001,하나머티리얼즈,KOSDAQ,우량기업부,50900,2,-1600,-3.05,52500,52500,50700,40654,2080717050,1006683606600,19777674,KSQ,ME005
006340,KR7006340004,대원전선,KOSPI,,12770,1,50,0.39,13120,13260,12770,930567,12099690505,1001352092320,78414416,STK,ME005
056190,KR7056190002,SFA,KOSDAQ GLOBAL,우량기업부,27200,2,-1600,-5.56,28400,28950,27200,103376,2891365350,976718272000,35908760,KSQ,ME005
003530,KR7003530003,한화투자증권,KOSPI,,4540,2,-205,-4.32,4630,4690,4525,1036026,4765227135,974046898500,214547775,STK,ME005
006120,KR7006120000,SK디스커버리,KOSPI,,55700,2,-1200,-2.11,57400,57800,55300,6798,379055200,969945930700,17413751,STK,ME005
000370,KR7000370007,한화손해보험,KOSPI,,8170,2,-150,-1.8,8330,8380,8160,117580,970654605,953756935550,116738915,STK,ME005
192400,KR7192400000,쿠쿠홀딩스,KOSPI,,26800,2,-200,-0.74,27150,27150,26800,2207,59294850,953066558000,35562185,STK,ME005
232140,KR7232140004,와이씨,KOSDAQ,우량기업부,11560,2,-120,-1.03,11680,11800,11350,402913,4646638370,948444246000,82045350,KSQ,ME005
030190,KR7030190003,NICE평가정보,KOSPI,,16160,1,70,0.44,16200,16240,16090,12595,203492880,941622854560,58268741,STK,ME005
451800,KR7451800007,한화리츠,KOSPI,,5230,2,-60,-1.13,5280,5290,5160,25638,133531350,939308000000,179600000,STK,ME005
086450,KR7086450004,동국제약,KOSDAQ GLOBAL,우량기업부,20750,1,450,2.22,20250,21150,20000,184878,3812864450,938531215000,45230420,KSQ,ME005
285130,KR7285130001,SK케미칼,KOSPI,,54100,2,-100,-0.18,54100,54800,53900,8138,441378500,935863240600,17298766,STK,ME005
195870,KR7195870001,해성디에스,KOSPI,,54900,1,6700,13.9,48550,56000,48450,350626,18737239150,933300000000,17000000,STK,ME005
032350,KR7032350001,롯데관광개발,KOSPI,,11700,1,20,0.17,11670,11800,11430,74455,866558380,932787858600,79725458,STK,ME005
009240,KR7009240003,한샘,KOSPI,,39200,1,200,0.51,39100,39650,38850,9847,386012250,922529977600,23533928,STK,ME005
051915,KR7051911006,LG화학우,KOSPI,,119700,2,-900,-0.75,120100,122100,118300,11452,1372278000,920349360000,7688800,STK,ME005
003090,KR7003090008,대웅,KOSPI,,15800,2,-260,-1.62,16080,16180,15790,24816,393652540,918643284000,58141980,STK,ME005
077970,KR7077970002,STX엔진,KOSPI,,22750,2,-400,-1.73,23200,23250,22750,39115,895286075,913368433250,40148063,STK,ME005
034230,KR7034230003,파라다이스,KOSPI,,9790,2,-90,-0.91,9880,9880,9750,71803,702966100,906841649780,92629382,STK,ME005
003570,KR7003570009,SNT다이내믹스,KOSPI,,27050,2,-550,-1.99,27850,27850,27050,12826,349485550,899485453850,33252697,STK,ME005
079160,KR7079160008,CJ CGV,KOSPI,,5430,2,-160,-2.86,5600,5600,5410,153151,835488290,899114587710,165582797,STK,ME005
185750,KR7185750007,종근당,KOSPI,,65100,2,-800,-1.21,65600,66200,65100,4396,287417500,898560978000,13802780,STK,ME005
003470,KR7003470002,유안타증권,KOSPI,,4610,2,-130,-2.74,4735,4735,4600,119292,553051195,888255270220,192680102,STK,ME005
006110,KR7006110001,삼아알미늄,KOSPI,,58600,2,-400,-0.68,58000,61300,57600,40765,2415443400,886234463000,15123455,STK,ME005
458870,KR7458870003,씨어스,KOSDAQ,기술성장기업부,23100,2,-400,-1.7,23250,23300,22850,22241,512863650,885777862200,38345362,KSQ,ME005
005300,KR7005300009,롯데칠성,KOSPI,,95100,2,-1200,-1.25,96600,96700,94700,7866,749109200,882421868400,9278884,STK,ME005
356860,KR7356860007,티엘비,KOSDAQ,우량기업부,37200,2,-50,-0.13,37250,37500,36250,163301,6038328525,881686872000,23701260,KSQ,ME005
000670,KR7000670000,영풍,KOSPI,,47350,2,-3150,-6.24,49050,49300,46450,89194,4245608800,871745840050,18410683,STK,ME005
003160,KR7003160009,디아이,KOSPI,,30600,1,900,3.03,30000,30700,29550,109421,3316399725,865980000000,28300000,STK,ME005
100790,KR7100790005,미래에셋벤처투자,KOSDAQ,우량기업부,16230,1,210,1.31,16030,16420,15900,120762,1956837200,862146980940,53120578,KSQ,ME005
071320,KR7071320006,지역난방공사,KOSPI,,73900,2,-700,-0.94,75100,75100,73600,3480,256900300,855669181600,11578744,STK,ME005
071055,KR7071051007,한국금융지주우,KOSPI,,146000,2,-2100,-1.42,149000,149000,145800,4495,660670700,855304646000,5858251,STK,ME005
014620,KR7014620009,성광벤드,KOSDAQ GLOBAL,우량기업부,32150,2,-1450,-4.32,34200,34250,32100,70287,2308477275,853819252600,26557364,KSQ,ME005
009450,KR7009450008,경동나비엔,KOSPI,,58200,2,-1400,-2.35,59400,59700,58100,27025,1584968950,847892054400,14568592,STK,ME005
004490,KR7004490009,세방전지,KOSPI,,61100,1,300,0.49,60200,61600,60200,15295,934348300,846846000000,13860000,STK,ME005
065350,KR7065350001,신성델타테크,KOSDAQ,우량기업부,30800,2,-400,-1.28,30950,31350,30600,29759,921026050,846505598400,27483948,KSQ,ME005
035760,KR7035760008,CJ ENM,KOSDAQ GLOBAL,중견기업부,38600,1,600,1.58,37800,39400,37700,46600,1805820625,846465344400,21929154,KSQ,ME005
083450,KR7083450007,GST,KOSDAQ,우량기업부,45900,1,100,0.22,45250,46100,44600,34490,1560339625,845937000000,18430000,KSQ,ME005
101490,KR7101490001,에스앤에스텍,KOSDAQ GLOBAL,우량기업부,39650,1,50,0.13,39650,39850,39100,33588,1323217925,845927952350,21334879,KSQ,ME005
036830,KR7036830008,솔브레인홀딩스,KOSDAQ GLOBAL,우량기업부,41100,2,-550,-1.32,41100,42000,40550,8505,348269900,842713619100,20503981,KSQ,ME005
417200,KR7417200003,LS머트리얼즈,KOSDAQ,중견기업부,12420,1,220,1.8,12450,13920,12150,3248612,42054355165,840246024780,67652659,KSQ,ME005
122870,KR7122870009,와이지엔터테인먼트,KOSDAQ GLOBAL,우량기업부,44450,2,-150,-0.34,44550,45600,44250,52034,2337344750,830817128050,18691049,KSQ,ME005
115180,KR7115180002,큐리언트,KOSDAQ,벤처기업부,22050,1,200,0.92,21500,22100,21050,19378,418016150,827628029550,37534151,KSQ,ME005
327260,KR7327260006,RF머트리얼즈,KOSDAQ,벤처기업부,45700,1,450,0.99,46950,47450,44100,515857,23548965250,822089942300,17988839,KSQ,ME005
388720,KR7388720005,유일로보틱스,KOSDAQ,벤처기업부,68200,2,-1300,-1.87,68900,69800,67400,8349,566800150,803487729000,11781345,KSQ,ME005
445680,KR7445680002,큐리옥스바이오시스템즈,KOSDAQ,기술성장기업부,46550,2,-2550,-5.19,50000,51500,46300,80215,3885081900,801194719850,17211487,KSQ,ME005
005090,KR7005090006,SGC에너지,KOSPI,,55500,1,200,0.36,55000,55600,53600,28503,1546995500,799717981500,14409333,STK,ME005
099320,KR7099320004,쎄트렉아이,KOSDAQ,우량기업부,72900,1,700,0.97,73300,73400,71700,14704,1065244350,798348166200,10951278,KSQ,ME005
119850,KR7119850006,지엔씨에너지,KOSDAQ,우량기업부,48300,2,-150,-0.31,48700,49300,47200,191774,9178898075,794482304700,16448909,KSQ,ME005
005180,KR7005180005,빙그레,KOSPI,,85400,2,-1700,-1.95,86700,87300,80500,12280,1051083700,791575247400,9269031,STK,ME005
499790,KR7499790004,GS피앤엘,KOSPI,,39850,2,-200,-0.5,39950,40650,39500,4364,173842200,790259013850,19830841,STK,ME005
100840,KR7100840008,SNT에너지,KOSPI,,38150,1,1550,4.23,38600,38800,37650,157863,6033261625,788971871450,20680783,STK,ME005
041830,KR7041830001,인바디,KOSDAQ,우량기업부,58200,2,-100,-0.17,58600,58700,55800,16191,926133150,784587332400,13480882,KSQ,ME005
031330,KR7031330004,에스에이엠티,KOSDAQ,우량기업부,7820,1,10,0.13,7880,7890,7770,62266,486752315,781961423940,99995067,KSQ,ME005
365550,KR7365550003,ESR켄달스퀘어리츠,KOSPI,,3150,2,-5,-0.16,3150,3195,3100,67989,214309937,775180350000,246089000,STK,ME005
032190,KR7032190001,다우데이타,KOSDAQ,우량기업부,19890,2,-310,-1.53,20200,20200,19790,20359,405624230,761787000000,38300000,KSQ,ME005
225570,KR7225570001,넥슨게임즈,KOSDAQ,중견기업부,11540,2,-90,-0.77,11590,11620,11390,51623,592438805,760026407960,65860174,KSQ,ME005
213420,KR7213420003,덕산네오룩스,KOSDAQ,우량기업부,30550,2,-200,-0.65,30700,30850,30350,34351,1048629525,758592518450,24831179,KSQ,ME005
298050,KR7298050006,HS효성첨단소재,KOSPI,,169100,1,1100,0.65,168600,171400,167000,1495,251945600,757559206800,4479948,STK,ME005
003850,KR7003850005,보령,KOSPI,,8770,1,180,2.1,8660,9040,8650,139772,1241775825,752353805390,85787207,STK,ME005
032500,KR7032500001,케이엠더블유,KOSDAQ,중견기업부,17800,1,1730,10.77,18300,18300,17050,536607,9462324030,751012277800,42191701,KSQ,ME005
100090,KR7100090000,SK오션플랜트,KOSPI,,12010,2,-140,-1.15,12120,12240,11980,176297,2127898795,750362329290,62478129,STK,ME005
036530,KR7036530004,SNT홀딩스,KOSPI,,45950,2,-750,-1.61,46900,47250,45950,2770,127874575,749163561700,16303886,STK,ME005
090360,KR7090360009,로보스타,KOSDAQ,중견기업부,76800,2,-2400,-3.03,78700,78700,76000,40970,3162359100,748800000000,9750000,KSQ,ME005
044490,KR7044490001,태웅,KOSDAQ,우량기업부,37350,2,-1000,-2.61,38350,38650,37100,76196,2886518275,747275680350,20007381,KSQ,ME005
006730,KR7006730006,서부T&D,KOSDAQ GLOBAL,우량기업부,11610,1,400,3.57,11120,11790,11120,299488,3464414275,746255076030,64276923,KSQ,ME005
137310,KR7137310009,에스디바이오센서,KOSPI,,6160,2,-30,-0.48,6180,6180,6080,24259,148924695,743814468320,120749102,STK,ME005
950260,KR8840280000,인제니아테라퓨틱스(Reg.S),KOSDAQ,기술성장기업부,14970,2,-180,-1.19,15350,15600,14850,178697,2696277635,740185766790,49444607,KSQ,ME005
033100,KR7033100009,제룡전기,KOSDAQ GLOBAL,우량기업부,45900,1,200,0.44,46000,46400,45600,19238,883879875,737264573100,16062409,KSQ,ME005
038500,KR7038500005,삼표시멘트,KOSDAQ GLOBAL,우량기업부,6760,2,-30,-0.44,6790,6820,6690,65789,443976505,729514228560,107916306,KSQ,ME005
090710,KR7090710005,휴림로봇,KOSDAQ,중견기업부,6090,2,-50,-0.81,6240,6240,6020,363424,2212736465,728114486610,119559029,KSQ,ME005
214320,KR7214320004,이노션,KOSPI,,18200,2,-180,-0.98,18420,18490,18170,23177,423427980,728000000000,40000000,STK,ME005
094800,KR7094800000,맵스리얼티,KOSPI,,7830,1,140,1.82,7600,7840,7560,102160,791531160,726892811730,92834331,STK,ME005
085660,KR7085660009,차바이오텍,KOSDAQ,중견기업부,7780,2,-170,-2.14,7950,7960,7770,63468,495767765,723328741880,92972846,KSQ,ME005
161580,KR7161580006,필옵틱스,KOSDAQ,중견기업부,30800,2,-200,-0.65,31200,31450,30500,54032,1670679325,722021207600,23442247,KSQ,ME005
251970,KR7251970000,펌텍코리아,KOSDAQ GLOBAL,우량기업부,58200,1,500,0.87,56900,59500,56800,42739,2490528300,721680000000,12400000,KSQ,ME005
041960,KR7041960006,코미팜,KOSDAQ,벤처기업부,9650,2,-170,-1.73,9820,9840,9560,98103,952424335,720065639650,74618201,KSQ,ME005
160190,KR7160190005,하이젠알앤엠,KOSDAQ,중견기업부,23300,2,-1700,-6.8,24050,24200,22800,317329,7457616925,719690400000,30888000,KSQ,ME005
476830,KR7476830005,알지노믹스,KOSDAQ,기술성장기업부,25600,2,-1100,-4.12,26450,26450,25000,102405,2621688775,718219161600,28055436,KSQ,ME005
491000,KR7491000006,리브스메드,KOSDAQ,기술성장기업부,28250,2,-2300,-7.53,30050,30150,28050,220755,6341135875,713461405750,25255271,KSQ,ME005
053800,KR7053800009,안랩,KOSDAQ,우량기업부,63900,1,300,0.47,62700,64700,62100,35777,2275785250,710983733400,11126506,KSQ,ME005
171090,KR7171090004,선익시스템,KOSDAQ,우량기업부,69200,1,2300,3.44,68700,70000,66900,20268,1379635750,700831719200,10127626,KSQ,ME005
466100,KR7466100005,클로봇,KOSDAQ,기술성장기업부,22600,2,-450,-1.95,23200,23250,22550,117938,2694768950,699554501400,30953739,KSQ,ME005
189300,KR7189300007,인텔리안테크,KOSDAQ,우량기업부,65100,1,1500,2.36,64200,65500,63000,31063,1997093400,699011054700,10737497,KSQ,ME005
281740,KR7281740001,레이크머티리얼즈,KOSDAQ,우량기업부,10560,2,-320,-2.94,10880,10880,10500,85629,912927415,694114586880,65730548,KSQ,ME005
074600,KR7074600008,원익QnC,KOSDAQ,우량기업부,26300,3,0,0.0,26200,26400,25900,44172,1154563750,691374400000,26288000,KSQ,ME005
388210,KR7388210007,씨엠티엑스,KOSDAQ,벤처기업부,71100,1,1200,1.72,70400,71400,68500,14377,1002446300,686430541800,9654438,KSQ,ME005
064960,KR7064960008,SNT모티브,KOSPI,,25850,2,-250,-0.96,26350,26350,25800,14673,380604175,686066031200,26540272,STK,ME005
137400,KR7137400008,피엔티,KOSDAQ GLOBAL,우량기업부,28750,2,-800,-2.71,29400,29600,28700,38442,1117009925,681108430000,23690728,KSQ,ME005
006650,KR7006650006,대한유화,KOSPI,,104400,1,4300,4.3,100600,107400,100200,32938,3443081950,678600000000,6500000,STK,ME005
093320,KR7093320000,케이아이엔엑스,KOSDAQ,우량기업부,138000,2,-2700,-1.92,139000,139000,135500,3802,521967200,673440000000,4880000,KSQ,ME005
069260,KR7069260008,TKG휴켐스,KOSPI,,16390,1,40,0.24,16350,16410,16210,12203,199338980,670000057320,40878588,STK,ME005
268280,KR7268280005,미원에스씨,KOSPI,,133700,2,-5100,-3.67,134500,136500,133200,316,42596200,668500000000,5000000,STK,ME005
023160,KR7023160005,태광,KOSDAQ GLOBAL,우량기업부,25750,2,-1550,-5.68,27400,27400,25750,103171,2697396500,666081481500,25867242,KSQ,ME005
425420,KR7425420007,티에프이,KOSDAQ,우량기업부,53700,1,200,0.37,53500,54300,52600,17230,918516400,663043619700,12347181,KSQ,ME005
124500,KR7124500000,아이티센글로벌,KOSDAQ,우량기업부,28550,2,-1950,-6.39,28500,28650,27850,211557,5961946475,662489245850,23204527,KSQ,ME005
005880,KR7005880000,대한해운,KOSPI,,2045,1,15,0.74,2035,2050,2020,327110,666975706,660018310300,322747340,STK,ME005
476060,KR7476060009,온코닉테라퓨틱스,KOSDAQ,기술성장기업부,14510,2,-190,-1.29,14660,14740,14420,53389,776663850,658867758400,45407840,KSQ,ME005
093050,KR7093050003,LF,KOSPI,,22500,1,200,0.9,22000,22650,21900,9790,220171700,657900000000,29240000,STK,ME005
293940,KR7293940003,신한알파리츠,KOSPI,,5430,1,80,1.5,5390,5430,5340,23843,128922060,656704867890,120940123,STK,ME005
002960,KR7002960003,한국쉘석유,KOSPI,,505000,2,-4000,-0.79,510000,510000,504000,134,67850000,656500000000,1300000,STK,ME005
456040,KR7456040005,OCI,KOSPI,,73200,2,-1200,-1.61,74400,74400,72900,10291,754564250,655322634000,8952495,STK,ME005
048410,KR7048410005,현대바이오,KOSDAQ,중견기업부,6740,1,320,4.98,6420,6890,6300,942788,6286627440,650447555280,96505572,KSQ,ME005
295310,KR7295310007,에이치브이엠,KOSDAQ,기술성장기업부,52800,1,400,0.76,52600,54300,51300,57698,3068004750,650053324800,12311616,KSQ,ME005
005690,KR7005690003,파미셀,KOSPI,,10810,2,-50,-0.46,10820,10850,10620,168441,1809284130,648643391340,60004014,STK,ME005
059090,KR7059090001,미코,KOSDAQ,벤처기업부,19400,2,-320,-1.62,19730,19730,19130,73579,1427496370,648285493200,33416778,KSQ,ME005
253450,KR7253450001,스튜디오드래곤,KOSDAQ GLOBAL,우량기업부,21550,2,-400,-1.82,22000,22000,21500,10165,220765750,647760631900,30058498,KSQ,ME005
017940,KR7017940008,E1,KOSPI,,94200,2,-1800,-1.88,96800,96900,94000,6325,600287600,646212000000,6860000,STK,ME005
033790,KR7033790007,피노,KOSDAQ,중견기업부,7660,1,90,1.19,7570,7750,7380,529549,4005321815,638245654420,83321887,KSQ,ME005
001060,KR7001060003,JW중외제약,KOSPI,,27400,1,300,1.11,27100,27400,27000,16468,447877500,638034482000,23285930,STK,ME005
001570,KR7001570001,금양,KOSPI,,9900,3,0,0.0,0,0,0,0,0,633275240400,63967196,STK,ME005
000400,KR7000400002,롯데손해보험,KOSPI,,2035,2,-10,-0.49,2050,2060,2020,67107,136336509,631534411200,310336320,STK,ME005
090460,KR7090460007,비에이치,KOSPI,,18720,2,-940,-4.78,19550,19560,18650,508703,9646346570,631079991360,33711538,STK,ME005
001680,KR7001680008,대상,KOSPI,,18200,2,-100,-0.55,18450,18450,18030,14614,265199030,630594055000,34648025,STK,ME005
000640,KR7000640003,동아쏘시오홀딩스,KOSPI,,92600,2,-1800,-1.91,94400,94400,92100,1618,150180000,623432000200,6732527,STK,ME005
317450,KR7317450005,명인제약,KOSPI,,42600,2,-800,-1.84,43400,43400,42600,4487,191882300,621960000000,14600000,STK,ME005
014820,KR7014820005,동원시스템즈,KOSPI,,21450,1,300,1.42,21150,21600,20900,21540,457688500,621862998900,28991282,STK,ME005
064290,KR7064290000,인텍플러스,KOSDAQ,중견기업부,47900,1,2050,4.47,45300,48000,44700,125889,5885140900,620667986200,12957578,KSQ,ME005
122640,KR7122640006,예스티,KOSDAQ,벤처기업부,28650,1,300,1.06,28350,28650,27600,74092,2082802750,620310461250,21651325,KSQ,ME005
453340,KR7453340002,현대그린푸드,KOSPI,,19080,2,-320,-1.65,19320,19580,18860,25818,493743970,619557879960,32471587,STK,ME005
328130,KR7328130000,루닛,KOSDAQ,기술성장기업부,8280,2,-250,-2.93,8480,8480,8250,83277,693390380,616513730400,74458180,KSQ,ME005
00088K,KR700088K015,한화3우B,KOSPI,,41750,1,750,1.83,41400,42200,40550,5251,218734600,612748592750,14676613,STK,ME005
017900,KR7017900002,광전자,KOSPI,,10560,2,-100,-0.94,10500,10900,10060,10127065,107072513345,611886137280,57943763,STK,ME005
383800,KR7383800000,LX홀딩스,KOSPI,,8020,1,10,0.12,8040,8060,8000,12198,97946290,611771133800,76280690,STK,ME005
121600,KR7121600001,나노신소재,KOSDAQ,우량기업부,49450,2,-1350,-2.66,50700,51300,49300,25029,1264439850,606365344950,12262191,KSQ,ME005
002840,KR7002840007,미원상사,KOSPI,,134700,1,1700,1.28,134600,135000,130100,1080,144671700,606150000000,4500000,STK,ME005
248070,KR7248070005,솔루엠,KOSPI,,12540,2,-80,-0.63,12560,12600,12350,19873,247257840,599615599440,47816236,STK,ME005
222080,KR7222080004,SFA넥셀,KOSDAQ GLOBAL,우량기업부,7450,2,-120,-1.59,7570,7580,7400,139860,1045137275,579462072800,77780144,KSQ,ME005
108320,KR7108320003,LX세미콘,KOSPI,,35450,1,400,1.14,35050,35600,34900,14315,503260750,576569435000,16264300,STK,ME005
102710,KR7102710001,이엔에프테크놀로지,KOSDAQ,우량기업부,40350,1,200,0.5,40000,40450,39700,14720,590277625,576514182600,14287836,KSQ,ME005
046890,KR7046890000,서울반도체,KOSDAQ GLOBAL,중견기업부,9820,1,250,2.61,9660,9820,9660,46218,450505490,572559028000,58305400,KSQ,ME005
358570,KR7358570000,지아이이노베이션,KOSDAQ,기술성장기업부,8860,2,-290,-3.17,9000,9110,8580,172916,1522132620,571611813160,64516006,KSQ,ME005
0220W0,KR70220W0000,한화머시너리앤서비스홀딩스,KOSPI,,6740,2,-330,-4.67,7000,7050,6710,972372,6641789370,569634705900,84515535,STK,ME005
075580,KR7075580001,세진중공업,KOSPI,,10020,2,-90,-0.89,10010,10100,10010,21586,216802215,569631549120,56849456,STK,ME005
025540,KR7025540006,한국단자,KOSPI,,56200,3,0,0.0,56600,56600,55500,4509,252477700,568463000000,10115000,STK,ME005
079900,KR7079900007,전진건설로봇,KOSPI,,38900,2,-850,-2.14,39800,39950,38800,13770,539366950,567650000500,14592545,STK,ME005
058650,KR7058650003,세아홀딩스,KOSPI,,133600,1,1700,1.29,131900,134400,131900,176,23508500,566762729600,4242236,STK,ME005
094170,KR7094170008,동운아나텍,KOSDAQ,우량기업부,26950,2,-100,-0.37,27000,27050,26500,15447,413493650,563522775200,20909936,KSQ,ME005
114090,KR7114090004,GKL,KOSPI,,9050,2,-140,-1.52,9250,9250,9030,68644,621900300,559793813500,61855670,STK,ME005
036810,KR7036810000,에프에스티,KOSDAQ,중견기업부,25800,2,-550,-2.09,26200,26250,25650,19422,502692125,558564556200,21649789,KSQ,ME005
456160,KR7456160001,지투지바이오,KOSDAQ,기술성장기업부,33550,2,-950,-2.75,33700,34700,32500,94067,3145384700,557917242300,16629426,KSQ,ME005
336370,KR7336370002,솔루스첨단소재,KOSPI,,7940,2,-300,-3.64,8250,8400,7930,77939,633639670,557485646120,70212298,STK,ME005
033240,KR7033240003,자화전자,KOSPI,,25800,2,-100,-0.39,26000,26200,25550,22575,582191700,557421951600,21605502,STK,ME005
050890,KR7050890003,쏠리드,KOSDAQ,우량기업부,9170,1,420,4.8,9190,9490,8710,4390121,40280433120,557137416780,60756534,KSQ,ME005
016380,KR7016380008,KG스틸,KOSPI,,5570,2,-10,-0.18,5600,5650,5540,47242,263165550,557049556290,100008897,STK,ME005
002350,KR7002350007,넥센타이어,KOSPI,,5670,2,-10,-0.18,5710,5750,5620,22813,129110055,553776862590,97667877,STK,ME005
053610,KR7053610002,프로텍,KOSDAQ,우량기업부,61500,1,400,0.65,61800,61800,60100,3733,226171500,553500000000,9000000,KSQ,ME005
001530,KR7001530005,DI동일,KOSPI,,26700,2,-350,-1.29,27050,27400,26500,3490,93392300,553107080700,20715621,STK,ME005
003300,KR7003300001,한일홀딩스,KOSPI,,17850,1,80,0.45,18150,18150,17600,9554,170740930,550341275400,30831444,STK,ME005
033640,KR7033640004,네패스,KOSDAQ,중견기업부,23800,2,-100,-0.42,24400,25150,23450,150545,3649351150,548809007600,23059202,KSQ,ME005
00104K,KR700104K010,CJ4우(전환),KOSPI,,127200,2,-2500,-1.93,129200,129200,127200,1519,194273000,537612326400,4226512,STK,ME005
005810,KR7005810007,풍산홀딩스,KOSPI,,37200,1,250,0.68,37700,37700,37050,1982,73832100,536323262400,14417292,STK,ME005
001510,KR7001510007,SK증권,KOSPI,,2315,2,-35,-1.49,2335,2375,2305,745987,1733185930,535448121775,231295085,STK,ME005
178920,KR7178920005,PI첨단소재,KOSPI,,18180,2,-360,-1.94,18500,19400,18130,11765,215085950,533879733960,29366322,STK,ME005
007700,KR7007700008,F&F홀딩스,KOSPI,,13540,2,-250,-1.81,13860,13860,13480,16206,220217320,529608529180,39114367,STK,ME005
003620,KR7003620002,KG모빌리티,KOSPI,,2615,2,-5,-0.19,2610,2655,2602,120580,315052610,529210394880,202374912,STK,ME005
126340,KR7126340009,비나텍,KOSDAQ,벤처기업부,73400,1,8200,12.58,69900,76200,69000,362575,26642814500,527042387600,7180414,KSQ,ME005
052400,KR7052400009,코나아이,KOSDAQ GLOBAL,우량기업부,36075,2,-1725,-4.56,37050,37050,35800,41059,1488867125,525370722825,14563291,KSQ,ME005
060250,KR7060250008,NHN KCP,KOSDAQ,우량기업부,13040,2,-1050,-7.45,13300,13380,12680,502634,6522872310,523694367440,40160611,KSQ,ME005
001270,KR7001270008,부국증권,KOSPI,,50500,2,-1000,-1.94,50500,50900,50200,728,36739300,523679243000,10369886,STK,ME005
009520,KR7009520008,포스코엠텍,KOSDAQ GLOBAL,중견기업부,12490,2,-270,-2.12,12730,12730,12450,38286,481955820,520117360470,41642703,KSQ,ME005
284740,KR7284740008,쿠쿠홈시스,KOSPI,,23150,2,-300,-1.28,23250,23350,23100,3236,75115950,519424189500,22437330,STK,ME005
112040,KR7112040001,위메이드,KOSDAQ,중견기업부,15270,2,-630,-3.96,15720,15820,15230,98379,1518845225,518393335410,33948483,KSQ,ME005
211050,KR7211050000,인카금융서비스,KOSDAQ,우량기업부,10480,2,-210,-1.96,10790,10790,10460,17086,180424950,516283125360,49263657,KSQ,ME005
069540,KR7069540003,빛과전자,KOSDAQ,벤처기업부,4520,1,400,9.71,4120,4800,4100,62479255,286569551276,509367374440,112691897,KSQ,ME005
253590,KR7253590004,네오셈,KOSDAQ,우량기업부,11610,1,190,1.66,11370,11630,11240,179091,2055843120,509320994040,43869164,KSQ,ME005
452260,KR7452260003,한화갤러리아,KOSPI,,2590,1,135,5.5,2460,2645,2380,1519415,3874098598,502096389900,193859610,STK,ME005
079940,KR7079940003,가비아,KOSDAQ,우량기업부,37300,2,-2000,-5.09,38750,39200,37000,20989,791983150,500591513200,13420684,KSQ,ME005
052020,KR7052020005,에스티큐브,KOSDAQ,투자주의환기종목(소속부없음),7360,2,-30,-0.41,7380,7540,7270,39827,294582660,500357021760,67983291,KSQ,ME005
009410,KR7009410002,태영건설,KOSPI,,1680,1,12,0.72,1674,1700,1652,135019,227361997,499951331040,297590078,STK,ME005
045100,KR7045100005,한양이엔지,KOSDAQ,우량기업부,28550,3,0,0.0,28600,28800,28300,11113,317146075,499625000000,17500000,KSQ,ME005
460860,KR7460860000,동국제강,KOSPI,,10070,2,-270,-2.61,10380,10390,10070,41949,426408480,499552731190,49608017,STK,ME005
101160,KR7101160000,월덱스,KOSDAQ,우량기업부,30250,1,300,1.0,29800,30250,29550,17698,530448200,499457538250,16510993,KSQ,ME005
025980,KR7025980004,아난티,KOSDAQ,우량기업부,5120,2,-50,-0.97,5170,5200,5090,319730,1644116760,498181068800,97300990,KSQ,ME005
484870,KR7484870001,엠앤씨솔루션,KOSPI,,18120,1,10,0.06,18030,18420,17800,43398,785746835,497606004000,27461700,STK,ME005
024850,KR7024850000,HLB이노베이션,KOSDAQ,중견기업부,15660,2,-220,-1.39,15750,16290,15450,32163,504586960,497260499040,31753544,KSQ,ME005
039130,KR7039130000,하나투어,KOSPI,,32050,2,-700,-2.14,32450,33050,32000,10428,335449300,496452320600,15489932,STK,ME005
019210,KR7019210004,와이지-원,KOSDAQ,우량기업부,13340,1,710,5.62,12630,13430,12470,278618,3626890045,496164331520,37193728,KSQ,ME005
086900,KR7086900008,메디톡스,KOSDAQ,우량기업부,67900,2,-800,-1.16,68500,68600,67600,3362,228392750,495567946300,7298497,KSQ,ME005
037460,KR7037460003,삼지전자,KOSDAQ,우량기업부,30350,1,400,1.34,30100,30400,29600,23794,715595450,495267142700,16318522,KSQ,ME005
490470,KR7490470002,세미파이브,KOSDAQ,기술성장기업부,14540,1,150,1.04,14390,14690,14120,88743,1280549600,494729897600,34025440,KSQ,ME005
002990,KR7002990000,금호건설,KOSPI,,13265,2,-35,-0.26,13490,13940,13230,797940,10739313265,494253555110,37259974,STK,ME005
161000,KR7161000005,애경케미칼,KOSPI,,10150,2,-140,-1.36,10360,10360,10100,31653,322932050,493784396350,48648709,STK,ME005
003545,KR7003541000,대신증권우,KOSPI,,20250,3,0,0.0,20300,20400,20200,43281,877846550,493762513500,24383334,STK,ME005
145990,KR7145990008,삼양사,KOSPI,,47700,1,200,0.42,47500,47900,46800,2846,134623575,491951517300,10313449,STK,ME005
376900,KR7376900007,로킷헬스케어,KOSDAQ,기술성장기업부,28250,2,-1650,-5.52,29450,29500,27900,76403,2164853225,491812442500,17409290,KSQ,ME005
001500,KR7001500008,현대차증권,KOSPI,,7880,2,-100,-1.25,7980,7980,7860,17793,140748715,487244386720,61833044,STK,ME005
356680,KR7356680009,엑스게이트,KOSDAQ,벤처기업부,17060,2,-490,-2.79,17150,18860,16710,8621347,153804752215,486951973520,28543492,KSQ,ME005
033500,KR7033500000,동성화인텍,KOSDAQ,우량기업부,16230,2,-30,-0.18,16380,16450,16130,15614,254415040,486729487620,29989494,KSQ,ME005
090435,KR7090431008,아모레퍼시픽우,KOSPI,,45700,2,-100,-0.22,45950,46850,44850,10845,492445525,482492831000,10557830,STK,ME005
187660,KR7187660006,페니트리움바이오,KOSDAQ,중견기업부,7540,2,-260,-3.33,7630,7900,7390,875030,6687449050,482305547620,63966253,KSQ,ME005
019170,KR7019170000,신풍제약,KOSPI,,9160,2,-810,-8.12,9870,9870,9080,347786,3240833360,480153661520,52418522,STK,ME005
004710,KR7004710000,한솔테크닉스,KOSPI,,9030,1,60,0.67,9030,9030,8750,146064,1293972800,479671947510,53119817,STK,ME005
004690,KR7004690004,삼천리,KOSPI,,132100,2,-700,-0.53,134500,134500,131800,945,125053700,479097241700,3626777,STK,ME005
035890,KR7035890003,서희건설,KOSDAQ,중견기업부,2305,2,-20,-0.86,2325,2325,2255,75799,173492880,478491575480,207588536,KSQ,ME005
015750,KR7015750003,성우하이텍,KOSDAQ,우량기업부,5970,2,-20,-0.33,6000,6010,5930,42338,251887735,477600000000,80000000,KSQ,ME005
448730,KR7448730002,삼성FN리츠,KOSPI,,5230,2,-70,-1.32,5300,5300,5220,28791,151232660,476191500000,91050000,STK,ME005
383310,KR7383310000,에코프로에이치엔,KOSDAQ,우량기업부,22700,2,-300,-1.3,22950,23250,22650,22055,503956500,476130956400,20974932,KSQ,ME005
377740,KR7377740006,바이오노트,KOSPI,,4670,2,-60,-1.27,4725,4730,4670,10392,48755935,475807844160,101886048,STK,ME005
099190,KR7099190001,아이센스,KOSDAQ,중견기업부,16000,2,-260,-1.6,16260,16260,15950,9653,154901645,473177808000,29573613,KSQ,ME005
077360,KR7077360006,덕산하이메탈,KOSDAQ,벤처기업부,10375,1,195,1.92,10230,10380,10090,202653,2074026380,471408895750,45437002,KSQ,ME005
034950,KR7034950006,한국기업평가,KOSDAQ,우량기업부,103500,3,0,0.0,104000,104000,102600,463,47762700,469943199000,4540514,KSQ,ME005
397030,KR7397030008,에이프릴바이오,KOSDAQ,기술성장기업부,17040,2,-140,-0.81,17180,17200,16800,29629,503359635,469601645280,27558782,KSQ,ME005
399720,KR7399720002,가온칩스,KOSDAQ,벤처기업부,39550,1,50,0.13,40050,40100,39250,16604,655901600,469017280200,11858844,KSQ,ME005
000070,KR7000070003,삼양홀딩스,KOSPI,,60200,1,400,0.67,59600,60200,59500,3004,180219500,467344098200,7763191,STK,ME005
219130,KR7219130002,타이거일렉,KOSDAQ,벤처기업부,73500,1,8500,13.08,69600,74300,65100,99655,6948523700,464100315000,6314290,KSQ,ME005
082270,KR7082270000,젬백스,KOSDAQ,벤처기업부,10180,2,-190,-1.83,10400,10480,10140,42895,439288820,462992375660,45480587,KSQ,ME005
089890,KR7089890008,코세스,KOSDAQ,우량기업부,27900,1,2500,9.84,25450,27950,25400,142955,3913954450,462720439800,16584962,KSQ,ME005
460930,KR7460930001,현대힘스,KOSDAQ,우량기업부,13020,2,-130,-0.99,13100,13200,13000,39889,522022495,462348936420,35510671,KSQ,ME005
010780,KR7010780005,아이에스동서,KOSPI,,15480,2,-30,-0.19,15480,15510,15300,10180,156643245,460137860640,29724668,STK,ME005
249420,KR7249420001,일동제약,KOSPI,,14480,2,-420,-2.82,14950,14950,14420,99278,1444916680,458121888960,31638252,STK,ME005
365340,KR7365340009,성일하이텍,KOSDAQ,기술성장기업부,35400,2,-300,-0.84,36050,36050,35200,4039,143010700,457407471000,12921115,KSQ,ME005
278280,KR7278280003,천보,KOSDAQ,중견기업부,37050,2,-450,-1.2,37300,37950,36900,6882,256790750,453974576250,12253025,KSQ,ME005
002240,KR7002240000,고려제강,KOSPI,,16800,2,-80,-0.47,17090,17090,16750,6457,108568180,453600000000,27000000,STK,ME005
336570,KR7336570007,원텍,KOSDAQ,우량기업부,5050,1,60,1.2,4990,5050,4970,125269,627142743,450867262300,89280646,KSQ,ME005
192650,KR7192650000,드림텍,KOSPI,,6830,1,40,0.59,6880,7300,6550,1035117,7225592015,450007042070,65886829,STK,ME005
034310,KR7034310003,NICE,KOSPI,,12230,2,-20,-0.16,12390,12390,12210,2927,35833860,449540030110,36757157,STK,ME005
056080,KR7056080005,유진로봇,KOSDAQ,중견기업부,11750,2,-360,-2.97,12110,12110,11700,121090,1440625645,449266960500,38235486,KSQ,ME005
008060,KR7008060006,대덕,KOSPI,,14330,1,330,2.36,14130,14430,14010,41668,595376370,448344114340,31287098,STK,ME005
005250,KR7005250006,녹십자홀딩스,KOSPI,,9440,2,-210,-2.18,9690,9690,9380,31759,301162180,443946302400,47028210,STK,ME005
080580,KR7080580004,오킨스전자,KOSDAQ,벤처기업부,20850,2,-700,-3.25,21700,22750,20350,314206,6776355725,439746411750,21090955,KSQ,ME005
348370,KR7348370008,엔켐,KOSDAQ,중견기업부,20050,2,-450,-2.2,20400,20700,20000,43179,872897325,439315429700,21910994,KSQ,ME005
004700,KR7004700001,조광피혁,KOSPI,,66000,2,-200,-0.3,68000,68000,65000,91,6017700,438843108000,6649138,STK,ME005
003280,KR7003280005,흥아해운,KOSPI,,1821,1,19,1.05,1810,1852,1800,2993395,5462750515,437813741079,240424899,STK,ME005
016610,KR7016610008,DB증권,KOSPI,,10280,1,30,0.29,10200,10300,10120,39191,400200850,436348878920,42446389,STK,ME005
340570,KR7340570001,티앤엘,KOSDAQ,우량기업부,27100,2,-100,-0.37,27500,27500,26850,8307,224494725,435500252000,16070120,KSQ,ME005
214430,KR7214430001,아이쓰리시스템,KOSDAQ,우량기업부,59500,1,700,1.19,58200,59600,57700,2430,142615400,434779292500,7307215,KSQ,ME005
002030,KR7002030005,아세아,KOSPI,,211000,2,-1500,-0.71,212000,213000,209000,162,34224000,434417772000,2058852,STK,ME005
003030,KR7003030004,세아제강지주,KOSPI,,104800,1,200,0.19,105000,106000,103600,4677,490397800,434045653600,4141657,STK,ME005
029460,KR7029460003,케이씨,KOSPI,,39050,1,300,0.77,38950,39200,38050,10327,399731500,430351891750,11020535,STK,ME005
005945,KR7005941000,NH투자증권우,KOSPI,,22750,2,-50,-0.22,22800,22950,22700,10231,233135800,429314522000,18870968,STK,ME005
067160,KR7067160002,SOOP,KOSDAQ GLOBAL,우량기업부,36850,2,-200,-0.54,36900,37100,36450,8124,298952225,423582163950,11494767,KSQ,ME005
348340,KR7348340001,뉴로메카,KOSDAQ,기술성장기업부,17970,1,110,0.62,17870,18110,17470,98278,1747625210,420649379280,23408424,KSQ,ME005
306200,KR7306200007,세아제강,KOSPI,,147400,1,500,0.34,146900,149300,141000,2542,374110600,418070620000,2836300,STK,ME005
072710,KR7072710007,농심홀딩스,KOSPI,,90100,2,-1200,-1.31,91200,91200,89700,1449,130488100,417864879000,4637790,STK,ME005
027360,KR7027360007,아주IB투자,KOSDAQ,중견기업부,3445,1,115,3.45,3325,3490,3270,982828,3358930500,417345923670,121145406,KSQ,ME005
098120,KR7098120009,마이크로컨텍솔,KOSDAQ,우량기업부,50100,2,-900,-1.76,51100,51900,49000,72758,3635239775,416469576600,8312766,KSQ,ME005
368770,KR7368770004,파이버프로,KOSDAQ,벤처기업부,12670,1,780,6.56,12000,12830,12000,164386,2061127815,416263030750,32854225,KSQ,ME005
101730,KR7101730000,위메이드맥스,KOSDAQ,중견기업부,4955,2,-45,-0.9,4895,5050,4705,425861,2086290780,415245282130,83803286,KSQ,ME005
014830,KR7014830004,유니드,KOSPI,,61300,2,-200,-0.33,61900,62100,61200,3207,197261700,414853880000,6767600,STK,ME005
041190,KR7041190000,우리기술투자,KOSDAQ,우량기업부,5180,2,-430,-7.66,5200,5330,5100,1677312,8733706810,413364000000,79800000,KSQ,ME005
130660,KR7130660004,한전산업,KOSPI,,12640,2,-360,-2.77,13000,13050,12540,128657,1636985455,412064000000,32600000,STK,ME005
009900,KR7009900002,명신산업,KOSPI,,7850,2,-80,-1.01,7950,7960,7820,47607,374620170,411890544050,52470133,STK,ME005
317400,KR7317400000,자이에스앤디,KOSPI,,10620,2,-520,-4.67,11130,11130,10200,555630,5805443750,411870362400,38782520,STK,ME005
376300,KR7376300000,디어유,KOSDAQ,우량기업부,17340,2,-660,-3.67,17990,17990,17320,29731,523633105,411623960040,23738406,KSQ,ME005
092870,KR7092870005,엑시콘,KOSDAQ,우량기업부,31500,1,1000,3.28,30200,31950,30000,100944,3169316275,411100105500,13050797,KSQ,ME005
204620,KR7204620009,글로벌텍스프리,KOSDAQ,우량기업부,5840,1,130,2.28,5710,6090,5640,685109,4062754290,410454647200,70283330,KSQ,ME005
030520,KR7030520001,한컴,KOSDAQ,우량기업부,16960,2,-640,-3.64,17550,17600,16930,68974,1176892910,410088458240,24179744,KSQ,ME005
001200,KR7001200005,유진투자증권,KOSPI,,4230,2,-70,-1.63,4300,4300,4230,79326,337318730,409744948140,96866418,STK,ME005
092230,KR7092230002,KPX홀딩스,KOSPI,,96800,2,-1200,-1.22,99000,99000,96100,744,72028300,408945732800,4224646,STK,ME005
078340,KR7078340007,컴투스,KOSDAQ GLOBAL,중견기업부,33750,2,-500,-1.46,34300,34450,33500,25633,866939925,408081813750,12091313,KSQ,ME005
018290,KR7018290007,브이티,KOSDAQ,우량기업부,11670,1,170,1.48,11550,11770,11450,46513,540682500,407771249460,34941838,KSQ,ME005
174900,KR7174900001,앱클론,KOSDAQ,벤처기업부,20300,2,-400,-1.93,20600,20600,19970,26578,536750055,405028218700,19952129,KSQ,ME005
002810,KR7002810000,삼영무역,KOSPI,,21900,1,550,2.58,21250,21950,21150,32978,707136900,404426161200,18466948,STK,ME005
271940,KR7271940009,일진하이솔루스,KOSPI,,11130,1,110,1.0,11160,11250,11050,13103,145880800,404165804700,36313190,STK,ME005
403550,KR7403550007,쏘카,KOSPI,,10640,2,-50,-0.47,10650,10680,10470,6438,68180040,403680982880,37939942,STK,ME005
005420,KR7005420005,코스모화학,KOSPI,,10480,2,-80,-0.76,10500,10850,10430,32369,342878920,402518229440,38408228,STK,ME005
272290,KR7272290008,이녹스첨단소재,KOSDAQ GLOBAL,우량기업부,20150,2,-50,-0.25,20200,20850,20050,16798,339651200,401740806350,19937509,KSQ,ME005
013030,KR7013030002,하이록코리아,KOSDAQ,우량기업부,34050,1,400,1.19,34000,34350,33600,12369,420385375,400705303200,11768144,KSQ,ME005
016590,KR7016590002,신대양제지,KOSPI,,9940,2,-120,-1.19,9980,10030,9910,891,8855630,400560330800,40297820,STK,ME005
125490,KR7125490003,한라캐스트,KOSDAQ,벤처기업부,10960,2,-360,-3.18,11180,11710,10770,777235,8658200575,400065777920,36502352,KSQ,ME005
104830,KR7104830005,원익머트리얼즈,KOSDAQ,우량기업부,31600,1,950,3.1,30850,31750,30350,18335,569157050,398412800000,12608000,KSQ,ME005
357120,KR7357120005,코람코라이프인프라리츠,KOSPI,,4085,2,-15,-0.37,4125,4130,4060,24523,100255871,397614921090,97335354,STK,ME005
015360,KR7015360001,INVENI,KOSPI,,14520,2,-240,-1.63,14760,14850,14510,12603,183861460,395670000000,27250000,STK,ME005
005389,KR7005383005,현대차3우B,KOSPI,,170000,2,-2200,-1.28,172900,172900,169300,5063,862599800,395666840000,2327452,STK,ME005
107640,KR7107640005,한중엔시에스,KOSDAQ,기술성장기업부,43600,1,1700,4.06,41750,43750,41200,101268,4346131450,395231645600,9064946,KSQ,ME005
332570,KR7332570001,PS일렉트로닉스,KOSDAQ,우량기업부,8560,1,160,1.9,8570,9330,8350,5402976,47970265780,393251561680,45940603,KSQ,ME005
144960,KR7144960002,뉴파워프라즈마,KOSDAQ,우량기업부,9000,1,180,2.04,9100,9260,8890,298991,2710736780,393233616000,43692624,KSQ,ME005
241770,KR7241770007,메카로,KOSDAQ,우량기업부,38550,2,-200,-0.52,39100,39100,38100,3141,121130950,392926272000,10192640,KSQ,ME005
386380,KR7386380000,스카이랩스,KOSDAQ,기술성장기업부,20900,1,100,0.48,20900,22700,20400,2650244,57121249500,392125319300,18761977,KSQ,ME005
344820,KR7344820006,KCC글라스,KOSPI,,24400,2,-150,-0.61,24500,24500,24250,1727,42062025,389680492800,15970512,STK,ME005
095660,KR7095660007,네오위즈,KOSDAQ,우량기업부,17860,2,-400,-2.19,18350,18430,17820,9292,167245500,386427157740,21636459,KSQ,ME005
003000,KR7003000007,부광약품,KOSPI,,3870,1,25,0.65,3860,3885,3820,76056,292376517,381832276770,98664671,STK,ME005
078130,KR7078130002,국일제지,KOSDAQ,중견기업부,3375,2,-15,-0.44,3350,3400,3350,20911,70792410,380499481125,112740587,KSQ,ME005
029530,KR7029530003,신도리코,KOSPI,,38900,2,-400,-1.02,39500,39500,38700,1225,47574975,377941858100,9715729,STK,ME005
441270,KR7441270006,파인엠텍,KOSDAQ,벤처기업부,8930,2,-300,-3.25,9010,9210,8650,515885,4604455680,376890042760,42204932,KSQ,ME005
194370,KR7194370003,제이에스코퍼레이션,KOSPI,,12960,2,-210,-1.59,13080,13170,12880,7226,94036630,376057183680,29016758,STK,ME005
006220,KR7006220008,제주은행,KOSPI,,9910,3,0,0.0,10000,10150,9800,123762,1229285770,374583699870,37798557,STK,ME005
092190,KR7092190008,서울바이오시스,KOSDAQ,투자주의환기종목(소속부없음),8120,1,120,1.5,8000,8200,7880,68459,552370080,372451269960,45868383,KSQ,ME005
042000,KR7042000000,카페24,KOSDAQ,우량기업부,15400,2,-360,-2.28,15660,15890,15370,15033,233168750,372343802600,24178169,KSQ,ME005
008730,KR7008730004,율촌화학,KOSPI,,14990,2,-210,-1.38,15190,15190,14950,9942,149576030,371752000000,24800000,STK,ME005
183190,KR7183190008,아세아시멘트,KOSPI,,10330,2,-50,-0.48,10540,10540,10200,11128,114319045,371655549760,35978272,STK,ME005
089590,KR7089590004,제주항공,KOSPI,,4585,2,-115,-2.45,4700,4730,4540,102612,472723262,369738916225,80640985,STK,ME005
001940,KR7001940006,KISCO홀딩스,KOSPI,,26050,2,-400,-1.51,26850,26850,25900,2922,76106700,369294699000,14176380,STK,ME005
475960,KR7475960001,토모큐브,KOSDAQ,기술성장기업부,27250,1,400,1.49,26700,27600,26000,22786,601744050,367225741500,13476174,KSQ,ME005
031430,KR7031430002,신세계인터내셔날,KOSPI,,10480,2,-20,-0.19,10580,10620,10390,24317,255630710,366653280000,34986000,STK,ME005
126560,KR7126560002,현대퓨처넷,KOSPI,,3350,2,-10,-0.3,3370,3375,3320,22078,73843165,365823484000,109201040,STK,ME005
477850,KR7477850002,마키나락스,KOSDAQ,기술성장기업부,20550,2,-750,-3.52,21500,21750,20300,208958,4357730125,364859824800,17754736,KSQ,ME005
089010,KR7089010003,켐트로닉스,KOSDAQ,우량기업부,21600,2,-250,-1.14,21800,21900,21400,18071,390097100,362232583200,16770027,KSQ,ME005
092790,KR7092790005,넥스틸,KOSPI,,13930,2,-90,-0.64,13880,14460,13870,192570,2719942595,362207860000,26002000,STK,ME005
439960,KR7439960006,코스모로보틱스,KOSDAQ,기술성장기업부,11130,2,-180,-1.59,11310,11440,11070,193723,2165259560,361175467380,32450626,KSQ,ME005
018000,KR7018000000,유니슨,KOSDAQ,중견기업부,1232,1,13,1.07,1212,1270,1210,943258,1172631932,359635678864,291912077,KSQ,ME005
215200,KR7215200007,메가스터디교육,KOSDAQ,우량기업부,34550,2,-200,-0.58,34750,34900,34450,7793,269838025,358118212800,10365216,KSQ,ME005
105630,KR7105630008,한세실업,KOSPI,,8950,2,-40,-0.44,9020,9020,8940,5558,49775560,358000000000,40000000,STK,ME005
003800,KR7003800000,에이스침대,KOSDAQ,우량기업부,32250,2,-150,-0.46,32400,32400,32200,216,6989500,357652500000,11090000,KSQ,ME005
486990,KR7486990005,노타,KOSDAQ,기술성장기업부,16690,2,-110,-0.65,16800,16870,16570,28262,470953065,357039656700,21392430,KSQ,ME005
027410,KR7027410000,BGF,KOSPI,,3730,2,-15,-0.4,3735,3795,3720,14322,53481085,357023630430,95716791,STK,ME005
036800,KR7036800001,나이스정보통신,KOSDAQ,우량기업부,7830,2,-120,-1.51,7900,8130,7680,39571,307749995,356265000000,45500000,KSQ,ME005
007690,KR7007690001,국도화학,KOSPI,,38400,1,150,0.39,38350,38900,38150,1852,71165550,355615948800,9260832,STK,ME005
468530,KR7468530001,프로티나,KOSDAQ,기술성장기업부,31950,1,3300,11.52,29350,32500,27800,115308,3550100725,354809478600,11105148,KSQ,ME005
236200,KR7236200002,슈프리마,KOSDAQ,우량기업부,50800,2,-100,-0.2,50900,51400,50000,13155,664473900,354294998800,6974311,KSQ,ME005
078020,KR7078020005,LS증권,KOSDAQ,우량기업부,6380,2,-150,-2.3,6520,6530,6375,25839,166308130,353969992200,55481190,KSQ,ME005
011760,KR7011760006,현대코퍼레이션,KOSPI,,26700,2,-100,-0.37,27000,27450,26400,7101,191768800,353213392200,13228966,STK,ME005
950210,KR8702070002,프레스티지바이오파마,KOSPI,,5870,2,-90,-1.51,5910,6100,5800,20473,120173230,352764429850,60096155,STK,ME005
092730,KR7092730001,네오팜,KOSDAQ,우량기업부,22000,1,350,1.62,21700,22050,21450,13813,301687250,352615758000,16027989,KSQ,ME005
060980,KR7060980000,HL홀딩스,KOSPI,,39350,2,-400,-1.01,39900,39900,39150,2050,80657100,352432254450,8956347,STK,ME005
025900,KR7025900002,동화기업,KOSDAQ,중견기업부,6950,2,-110,-1.56,7070,7100,6940,13531,94496260,351373130750,50557285,KSQ,ME005
006405,KR7006401004,삼성SDI우,KOSPI,,217000,2,-500,-0.23,216000,220000,215000,1738,378381000,351083432000,1617896,STK,ME005
006910,KR7006910004,보성파워텍,KOSDAQ,우량기업부,7140,2,-100,-1.38,7300,7320,7090,218165,1564675875,350786943360,49129824,KSQ,ME005
025320,KR7025320003,시노펙스,KOSDAQ,우량기업부,3790,2,-20,-0.52,3810,3820,3765,67579,255589022,349516653870,92220753,KSQ,ME005
005610,KR7005610001,삼립,KOSPI,,40350,2,-850,-2.06,41200,41200,40150,410,16541900,348180513150,8629009,STK,ME005
020000,KR7020000006,한섬,KOSPI,,16100,1,130,0.81,16150,16250,15910,38688,622624310,345779603400,21476994,STK,ME005
170900,KR7170900005,동아에스티,KOSPI,,35400,2,-600,-1.67,35550,35750,35200,1417,50045300,344366987400,9727881,STK,ME005
0120G0,KR70120G0001,삼양바이오팜,KOSPI,,46250,2,-1800,-3.75,47850,47850,46100,20843,973099825,343908987500,7435870,STK,ME005
069080,KR7069080000,웹젠,KOSDAQ GLOBAL,우량기업부,11060,2,-210,-1.86,11200,11240,11030,15813,175669770,342490319500,30966575,KSQ,ME005
424870,KR7424870004,이뮨온시아,KOSDAQ,기술성장기업부,3745,1,230,6.54,4120,4140,3685,3941540,15417206744,342301497405,91402269,KSQ,ME005
104700,KR7104700000,한국철강,KOSPI,,9390,2,-120,-1.26,9590,9590,9300,8590,80432580,342265500000,36450000,STK,ME005
170920,KR7170920003,엘티씨,KOSDAQ,벤처기업부,32350,2,-150,-0.46,32200,32550,31350,69124,2206690825,341749476100,10564126,KSQ,ME005
003350,KR7003350006,한국화장품제조,KOSPI,,15050,1,240,1.62,14680,15160,14510,460159,6845463075,341033000000,22660000,STK,ME005
114810,KR7114810005,한솔아이원스,KOSDAQ,우량기업부,12090,1,10,0.08,12290,12290,11870,38850,465860965,340250973660,28143174,KSQ,ME005
290550,KR7290550003,디케이티,KOSDAQ,우량기업부,16970,2,-220,-1.28,17150,17900,16900,250868,4376777615,339420873100,20001230,KSQ,ME005
020120,KR7020120002,키다리스튜디오,KOSPI,,9140,1,180,2.01,8800,9450,8750,119776,1088583450,338762821240,37063766,STK,ME005
036620,KR7036620003,감성코퍼레이션,KOSDAQ,우량기업부,3760,1,10,0.27,3725,3770,3685,100051,371943601,337884669440,89862944,KSQ,ME005
078160,KR7078160009,메디포스트,KOSDAQ,벤처기업부,8600,2,-100,-1.15,8780,8780,8400,21738,185434030,337159585800,39204603,KSQ,ME005
064260,KR7064260003,다날,KOSDAQ,중견기업부,4450,2,-500,-10.1,4660,4730,4370,1938478,8714019864,336622283650,75645457,KSQ,ME005
121440,KR7121440002,골프존홀딩스,KOSDAQ,우량기업부,7830,2,-20,-0.25,7860,7880,7740,2026,15834560,335412284940,42836818,KSQ,ME005
015860,KR7015860000,일진홀딩스,KOSPI,,6790,1,20,0.3,6800,6850,6700,40962,277848850,335069409570,49347483,STK,ME005
017810,KR7017810003,풀무원,KOSPI,,8780,2,-140,-1.57,9000,9000,8770,12725,112213840,334698358760,38120542,STK,ME005
004310,KR7004310009,현대약품,KOSPI,,10400,1,280,2.77,10190,10920,9790,9391750,97625672750,332800000000,32000000,STK,ME005
417840,KR7417840006,저스템,KOSDAQ,벤처기업부,14510,1,90,0.62,14460,14800,14170,231911,3353691705,331834718310,22869381,KSQ,ME005
033160,KR7033160003,엠케이전자,KOSDAQ,중견기업부,13490,1,790,6.22,12720,13570,12610,415480,5492670965,331369142420,24564058,KSQ,ME005
001230,KR7001230002,동국홀딩스,KOSPI,,2130,1,25,1.19,2105,2160,2075,261400,555501501,331231432950,155507715,STK,ME005
002310,KR7002310001,아세아제지,KOSPI,,8390,2,-120,-1.41,8530,8530,8340,17136,143937850,330981388900,39449510,STK,ME005
393890,KR7393890009,더블유씨피,KOSDAQ,기술성장기업부,9770,2,-140,-1.41,9910,10150,9750,53824,533049615,330647516880,33843144,KSQ,ME005
097520,KR7097520001,엠씨넥스,KOSPI,,18910,1,190,1.01,18920,19010,18690,15103,285009230,329062365000,17401500,STK,ME005
011930,KR7011930005,신성이엔지,KOSPI,,16200,1,200,1.25,16000,16890,15650,66896,1077167320,328960148400,20306182,STK,ME005
372320,KR7372320002,큐로셀,KOSDAQ,기술성장기업부,21550,2,-500,-2.27,22300,22350,21250,11430,245270500,328145125600,15227152,KSQ,ME005
02826K,KR702826K016,삼성물산우B,KOSPI,,222500,2,-2500,-1.11,229000,229000,220000,1043,232700500,326538775000,1467590,STK,ME005
024720,KR7024720005,콜마홀딩스,KOSPI,,9470,1,40,0.42,9520,9520,9290,7391,69658595,324785572730,34296259,STK,ME005
093520,KR7093520005,매커스,KOSDAQ,우량기업부,27200,1,350,1.3,26600,27250,26350,3707,99732700,323729966400,11901837,KSQ,ME005
452430,KR7452430002,사피엔반도체,KOSDAQ,기술성장기업부,39050,1,2350,6.4,36700,39300,36100,24128,914012200,322374190050,8255421,KSQ,ME005
145720,KR7145720009,덴티움,KOSPI,,37300,3,0,0.0,37100,37900,36950,3601,133996050,321671134300,8623891,STK,ME005
060280,KR7060280005,큐렉소,KOSDAQ,중견기업부,7780,2,-190,-2.38,7900,8000,7770,48218,377237310,321001166200,41259790,KSQ,ME005
012030,KR7012030003,DB,KOSPI,,1585,2,-26,-1.61,1615,1624,1575,97203,154424305,318860683805,201173933,STK,ME005
000157,KR7000152009,두산2우B,KOSPI,,357000,1,6500,1.85,351000,358000,350500,46,16262500,318814566000,893038,STK,ME005
389470,KR7389470006,인벤티지랩,KOSDAQ,기술성장기업부,23950,2,-1300,-5.15,25250,25250,23850,28183,684194700,318719606600,13307708,KSQ,ME005
026890,KR7026890004,스틱인베스트먼트,KOSPI,,8210,2,-130,-1.56,8360,8500,8180,8940,73465260,318308571770,38770837,STK,ME005
096760,KR7096760004,JW홀딩스,KOSPI,,4295,1,15,0.35,4320,4330,4235,32077,137135635,317507625890,73924942,STK,ME005
046970,KR7046970000,우리로,KOSDAQ,벤처기업부,7240,1,130,1.83,7030,7580,6980,4448957,32631165400,317292992760,43824999,KSQ,ME005
200710,KR7200710002,에이디테크놀로지,KOSDAQ,중견기업부,23450,1,300,1.3,23050,23900,22900,23799,554031300,315684064150,13462007,KSQ,ME005
009290,KR7009290008,광동제약,KOSPI,,6330,2,-40,-0.63,6380,6410,6250,35008,220839395,315232784640,49799808,STK,ME005
002020,KR7002020006,코오롱,KOSPI,,24400,3,0,0.0,24600,24650,24250,5750,140421975,314947392000,12907680,STK,ME005
381970,KR7381970003,케이카,KOSPI,,6440,2,-40,-0.62,6530,6530,6400,14952,96174080,314406261120,48820848,STK,ME005
217590,KR7217590009,티엠씨,KOSPI,,13030,1,70,0.54,13500,14110,12820,4318586,58246753145,313947751750,24094225,STK,ME005
071200,KR7071200000,인피니트헬스케어,KOSDAQ,중견기업부,12860,2,-90,-0.69,12500,13430,12500,133502,1746855410,313738449880,24396458,KSQ,ME005
448900,KR7448900001,한국피아이엠,KOSDAQ,기술성장기업부,51600,2,-2300,-4.27,53200,54700,50800,47680,2502747650,313441981200,6074457,KSQ,ME005
067630,KR7067630004,HLB생명과학,KOSDAQ,투자주의환기종목(소속부없음),2570,2,-25,-0.96,2600,2625,2530,43815,113184695,313326839060,121917058,KSQ,ME005
348210,KR7348210006,넥스틴,KOSDAQ,우량기업부,29900,2,-700,-2.29,30350,31000,29450,40891,1219062850,313262449500,10477005,KSQ,ME005
138080,KR7138080007,오이솔루션,KOSDAQ,벤처기업부,25200,1,1550,6.55,25400,26000,24150,682081,17069224125,311919501600,12377758,KSQ,ME005
016800,KR7016800005,퍼시스,KOSPI,,27000,2,-100,-0.37,27000,27000,27000,2,54000,310500000000,11500000,STK,ME005
455900,KR7455900001,엔젤로보틱스,KOSDAQ,기술성장기업부,20150,2,-450,-2.18,20650,20950,20000,11478,231624175,310168567150,15392981,KSQ,ME005
025860,KR7025860008,남해화학,KOSPI,,6210,1,140,2.31,6120,6260,6060,168146,1040406825,308505615030,49678843,STK,ME005
079370,KR7079370003,제우스,KOSDAQ,우량기업부,9930,2,-150,-1.49,10070,10140,9800,51089,506406985,307998710700,31016990,KSQ,ME005
126720,KR7126720002,수산인더스트리,KOSPI,,21550,2,-50,-0.23,21650,21650,21400,5023,108030975,307863300000,14286000,STK,ME005
244920,KR7244920005,에이플러스에셋,KOSPI,,13580,2,-50,-0.37,13630,13800,13500,6385,87078375,307012470940,22607693,STK,ME005
091580,KR7091580001,상신이디피,KOSDAQ,우량기업부,23000,1,1000,4.55,21900,23000,21700,199782,4475877325,306549037000,13328219,KSQ,ME005
206650,KR7206650004,유바이오로직스,KOSDAQ,우량기업부,8320,2,-80,-0.95,8400,8570,8250,36082,300199400,305779194240,36752307,KSQ,ME005
215600,KR7215600008,신라젠,KOSDAQ,중견기업부,2190,2,-90,-3.95,2270,2270,2180,457641,1007144677,303432305160,138553564,KSQ,ME005
009160,KR7009160003,SIMPAC,KOSPI,,4630,2,-15,-0.32,4610,4675,4585,12486,57528465,302667581840,65370968,STK,ME005
232530,KR7232530006,이엠티,KONEX,일반기업부,11800,1,100,0.85,11000,12000,10500,948,10672750,302248787200,25614304,KNX,ME005
272450,KR7272450008,진에어,KOSPI,,5790,2,-170,-2.85,5960,6000,5740,49937,290363495,302238000000,52200000,STK,ME005
488900,KR7488900002,비츠로넥스텍,KOSDAQ,기술성장기업부,10420,1,10,0.1,10670,10790,10400,59934,635605555,301934536060,28976443,KSQ,ME005
025770,KR7025770009,한국정보통신,KOSDAQ,우량기업부,8050,2,-230,-2.78,8280,8280,8040,9223,74491870,301426381550,37444271,KSQ,ME005
010820,KR7010820009,퍼스텍,KOSPI,,6160,1,150,2.5,6040,6170,5940,166519,1015997605,300435138080,48771938,STK,ME005
123890,KR7123890006,한국자산신탁,KOSPI,,2455,2,-35,-1.41,2490,2500,2450,59019,145501632,300427988330,122373926,STK,ME005
900290,HK0000307485,GRT,KOSDAQ,외국기업(소속부없음),3590,2,-55,-1.51,3605,3665,3505,128025,454127321,299802852960,83510544,KSQ,ME005
035810,KR7035810001,이지홀딩스,KOSDAQ,우량기업부,4645,1,75,1.64,4575,4650,4535,84521,390931445,299677679325,64516185,KSQ,ME005
010580,KR7010580009,에스엠벡셀,KOSPI,,2690,2,-100,-3.58,2675,2695,2620,551501,1467249195,299267234400,111251760,STK,ME005
352480,KR7352480008,씨앤씨인터내셔널,KOSDAQ,우량기업부,21950,1,250,1.15,21750,22200,21650,4414,96985350,299176326950,13629901,KSQ,ME005
000430,KR7000430009,대원강업,KOSPI,,4825,2,-20,-0.41,4800,4855,4650,58407,278802417,299150000000,62000000,STK,ME005
108670,KR7108670001,LX하우시스,KOSPI,,33250,2,-400,-1.19,34050,34050,33100,6138,204140525,298175027500,8967670,STK,ME005
200880,KR7200880003,서연이화,KOSPI,,11000,2,-30,-0.27,11120,11130,10950,10129,111497670,297312807000,27028437,STK,ME005
018250,KR7018250001,애경산업,KOSPI,,11250,2,-130,-1.14,11400,11500,11230,8187,92369860,297111768750,26409935,STK,ME005
005720,KR7005720008,넥센,KOSPI,,5640,3,0,0.0,5700,5700,5580,6781,38200610,296348030280,52543977,STK,ME005
002710,KR7002710002,TCC스틸,KOSPI,,11290,2,-520,-4.4,11690,11710,11270,75616,867865210,295952639130,26213697,STK,ME005
034830,KR7034830000,한국토지신탁,KOSPI,,1172,2,-12,-1.01,1186,1186,1168,70794,83140738,295917377560,252489230,STK,ME005
003120,KR7003120003,일성아이에스,KOSPI,,22100,3,0,0.0,22250,22350,21900,4224,93469450,293930000000,13300000,STK,ME005
017890,KR7017890005,한국알콜,KOSDAQ,우량기업부,14160,1,180,1.29,14140,14190,13820,12557,176393680,292736844960,20673506,KSQ,ME005
110990,KR7110990009,디아이티,KOSDAQ,우량기업부,15480,1,10,0.06,15410,15550,15230,12233,187568950,292572000000,18900000,KSQ,ME005
052710,KR7052710001,아모텍,KOSDAQ,중견기업부,15630,2,-280,-1.76,15910,16110,15380,327239,5157155485,291980904000,18680800,KSQ,ME005
001390,KR7001390004,KG케미칼,KOSPI,,4385,1,10,0.23,4425,4450,4360,16138,70734005,291179943860,66403636,STK,ME005
039440,KR7039440003,에스티아이,KOSDAQ,우량기업부,18720,2,-90,-0.48,18680,18810,18410,18666,345744515,290291919840,15507047,KSQ,ME005
101930,KR7101930006,인화정공,KOSDAQ,우량기업부,6350,2,-60,-0.94,6360,6400,6260,2843,17945850,290161160850,45694671,KSQ,ME005
001750,KR7001750009,한양증권,KOSPI,,19200,2,-100,-0.52,19230,19290,19110,3818,73356160,290102131200,15109486,STK,ME005
005950,KR7005950001,이수화학,KOSPI,,11030,2,-230,-2.04,11310,11310,11010,82125,910449115,290024684070,26294169,STK,ME005
010955,KR7010951002,S-Oil우,KOSPI,,72000,1,2300,3.3,70000,72900,68500,19566,1407921000,289578744000,4021927,STK,ME005
159010,KR7159010008,아스플로,KOSDAQ,벤처기업부,21700,1,50,0.23,21650,22150,21050,53151,1147324300,289363836300,13334739,KSQ,ME005
084690,KR7084690007,대상홀딩스,KOSPI,,7970,2,-50,-0.62,8060,8060,7930,9627,76735350,288613927860,36212538,STK,ME005
049070,KR7049070006,인탑스,KOSDAQ,우량기업부,18310,2,-210,-1.13,18500,18580,18120,22032,402063550,288241513000,15742300,KSQ,ME005
084010,KR7084010008,대한제강,KOSPI,,8370,2,-140,-1.65,8520,8520,8300,7912,66305710,287690258520,34371596,STK,ME005
099440,KR7099440000,스맥,KOSDAQ,중견기업부,4200,2,-115,-2.67,4320,4350,4195,143033,607376030,286622254800,68243394,KSQ,ME005
033270,KR7033270000,유나이티드제약,KOSPI,,17880,2,-90,-0.5,17990,18010,17850,8752,156698775,284484657000,15910775,STK,ME005
472850,KR7472850007,폰드그룹,KOSDAQ,중견기업부,4920,2,-60,-1.2,5040,5210,4870,35721,178000520,283252527840,57571652,KSQ,ME005
168360,KR7168360006,펨트론,KOSDAQ,벤처기업부,12630,2,-50,-0.39,12520,12890,12400,26552,333348230,282817994910,22392557,KSQ,ME005
200670,KR7200670008,휴메딕스,KOSDAQ,우량기업부,25150,1,150,0.6,25200,25300,24500,6995,173698950,282432739500,11229930,KSQ,ME005
105840,KR7105840003,우진,KOSPI,,13980,2,-760,-5.16,14990,14990,13950,344109,4886850560,282363426600,20197670,STK,ME005
084110,KR7084110006,휴온스글로벌,KOSDAQ,우량기업부,22300,1,100,0.45,22050,22400,21950,13271,293842200,282313807600,12659812,KSQ,ME005
330860,KR7330860008,네패스아크,KOSDAQ,중견기업부,23150,1,250,1.09,23250,23750,22650,38116,885007800,282060641750,12184045,KSQ,ME005
004430,KR7004430005,송원산업,KOSPI,,11740,1,20,0.17,11850,11880,11730,27123,319864150,281760000000,24000000,STK,ME005
058430,KR7058430000,포스코스틸리온,KOSPI,,4695,2,-30,-0.63,4730,4785,4685,37414,176654325,281700000000,60000000,STK,ME005
199800,KR7199800004,툴젠,KOSDAQ,기술성장기업부,31300,3,0,0.0,31100,31900,30150,22712,708681100,281625787700,8997629,KSQ,ME005
117730,KR7117730002,티로보틱스,KOSDAQ,벤처기업부,12410,2,-290,-2.28,12690,12750,12330,23329,290272805,279945313630,22558043,KSQ,ME005
136480,KR7136480001,하림,KOSDAQ,우량기업부,2635,2,-30,-1.13,2665,2675,2615,142775,375706893,279862564770,106209702,KSQ,ME005
054950,KR7054950001,제이브이엠,KOSDAQ,우량기업부,23100,1,50,0.22,23150,23250,22900,6109,140868050,279276505200,12089892,KSQ,ME005
092460,KR7092460005,한라IMS,KOSDAQ,우량기업부,16320,1,280,1.75,16170,16320,15750,4308,69549330,279229977600,17109680,KSQ,ME005
036200,KR7036200004,유니셈,KOSDAQ,우량기업부,9050,1,10,0.11,8940,9050,8860,47668,426192090,277511218150,30664223,KSQ,ME005
002900,KR7002900009,TYM,KOSPI,,6700,2,-50,-0.74,6750,6760,6600,79321,527598675,277380000000,41400000,STK,ME005
061970,KR7061970000,LB세미콘,KOSDAQ,중견기업부,3950,1,50,1.28,3905,3990,3855,77586,304438200,276827873700,70083006,KSQ,ME005
265520,KR7265520007,AP시스템,KOSDAQ,우량기업부,18320,1,240,1.33,18190,18320,18000,13643,247080490,275731040720,15050821,KSQ,ME005
035600,KR7035600006,KG이니시스,KOSDAQ,우량기업부,10000,2,-50,-0.5,10110,10110,9950,20476,204813550,275544340000,27554434,KSQ,ME005
482630,KR7482630001,삼양엔씨켐,KOSDAQ,중견기업부,12550,1,380,3.12,12200,12620,11960,47950,591080215,274697914000,21888280,KSQ,ME005
098070,KR7098070006,한텍,KOSDAQ,중견기업부,24650,1,500,2.07,25300,25700,24650,49336,1236093225,274136125650,11121141,KSQ,ME005
484590,KR7484590005,삼양컴텍,KOSDAQ,벤처기업부,6650,1,40,0.61,6710,6710,6560,28074,185680960,274049492500,41210450,KSQ,ME005
091810,KR7091810002,트리니티항공,KOSPI,,2680,2,-35,-1.29,2690,2755,2680,23184,62449905,273644323880,102106091,STK,ME005
122900,KR7122900004,아이마켓코리아,KOSPI,,8170,1,20,0.25,8150,8200,8100,14032,114759185,273113622800,33428840,STK,ME005
317330,KR7317330009,덕산테코피아,KOSDAQ,중견기업부,13300,1,50,0.38,13120,13640,12500,73046,964689080,272338567200,20476584,KSQ,ME005
286940,KR7286940002,롯데이노베이트,KOSPI,,17980,2,-110,-0.61,18400,18400,17900,2155,38791340,272026018660,15129367,STK,ME005
448280,KR7448280008,에코아이,KOSDAQ,중견기업부,9180,2,-120,-1.29,9110,9320,9110,1446,13326170,272013764220,29631129,KSQ,ME005
200470,KR7200470003,에이팩트,KOSDAQ,중견기업부,6200,1,50,0.81,6140,6230,6060,94149,579132760,271706047200,43823556,KSQ,ME005
017390,KR7017390006,서울가스,KOSPI,,54700,2,-600,-1.08,55400,55500,54500,2384,130807100,270765000000,4950000,STK,ME005
446540,KR7446540007,메가터치,KOSDAQ,중견기업부,9310,1,650,7.51,8660,9360,8440,506112,4595286680,270726523410,29079111,KSQ,ME005
456010,KR7456010008,아이씨티케이,KOSDAQ,기술성장기업부,18600,1,140,0.76,18270,19120,17820,499780,9230473765,269743710000,14502350,KSQ,ME005
389500,KR7389500000,에스비비테크,KOSDAQ,기술성장기업부,40450,2,-800,-1.94,40900,41050,39800,51751,2076435550,269537442400,6663472,KSQ,ME005
203650,KR7203650007,드림시큐리티,KOSDAQ,중견기업부,2650,2,-150,-5.36,2675,2725,2650,1396513,3743250330,269516882600,101704484,KSQ,ME005
309710,KR7309710002,아이티켐,KOSDAQ,관리종목(소속부없음),21000,3,0,0.0,0,0,0,0,0,268443021000,12783001,KSQ,ME005
042520,KR7042520007,한스바이오메드,KOSDAQ,벤처기업부,18700,2,-200,-1.06,18820,19220,18530,49172,922666130,266687562900,14261367,KSQ,ME005
216080,KR7216080002,제테마,KOSDAQ,벤처기업부,7150,2,-40,-0.56,7390,7390,6950,75555,532791095,266602757850,37287099,KSQ,ME005
036890,KR7036890002,진성티이씨,KOSDAQ,우량기업부,12090,2,-100,-0.82,12330,12330,12050,17116,207472855,266374412070,22032623,KSQ,ME005
078350,KR7078350006,한양디지텍,KOSDAQ,우량기업부,17470,1,220,1.28,17950,18240,17270,123799,2188443020,266319353540,15244382,KSQ,ME005
151860,KR7151860004,KG에코솔루션,KOSDAQ,우량기업부,5580,2,-80,-1.41,5660,5690,5580,53189,298568630,265624751160,47603002,KSQ,ME005
182400,KR7182400002,엔케이젠바이오텍코리아,KOSDAQ,관리종목(소속부없음),3670,3,0,0.0,0,0,0,0,0,265496721770,72342431,KSQ,ME005
091700,KR7091700005,파트론,KOSDAQ,우량기업부,5290,2,-40,-0.75,5390,5390,5260,54709,289349420,264500000000,50000000,KSQ,ME005
037710,KR7037710001,광주신세계,KOSPI,,34650,2,-400,-1.14,34800,35000,34550,9541,330907050,264281509800,7627172,STK,ME005
003200,KR7003200003,일신방직,KOSPI,,11480,1,80,0.7,11250,11670,11120,48610,553354970,263580800000,22960000,STK,ME005
439090,KR7439090002,마녀공장,KOSDAQ,우량기업부,16060,2,-340,-2.07,16370,16460,15940,43205,695744630,263275755600,16393260,KSQ,ME005
010690,KR7010690006,화신,KOSPI,,7510,1,10,0.13,7490,7520,7400,39310,292846615,262252279100,34920410,STK,ME005
267980,KR7267980001,매일유업,KOSDAQ,우량기업부,34100,2,-250,-0.73,34350,34350,34000,359,12238950,261330055800,7663638,KSQ,ME005
234340,KR7234340008,헥토파이낸셜,KOSDAQ,우량기업부,18690,2,-3310,-15.05,19630,19740,18520,739300,14122060875,261111560640,13970656,KSQ,ME005
377450,KR7377450002,리파인,KOSDAQ,우량기업부,15030,1,780,5.47,14390,15090,14300,33549,495808030,260469900000,17330000,KSQ,ME005
012210,KR7012210001,삼미금속,KOSDAQ,중견기업부,11290,2,-350,-3.01,11630,11810,11180,408906,4679010500,260252326910,23051579,KSQ,ME005
043150,KR7043150002,바텍,KOSDAQ,우량기업부,17510,2,-50,-0.28,17760,17760,17400,7380,129025510,260098022560,14854256,KSQ,ME005
078520,KR7078520004,에이블씨엔씨,KOSPI,,9980,3,0,0.0,10010,10080,9800,23640,234308550,259621326780,26014161,STK,ME005
051500,KR7051500007,CJ프레시웨이,KOSDAQ,우량기업부,21850,2,-850,-3.74,22450,22600,21750,6065,133206100,259394154100,11871586,KSQ,ME005
003960,KR7003960002,사조대림,KOSPI,,28200,2,-450,-1.57,28600,28600,27950,1985,55843550,258437969400,9164467,STK,ME005
0011T0,KR70011T0008,채비,KOSDAQ,기술성장기업부,5500,1,120,2.23,5450,5560,5260,134675,726602365,258222750500,46949591,KSQ,ME005
004360,KR7004360004,세방,KOSPI,,13480,2,-160,-1.17,13600,13610,13460,6628,89455380,257678328440,19115603,STK,ME005
121800,KR7121800007,비덴트,KOSDAQ,관리종목(소속부없음),3320,3,0,0.0,0,0,0,0,0,256309348520,77201611,KSQ,ME005
060720,KR7060720000,KH바텍,KOSDAQ,중견기업부,10815,2,-25,-0.23,10750,10860,10690,37655,405082205,256071535230,23677442,KSQ,ME005
334890,KR7334890001,이지스밸류플러스리츠,KOSPI,,3660,2,-45,-1.21,3700,3715,3630,45400,165638856,254182179780,69448683,STK,ME005
377460,KR7377460001,큐에이드,KOSDAQ,관리종목(소속부없음),4080,3,0,0.0,0,0,0,0,0,253187202960,62055687,KSQ,ME005
067390,KR7067390005,아스트,KOSDAQ,중견기업부,6010,1,190,3.26,5870,6120,5840,30753,183938960,253115699570,42115757,KSQ,ME005
053690,KR7053690004,한미글로벌,KOSPI,,23050,3,0,0.0,23000,23250,22150,84192,1916820350,252571527500,10957550,STK,ME005
005430,KR7005430004,한국공항,KOSPI,,79500,1,1600,2.05,78600,80400,77800,1178,92962400,251725222500,3166355,STK,ME005
228760,KR7228760005,지노믹트리,KOSDAQ,기술성장기업부,10060,2,-70,-0.69,10050,10190,9930,29481,294718880,250083572120,24859202,KSQ,ME005
001790,KR7001790005,대한제당,KOSPI,,2885,2,-10,-0.35,2900,2915,2880,120451,349100590,248807924775,86241915,STK,ME005
304360,KR7304360001,에스바이오메딕스,KOSDAQ,벤처기업부,20050,2,-600,-2.91,20500,20500,19850,10314,206165080,248321816400,12385128,KSQ,ME005
294570,KR7294570007,쿠콘,KOSDAQ,우량기업부,24600,2,-4550,-15.61,26300,26400,24300,153108,3872762200,248256607200,10091732,KSQ,ME005
023410,KR7023410004,유진기업,KOSDAQ,중견기업부,3210,1,5,0.16,3205,3250,3195,47465,152889504,248167870230,77310863,KSQ,ME005
461300,KR7461300006,아이스크림미디어,KOSDAQ,벤처기업부,18550,2,-550,-2.88,19210,19320,18310,23912,448399545,247344457150,13333933,KSQ,ME005
005680,KR7005680004,삼영전자,KOSPI,,12340,1,90,0.73,12500,13740,12280,92349,1178331785,246800000000,20000000,STK,ME005
378340,KR7378340004,필에너지,KOSDAQ,중견기업부,11350,2,-110,-0.96,11350,11490,11310,4978,56604720,245658060700,21643882,KSQ,ME005
136490,KR7136490000,선진,KOSPI,,10330,2,-150,-1.43,10510,10510,10280,11723,121168360,245643309320,23779604,STK,ME005
287840,KR7287840003,인투셀,KOSDAQ,기술성장기업부,16340,2,-100,-0.61,16400,16410,15950,7853,127315005,245458826400,15021960,KSQ,ME005
376270,KR7376270005,HEM파마,KOSDAQ,기술성장기업부,33950,1,350,1.04,33950,34450,33550,3887,131949600,245090040650,7219147,KSQ,ME005
432320,KR7432320000,KB스타리츠,KOSPI,,1622,1,11,0.68,1628,1658,1606,277326,455470349,244539670270,150764285,STK,ME005
298690,KR7298690009,에어부산,KOSPI,,1501,2,-8,-0.53,1540,1540,1499,40537,60897216,244535222872,162914872,STK,ME005
007160,KR7007160005,사조산업,KOSPI,,48900,2,-1500,-2.98,50000,50000,47000,1207,59060400,244500000000,5000000,STK,ME005
005500,KR7005500004,삼진제약,KOSPI,,18310,2,-80,-0.44,18500,18500,18250,10141,185661450,243889200000,13320000,STK,ME005
011560,KR7011560000,세보엠이씨,KOSDAQ,우량기업부,24150,1,350,1.47,23900,24250,23500,13609,325650450,243549658800,10084872,KSQ,ME005
068930,KR7068930007,디지털대성,KOSDAQ,우량기업부,8780,2,-60,-0.68,8760,8860,8730,4847,42559780,242989502760,27675342,KSQ,ME005
024840,KR7024840001,KBI메탈,KOSDAQ,중견기업부,5610,1,250,4.66,5550,5790,5490,1488306,8347525005,242863833960,43291236,KSQ,ME005
003920,KR7003920006,남양유업,KOSPI,,42800,2,-350,-0.81,42800,43950,42500,182,7772850,242823531600,5673447,STK,ME005
030210,KR7030210009,다올투자증권,KOSPI,,3970,2,-20,-0.5,4020,4020,3950,54747,217167539,241817090820,60911106,STK,ME005
389650,KR7389650003,넥스트바이오메디컬,KOSDAQ,기술성장기업부,29200,2,-950,-3.15,30050,30050,28700,9968,291124700,241696751200,8277286,KSQ,ME005
044820,KR7044820009,코스맥스비티아이,KOSPI,,25150,1,1200,5.01,23850,25550,22900,41961,1036447950,241538613150,9603921,STK,ME005
160980,KR7160980009,싸이맥스,KOSDAQ,우량기업부,22050,1,300,1.38,21650,22550,21550,41547,913288650,240879558150,10924243,KSQ,ME005
025000,KR7025000001,KPX케미칼,KOSPI,,55000,1,100,0.18,55300,55300,54500,2804,153799000,240828995000,4378709,STK,ME005
243070,KR7243070000,휴온스,KOSDAQ,우량기업부,20050,2,-100,-0.5,20150,20150,19960,4034,80706710,240192283250,11979665,KSQ,ME005
089980,KR7089980007,상아프론테크,KOSDAQ,우량기업부,14880,1,100,0.68,15060,15060,14640,2635,38955860,237916870560,15989037,KSQ,ME005
036030,KR7036030005,케이티알파,KOSDAQ,우량기업부,4850,1,35,0.73,4815,4850,4790,10681,51467195,237742833850,49019141,KSQ,ME005
064820,KR7064820004,케이프,KOSDAQ,우량기업부,7700,2,-90,-1.16,7760,7790,7650,11892,91496630,237623655500,30860215,KSQ,ME005
073490,KR7073490005,LIG아큐버,KOSDAQ,우량기업부,31200,1,1600,5.41,31800,32200,30500,83315,2597127125,237239995200,7603846,KSQ,ME005
064550,KR7064550007,바이오니아,KOSDAQ,중견기업부,9140,2,-720,-7.3,9750,9770,9030,256321,2403760175,235906059740,25810291,KSQ,ME005
389260,KR7389260001,대명에너지,KOSDAQ,우량기업부,13080,1,90,0.69,13010,13140,12920,37977,495831780,234345531000,17916325,KSQ,ME005
065710,KR7065710006,서호전기,KOSDAQ,우량기업부,45400,2,-100,-0.22,45850,45850,45150,824,37310900,233810000000,5150000,KSQ,ME005
008490,KR7008490005,서흥,KOSPI,,20200,1,50,0.25,20350,20450,19970,8695,174409705,233696082600,11569113,STK,ME005
348950,KR7348950007,제이알글로벌리츠,KOSPI,,1182,3,0,0.0,0,0,0,0,0,233298432000,197376000,STK,ME005
452280,KR7452280001,한선엔지니어링,KOSDAQ,우량기업부,12120,1,1430,13.38,11030,13200,10880,3354028,41098548485,233281760400,19247670,KSQ,ME005
404990,KR7404990004,신한서부티엔디리츠,KOSPI,,3780,1,15,0.4,3790,3795,3730,9025,33887655,232953310800,61627860,STK,ME005
003070,KR7003070000,코오롱글로벌,KOSPI,,9160,2,-40,-0.43,9200,9380,9100,3932,36005170,232883464440,25423959,STK,ME005
019010,KR7019010008,베뉴지,KOSDAQ,중견기업부,4825,2,-55,-1.13,4855,4905,4670,159476,760783872,232565000000,48200000,KSQ,ME005
000540,KR7000540005,흥국화재,KOSPI,,3620,1,5,0.14,3625,3640,3555,25223,90685335,232558374900,64242645,STK,ME005
108860,KR7108860008,셀바스AI,KOSDAQ,벤처기업부,8640,2,-190,-2.15,8660,8800,8570,68360,591168125,232543785600,26914790,KSQ,ME005
298830,KR7298830001,슈어소프트테크,KOSDAQ,우량기업부,4335,1,35,0.81,4310,4350,4220,66034,283812081,231742593165,53458499,KSQ,ME005
001460,KR7001460005,BYC,KOSPI,,37050,3,0,0.0,36700,37350,36600,1116,41283050,231419857500,6246150,STK,ME005
180400,KR7180400004,DXVX,KOSDAQ,관리종목(소속부없음),2350,2,-15,-0.63,2350,2470,2325,7357,17357490,231309165200,98429432,KSQ,ME005
493280,KR7493280002,아이엠바이오로직스,KOSDAQ,기술성장기업부,15590,2,-710,-4.36,16300,16440,15530,37356,590096760,231301798910,14836549,KSQ,ME005
190510,KR7190510008,나무가,KOSDAQ,우량기업부,16420,1,1450,9.69,16950,17060,16300,315290,5231344250,231280905140,14085317,KSQ,ME005
042370,KR7042370007,비츠로테크,KOSDAQ,우량기업부,8790,1,310,3.66,8600,9030,8600,183491,1620178180,230298219750,26200025,KSQ,ME005
000680,KR7000680009,LS네트웍스,KOSPI,,2920,2,-5,-0.17,2945,3050,2905,48703,144508418,230104806720,78803016,STK,ME005
045390,KR7045390002,대아티아이,KOSDAQ,우량기업부,3265,1,10,0.31,3225,3290,3225,177587,578657201,230095575905,70473377,KSQ,ME005
043370,KR7043370006,피에이치에이,KOSDAQ,우량기업부,10950,2,-50,-0.45,10930,10980,10810,8672,94245300,229950000000,21000000,KSQ,ME005
134380,KR7134380005,미원화학,KOSPI,,10450,1,10,0.1,10880,10880,10440,449,4717440,229823506000,21992680,STK,ME005
0030R0,KR70030R0007,대신밸류리츠,KOSPI,,3835,1,10,0.26,3845,3845,3765,6001,22878364,229256300000,59780000,STK,ME005
044450,KR7044450005,KSS해운,KOSPI,,10150,1,190,1.91,9990,10200,9980,21697,220214035,229161878750,22577525,STK,ME005
226320,KR7226320000,잇츠한불,KOSPI,,10400,2,-30,-0.29,10400,10600,10330,6732,70066720,228064876000,21929315,STK,ME005
200130,KR7200130003,콜마비앤에이치,KOSDAQ GLOBAL,우량기업부,7920,2,-70,-0.88,7950,7970,7870,16994,134489590,227902419360,28775558,KSQ,ME005
001470,KR7001470004,삼부토건,KOSPI,,5820,3,0,0.0,0,0,0,0,0,227794235460,39139903,STK,ME005
000490,KR7000490003,대동,KOSPI,,7890,2,-40,-0.5,7940,7940,7840,40891,322182190,227443964850,28826865,STK,ME005
051905,KR7051901007,LG생활건강우,KOSPI,,108400,1,1300,1.21,107500,108700,106900,3814,410362700,227234475600,2096259,STK,ME005
086390,KR7086390002,유니테스트,KOSDAQ,중견기업부,10750,1,130,1.22,10610,11000,10470,30747,327902195,227191854500,21134126,KSQ,ME005
354320,KR7354320004,알멕,KOSDAQ,기술성장기업부,35500,2,-3200,-8.27,38350,38450,34550,78237,2828607325,226894025500,6391381,KSQ,ME005
003650,KR7003650009,미창석유,KOSPI,,130400,2,-600,-0.46,131700,131700,129200,480,62503400,226853228800,1739672,STK,ME005
100120,KR7100120005,뷰웍스,KOSDAQ,우량기업부,25250,1,400,1.61,25300,25450,24850,4578,114758250,226528127750,8971411,KSQ,ME005
114190,KR7114190002,강원에너지,KOSDAQ,중견기업부,8650,2,-60,-0.69,8750,8790,8610,21706,188291030,225964278700,26123038,KSQ,ME005
002320,KR7002320000,한진,KOSPI,,14480,2,-70,-0.48,14530,14580,14460,5782,83768660,224709559680,15518616,STK,ME005
0001A0,KR70001A0001,덕양에너젠,KOSDAQ,중견기업부,8790,1,210,2.45,8690,8910,8600,33880,297684400,223872175980,25468962,KSQ,ME005
023760,KR7023760002,한국캐피탈,KOSDAQ,우량기업부,1415,2,-12,-0.84,1430,1430,1412,15123,21428072,223293775020,157804788,KSQ,ME005
000050,KR7000050005,경방,KOSPI,,8130,2,-50,-0.61,8190,8190,8070,5567,45087400,222886145100,27415270,STK,ME005
0008Z0,KR70008Z0005,에스엔시스,KOSDAQ,벤처기업부,23600,2,-150,-0.63,23750,23950,23350,3753,88587800,222702910400,9436564,KSQ,ME005
215000,KR7215000001,골프존,KOSDAQ,우량기업부,35350,2,-200,-0.56,35300,35450,35150,2926,103241850,221835920250,6275415,KSQ,ME005
382900,KR7382900009,범한퓨얼셀,KOSDAQ,벤처기업부,25250,1,150,0.6,26150,26250,24950,145535,3714754550,221215250000,8761000,KSQ,ME005
009680,KR7009680000,모토닉,KOSPI,,10170,2,-120,-1.17,10270,10270,10080,14334,145203360,221025565980,21733094,STK,ME005
034120,KR7034120006,SBS,KOSPI,,11860,2,-40,-0.34,11940,11970,11780,1715,20424540,220017682680,18551238,STK,ME005
237880,KR7237880000,클리오,KOSDAQ,우량기업부,12170,2,-140,-1.14,12190,12380,12130,18295,223171570,219928366010,18071353,KSQ,ME005
094360,KR7094360005,칩스앤미디어,KOSDAQ,벤처기업부,10270,2,-230,-2.19,10430,10510,10230,15957,164234970,219318663980,21355274,KSQ,ME005
001340,KR7001340009,PKC,KOSPI,,4870,2,-45,-0.92,4915,4950,4865,19573,95721965,219286793430,45028089,STK,ME005
028100,KR7028100006,동아지질,KOSPI,,19500,1,810,4.33,19010,19870,18550,132697,2550154670,218831281500,11222117,STK,ME005
005010,KR7005010004,휴스틸,KOSPI,,3880,2,-35,-0.89,3920,3945,3810,109866,426978074,218009731000,56188075,STK,ME005
416180,KR7416180008,신성에스티,KOSDAQ,벤처기업부,24100,2,-100,-0.41,24750,24750,23950,2428,58596700,217858649800,9039778,KSQ,ME005
445090,KR7445090004,에이직랜드,KOSDAQ,벤처기업부,19880,1,30,0.15,19780,20000,19680,3855,76270150,217202081040,10925658,KSQ,ME005
033920,KR7033920000,무학,KOSPI,,7620,2,-30,-0.39,7550,7710,7550,8092,61591300,217170000000,28500000,STK,ME005
243840,KR7243840006,신흥에스이씨,KOSDAQ,우량기업부,5620,3,0,0.0,5670,5700,5510,37565,209458580,216697280700,38558235,KSQ,ME005
144510,KR7144510005,지씨셀,KOSDAQ,중견기업부,13710,2,-310,-2.21,14000,14240,13700,11487,158767520,216622716240,15800344,KSQ,ME005
003720,KR7003720000,삼영,KOSPI,,6370,1,180,2.91,6150,6370,6150,51324,321218320,216580000000,34000000,STK,ME005
000320,KR7000320002,노루홀딩스,KOSPI,,16270,1,40,0.25,16340,16450,16190,952,15492560,216247026770,13291151,STK,ME005
018310,KR7018310003,삼목에스폼,KOSDAQ,우량기업부,14670,1,320,2.23,14600,14700,14400,11300,164993260,215649000000,14700000,KSQ,ME005
475560,KR7475560009,더본코리아,KOSPI,,14530,2,-190,-1.29,14620,14820,14520,6197,90793585,215450404100,14827970,STK,ME005
001250,KR7001250000,GS글로벌,KOSPI,,2610,1,5,0.19,2600,2625,2585,82010,213613256,215413124040,82533764,STK,ME005
900140,KYG5307W1015,엘브이엠씨홀딩스,KOSPI,,1114,2,-9,-0.8,1137,1137,1098,164786,183326136,215269841248,193240432,STK,ME005
03473K,KR703473K016,SK우,KOSPI,,379000,2,-6000,-1.56,381500,388000,376000,565,214201000,214565165000,566135,STK,ME005
035510,KR7035510007,신세계 I&C,KOSPI,,15320,2,-10,-0.07,15230,15620,15200,53189,817667190,214187388000,13980900,STK,ME005
047920,KR7047920004,HLB제약,KOSDAQ,기술성장기업부,6520,2,-180,-2.69,6710,6750,6470,57308,376456205,213851801120,32799356,KSQ,ME005
053300,KR7053300000,한국정보인증,KOSDAQ,우량기업부,5400,2,-100,-1.82,5500,5630,5310,779033,4262776035,213651788400,39565146,KSQ,ME005
254490,KR7254490006,미래반도체,KOSDAQ,우량기업부,14790,2,-60,-0.4,14710,15000,14510,8723,128680120,213538020000,14438000,KSQ,ME005
298000,KR7298000001,효성화학,KOSPI,,56300,1,1300,2.36,55000,56300,54500,10111,562181600,213478959300,3791811,STK,ME005
017860,KR7017860008,DS단석,KOSPI,,11960,2,-200,-1.64,12160,12160,11880,21186,253671930,211137462640,17653634,STK,ME005
394280,KR7394280002,오픈엣지테크놀로지,KOSDAQ,기술성장기업부,8010,1,30,0.38,7960,8010,7750,33422,262906985,211035705300,26346530,KSQ,ME005
290690,KR7290690007,아리바이오홀딩스,KOSDAQ,중견기업부,3975,2,-120,-2.93,4050,4080,3930,238387,952000260,210964399875,53072805,KSQ,ME005
067080,KR7067080002,대화제약,KOSDAQ,중견기업부,11320,1,30,0.27,11150,11580,11110,65588,741250685,210740478000,18616650,KSQ,ME005
475400,KR7475400008,씨메스로보틱스,KOSDAQ,기술성장기업부,17820,2,-840,-4.5,18340,18410,17750,34458,620145720,210398851080,11806894,KSQ,ME005
092200,KR7092200005,디아이씨,KOSPI,,5400,2,-50,-0.92,5450,5500,5350,68977,372698770,209998272600,38888569,STK,ME005
459510,KR7459510004,나우로보틱스,KOSDAQ,기술성장기업부,16150,2,-130,-0.8,16650,16690,16060,54989,894498065,209600869300,12978382,KSQ,ME005
005710,KR7005710009,대원산업,KOSDAQ,우량기업부,10430,2,-70,-0.67,10500,11080,10310,5985,63666350,208992168000,20037600,KSQ,ME005
481070,KR7481070001,에이유브랜즈,KOSDAQ,중견기업부,14580,2,-580,-3.83,15030,15400,14560,7783,115600640,208935045000,14330250,KSQ,ME005
036710,KR7036710002,심텍홀딩스,KOSDAQ,중견기업부,3950,1,50,1.28,3910,4000,3825,19077,74593979,208669628300,52827754,KSQ,ME005
950170,KR8392080006,JTC,KOSDAQ,외국기업(소속부없음),4270,2,-30,-0.7,4325,4325,4135,1554,6606700,208261201050,48773115,KSQ,ME005
035150,KR7035150002,백산,KOSPI,,10510,2,-70,-0.66,10680,10690,10480,2604,27386790,207794040290,19771079,STK,ME005
199430,KR7199430000,케이엔알시스템,KOSDAQ,기술성장기업부,18550,2,-1020,-5.21,19000,19120,18500,126746,2381364280,207705147650,11197043,KSQ,ME005
125020,KR7125020008,티씨머티리얼즈,KOSDAQ,중견기업부,5920,1,140,2.42,5800,6050,5750,249988,1471027410,207428216000,35038550,KSQ,ME005
241520,KR7241520006,DSC인베스트먼트,KOSDAQ,중견기업부,7780,2,-30,-0.38,7810,7900,7650,61646,478034730,206948000000,26600000,KSQ,ME005
425040,KR7425040003,티이엠씨,KOSDAQ,우량기업부,9430,1,290,3.17,9240,9570,9170,123055,1149684435,206732928140,21922898,KSQ,ME005
024060,KR7024060006,흥구석유,KOSDAQ,중견기업부,13780,2,-1200,-8.01,15300,15580,13780,1839061,27233549515,206700000000,15000000,KSQ,ME005
380540,KR7380540005,옵티코어,KOSDAQ,관리종목(소속부없음),8450,3,0,0.0,0,0,0,0,0,206658126350,24456583,KSQ,ME005
053030,KR7053030003,바이넥스,KOSDAQ,중견기업부,6320,2,-60,-0.94,6310,6380,6260,24203,152488230,206564068160,32684188,KSQ,ME005
049430,KR7049430002,코메론,KOSDAQ,우량기업부,22800,1,400,1.79,22950,23100,22450,23882,542938875,206294400000,9048000,KSQ,ME005
013580,KR7013580006,계룡건설,KOSPI,,23050,1,300,1.32,22750,23300,22600,20069,461635825,205857406350,8930907,STK,ME005
462350,KR7462350000,이노스페이스,KOSDAQ,기술성장기업부,6070,1,170,2.88,5920,6090,5880,46241,278311370,205661142040,33881572,KSQ,ME005
365270,KR7365270008,큐라클,KOSDAQ,기술성장기업부,9270,2,-90,-0.96,9300,9340,9070,14267,130739160,205395315840,22156992,KSQ,ME005
088260,KR7088260005,이리츠코크렙,KOSPI,,3235,2,-10,-0.31,3215,3255,3210,18789,60881508,204910043650,63341590,STK,ME005
014940,KR7014940001,오리엔탈정공,KOSDAQ,우량기업부,4495,2,-10,-0.22,4520,4520,4445,43931,196209795,204853606195,45573661,KSQ,ME005
206640,KR7206640005,바디텍메드,KOSDAQ,우량기업부,9320,2,-110,-1.17,9400,9530,9270,11882,110751185,204181823720,21907921,KSQ,ME005
095500,KR7095500005,미래나노텍,KOSDAQ,우량기업부,6570,2,-50,-0.76,6610,6610,6490,18003,117853860,203735693430,31009999,KSQ,ME005
353810,KR7353810005,이지바이오,KOSDAQ,우량기업부,6150,1,130,2.16,6020,6190,5970,40273,245397240,203453808000,33081920,KSQ,ME005
217730,KR7217730001,강스템바이오텍,KOSDAQ,기술성장기업부,2160,1,15,0.7,2215,2225,2145,63756,138643155,203156961840,94054149,KSQ,ME005
272110,KR7272110008,케이엔제이,KOSDAQ,우량기업부,25250,2,-150,-0.59,25900,25900,24950,18514,466976000,202641223750,8025395,KSQ,ME005
036190,KR7036190007,금화피에스시,KOSDAQ,우량기업부,33750,2,-200,-0.59,34550,34650,33650,708,23961800,202500000000,6000000,KSQ,ME005
011500,KR7011500006,한농화성,KOSPI,,12950,2,-90,-0.69,12970,13240,12910,13557,176154080,202499693900,15637042,STK,ME005
094480,KR7094480001,갤럭시아머니트리,KOSDAQ,우량기업부,5160,2,-430,-7.69,5350,5360,5000,334523,1746283300,202425964080,39229838,KSQ,ME005
000480,KR7000480004,CR홀딩스,KOSPI,,4305,2,-90,-2.05,4395,4395,4300,24068,103774225,201863559450,46890490,STK,ME005
314930,KR7314930009,바이오다인,KOSDAQ,기술성장기업부,6780,2,-170,-2.45,6950,6990,6700,6660,45086590,201800618340,29764103,KSQ,ME005
061090,KR7061090007,세나테크놀로지,KOSDAQ,벤처기업부,36850,2,-50,-0.14,37100,37100,36500,4411,162249950,201479217500,5467550,KSQ,ME005
065680,KR7065680001,우주일렉트로,KOSDAQ,우량기업부,21800,2,-100,-0.46,22000,22000,21550,1237,26786400,201442267800,9240471,KSQ,ME005
099430,KR7099430001,바이오플러스,KOSDAQ,우량기업부,3260,1,55,1.72,3200,3315,3175,85432,277985998,200948753720,61640722,KSQ,ME005
000650,KR7000650002,천일고속,KOSPI,,140500,1,500,0.36,140100,142700,139500,270,38072800,200805410000,1429220,STK,ME005
037270,KR7037270006,YG PLUS,KOSPI,,3150,2,-15,-0.47,3210,3210,3125,26383,83258780,200538796500,63663110,STK,ME005
003555,KR7003551009,LG우,KOSPI,,66300,2,-800,-1.19,67500,67500,65600,4944,327447100,199642493700,3011199,STK,ME005
484120,KR7484120001,도우인시스,KOSDAQ,중견기업부,18210,2,-480,-2.57,18770,18770,18200,4797,88046090,199534654620,10957422,KSQ,ME005
064850,KR7064850001,에프앤가이드,KOSDAQ,벤처기업부,17390,1,550,3.27,16840,17390,16770,10414,178347195,198425673480,11410332,KSQ,ME005
067290,KR7067290007,JW신약,KOSDAQ,중견기업부,3540,2,-140,-3.8,3710,3745,3505,5515159,19814313362,198371344620,56037103,KSQ,ME005
058970,KR7058970005,엠로,KOSDAQ,기술성장기업부,16030,2,-320,-1.96,16260,16430,15900,8577,137105370,198175587820,12362794,KSQ,ME005
004980,KR7004980009,성신양회,KOSPI,,8080,2,-50,-0.62,8100,8140,8040,15479,124821460,198089869840,24516073,STK,ME005
123330,KR7123330003,제닉,KOSDAQ,우량기업부,24850,1,300,1.22,24550,24950,24250,44790,1099324650,198021698000,7968680,KSQ,ME005
377190,KR7377190004,디앤디플랫폼리츠,KOSPI,,2240,1,5,0.22,2235,2240,2215,47112,105219669,198016000000,88400000,STK,ME005
100250,KR7100250000,진양홀딩스,KOSPI,,3085,2,-25,-0.8,3115,3115,3080,16689,51494125,197131500000,63900000,STK,ME005
005960,KR7005960000,동부건설,KOSPI,,8580,1,550,6.85,8240,8620,8030,104421,878720170,196882368540,22946663,STK,ME005
112290,KR7112290002,와이씨켐,KOSDAQ,기술성장기업부,9730,1,50,0.52,9760,9770,9580,16903,163185005,196751205700,20221090,KSQ,ME005
042420,KR7042420000,네오위즈홀딩스,KOSDAQ,우량기업부,24150,3,0,0.0,24300,24300,23850,5388,129159350,196636134450,8142283,KSQ,ME005
307180,KR7307180000,아이엘,KOSDAQ,벤처기업부,5310,1,20,0.38,5310,5370,5160,61048,321228190,196022239560,36915676,KSQ,ME005
452450,KR7452450000,피아이이,KOSDAQ,벤처기업부,5440,1,400,7.94,5100,5600,5100,413206,2231472910,195995040000,36028500,KSQ,ME005
117580,KR7117580001,대성에너지,KOSPI,,7120,2,-110,-1.52,7230,7340,7120,81198,585113190,195800000000,27500000,STK,ME005
039570,KR7039570007,HDC랩스,KOSPI,,7530,2,-10,-0.13,7530,7600,7510,6593,49681540,195460735530,25957601,STK,ME005
413630,KR7413630005,씨피시스템,KOSDAQ,벤처기업부,5350,1,850,18.89,4480,5400,4290,17492326,85386893770,194935836750,36436605,KSQ,ME005
256840,KR7256840000,한국비엔씨,KOSDAQ,우량기업부,2845,1,20,0.71,2805,2905,2805,530805,1516061937,194583450670,68394886,KSQ,ME005
450950,KR7450950001,아스테라시스,KOSDAQ,벤처기업부,5170,2,-90,-1.71,5060,5260,5060,2346,12023760,194534650640,37627592,KSQ,ME005
078150,KR7078150000,HB테크놀러지,KOSDAQ,우량기업부,2035,2,-5,-0.25,2040,2055,2005,271010,549084750,193165858930,94921798,KSQ,ME005
052330,KR7052330008,코텍,KOSDAQ,우량기업부,10860,2,-70,-0.64,10910,10990,10830,9162,99902210,192890856540,17761589,KSQ,ME005
080720,KR7080720006,한국유니온제약,KOSDAQ,관리종목(소속부없음),2410,3,0,0.0,0,0,0,0,0,192441519730,79851253,KSQ,ME005
001630,KR7001630003,종근당홀딩스,KOSPI,,38350,2,-200,-0.52,38650,38650,38150,2032,77888050,192128169350,5009861,STK,ME005
013120,KR7013120001,동원개발,KOSDAQ,우량기업부,2115,2,-35,-1.63,2140,2140,2105,26094,55289245,192059131500,90808100,KSQ,ME005
001130,KR7001130004,대한제분,KOSPI,,11340,2,-140,-1.22,11480,11480,11310,4936,56161660,191646000000,16900000,STK,ME005
053210,KR7053210001,스카이라이프,KOSPI,,4030,2,-5,-0.12,4035,4045,4020,10931,44163785,191517508650,47522955,STK,ME005
339770,KR7339770000,교촌에프앤비,KOSPI,,3830,2,-15,-0.39,3845,3880,3825,10635,40805371,191366256400,49965080,STK,ME005
003520,KR7003520004,영진약품,KOSPI,,1043,1,3,0.29,1057,1058,1033,96818,100805831,190757118433,182892731,STK,ME005
126730,KR7126730001,코칩,KOSDAQ,벤처기업부,21750,1,200,0.93,21450,22300,21000,155159,3369257125,190750240500,8770126,KSQ,ME005
046120,KR7046120002,오르비텍,KOSDAQ,중견기업부,5630,2,-70,-1.23,5850,6030,5510,549661,3143085710,190606087790,33855433,KSQ,ME005
484810,KR7484810007,티엑스알로보틱스,KOSDAQ,벤처기업부,12330,2,-270,-2.14,12530,12670,12270,51461,638108335,190509781950,15450915,KSQ,ME005
388050,KR7388050007,지투파워,KOSDAQ,우량기업부,10180,2,-280,-2.68,10460,10550,10100,250833,2571208665,190462068660,18709437,KSQ,ME005
000390,KR7000390005,SP삼화,KOSPI,,6990,1,210,3.1,6780,7090,6770,76301,531464945,190152248310,27203469,STK,ME005
036560,KR7036560001,KZ정밀,KOSDAQ,우량기업부,12070,2,-40,-0.33,12120,12280,12070,823,9971230,190102500000,15750000,KSQ,ME005
318060,KR7318060001,그래피,KOSDAQ,기술성장기업부,16970,1,60,0.35,16760,17160,16320,23006,384146870,189846393690,11187177,KSQ,ME005
004560,KR7004560009,현대비앤지스틸,KOSPI,,12580,1,130,1.04,12330,12710,12210,32199,402872755,189691442380,15078811,STK,ME005
126600,KR7126600006,BGF에코머티리얼즈,KOSDAQ,우량기업부,3020,2,-5,-0.17,3040,3040,3005,5459,16473145,189556034980,62766899,KSQ,ME005
115450,KR7115450009,HLB테라퓨틱스,KOSDAQ,중견기업부,1999,1,3,0.15,2000,2000,1953,60944,120674504,189271904706,94683294,KSQ,ME005
192440,KR7192440006,슈피겐코리아,KOSDAQ,우량기업부,30400,1,300,1.0,30100,30400,30000,2259,68140550,188977435200,6216363,KSQ,ME005
304100,KR7304100001,솔트룩스,KOSDAQ,기술성장기업부,14970,2,-460,-2.98,15270,15280,14890,36645,550166485,188530009350,12593855,KSQ,ME005
034810,KR7034810002,해성산업,KOSDAQ,중견기업부,5950,2,-30,-0.5,5970,5980,5780,12131,71074445,187901904400,31580152,KSQ,ME005
095570,KR7095570008,AJ네트웍스,KOSPI,,4145,2,-10,-0.24,4195,4195,4125,23875,98704635,187572686055,45252759,STK,ME005
016790,KR7016790008,현대사료,KOSDAQ,관리종목(소속부없음),994,3,0,0.0,0,0,0,0,0,187340898626,188471729,KSQ,ME005
003547,KR7003542008,대신증권2우B,KOSPI,,19500,2,-50,-0.26,19700,19700,19450,3638,71054270,187329987000,9606666,STK,ME005
128820,KR7128820008,대성산업,KOSPI,,4135,2,-45,-1.08,4180,4190,4130,38087,158600610,187048701530,45235478,STK,ME005
066620,KR7066620006,국보디자인,KOSDAQ,우량기업부,24900,2,-100,-0.4,25000,25400,24800,2158,53959400,186750000000,7500000,KSQ,ME005
016580,KR7016580003,환인제약,KOSPI,,10020,2,-170,-1.67,10180,10180,10010,9207,92476550,186372701400,18600070,STK,ME005
102260,KR7102260007,동성케미컬,KOSPI,,3670,2,-10,-0.27,3680,3695,3650,44740,164236625,185957398970,50669591,STK,ME005
462860,KR7462860008,더즌,KOSDAQ,벤처기업부,2590,2,-550,-17.52,2740,2810,2555,2951709,7901277509,185849394570,71756523,KSQ,ME005
088800,KR7088800008,에이스테크,KOSDAQ,중견기업부,2450,1,565,29.97,2000,2450,1943,1018754,2443814606,184990763300,75506434,KSQ,ME005
403850,KR7403850001,더핑크퐁컴퍼니,KOSDAQ,중견기업부,12870,1,320,2.55,12570,12910,12460,37993,484402460,184697498700,14351010,KSQ,ME005
015230,KR7015230006,대창단조,KOSPI,,6800,1,50,0.74,6770,6800,6660,18519,125389350,184576616000,27143620,STK,ME005
102460,KR7102460003,이연제약,KOSPI,,9930,2,-30,-0.3,9960,10050,9900,11414,113414240,184567033230,18586811,STK,ME005
260870,KR7260870001,SK시그넷,KONEX,일반기업부,8100,1,10,0.12,8100,8100,8100,9884,80060400,184521118500,22780385,KNX,ME005
143240,KR7143240000,사람인,KOSDAQ,우량기업부,17160,1,130,0.76,17060,17260,16980,2928,50294210,184173663960,10732731,KSQ,ME005
475040,KR7475040002,스트라드비젼,KOSDAQ,기술성장기업부,3410,2,-75,-2.15,3500,3570,3345,482125,1670880951,183544348020,53825322,KSQ,ME005
220100,KR7220100002,퓨쳐켐,KOSDAQ,기술성장기업부,8180,2,-90,-1.09,8140,8210,8000,25172,203693720,183456295600,22427420,KSQ,ME005
102940,KR7102940004,코오롱생명과학,KOSDAQ,중견기업부,14010,2,-30,-0.21,14170,14170,13800,33361,465754715,183399348030,13090603,KSQ,ME005
194700,KR7194700001,노바렉스,KOSDAQ,우량기업부,10010,2,-20,-0.2,10030,10130,9970,21626,216432340,182731028480,18254848,KSQ,ME005
000140,KR7000140004,하이트진로홀딩스,KOSPI,,7870,2,-60,-0.76,7940,8050,7840,5526,43604610,182637240550,23206765,STK,ME005
134580,KR7134580000,탑코미디어,KOSDAQ,중견기업부,3705,2,-210,-5.36,3965,3980,3675,207523,781145415,182634822045,49294149,KSQ,ME005
080160,KR7080160005,모두투어,KOSDAQ,우량기업부,9650,2,-80,-0.82,9650,9820,9510,31607,304260905,182385000000,18900000,KSQ,ME005
263860,KR7263860009,지니언스,KOSDAQ,벤처기업부,20050,1,970,5.08,19070,22050,18950,1229923,25540169805,182045980000,9079600,KSQ,ME005
003610,KR7003610003,방림,KOSPI,,5620,2,-140,-2.43,5760,5760,5600,30910,174329030,180462572360,32110778,STK,ME005
084850,KR7084850007,아이티엠반도체,KOSDAQ,중견기업부,7930,2,-160,-1.98,8060,8060,7880,5785,45835920,179875666620,22682934,KSQ,ME005
032940,KR7032940009,원익,KOSDAQ,우량기업부,9860,1,190,1.96,9760,10350,9650,789132,7889189885,179384764660,18193181,KSQ,ME005
487570,KR7487570004,HS효성,KOSPI,,47850,2,-900,-1.85,48000,48500,47350,806,38435500,178285606950,3725927,STK,ME005
094820,KR7094820008,일진파워,KOSDAQ,우량기업부,11820,2,-210,-1.75,12180,12190,11760,31907,379351130,178230340380,15078709,KSQ,ME005
213500,KR7213500002,한솔제지,KOSPI,,7480,1,10,0.13,7500,7520,7430,13041,97453570,178028308480,23800576,STK,ME005
003220,KR7003220001,대원제약,KOSPI,,7930,2,-70,-0.88,8010,8010,7900,9148,72512300,177850733190,22427583,STK,ME005
033530,KR7033530007,SJG세종,KOSPI,,6560,2,-40,-0.61,6600,6600,6510,13612,88963870,177463081440,27052299,STK,ME005
108380,KR7108380007,대양전기공업,KOSDAQ,우량기업부,18520,1,150,0.82,18690,18770,18310,8755,161683550,177187007160,9567333,KSQ,ME005
085910,KR7085910008,네오티스,KOSDAQ,중견기업부,12830,1,10,0.08,12820,12880,12630,26585,338931380,176987514940,13794818,KSQ,ME005
082800,KR7082800004,비보존 제약,KOSDAQ,중견기업부,2900,1,25,0.87,2845,2920,2815,109545,313261268,176087031400,60719666,KSQ,ME005
214180,KR7214180002,헥토이노베이션,KOSDAQ,우량기업부,13550,2,-770,-5.38,14080,14080,13370,58271,790159100,176060122850,12993367,KSQ,ME005
122990,KR7122990005,와이솔,KOSDAQ,중견기업부,6860,1,110,1.63,6730,6890,6590,31157,211711575,175945821940,25648079,KSQ,ME005
002100,KR7002100006,경농,KOSPI,,9000,2,-70,-0.77,9070,9100,9000,7331,66071290,175703175000,19522575,STK,ME005
293780,KR7293780003,압타바이오,KOSDAQ,기술성장기업부,6240,2,-50,-0.79,6270,6520,6140,14820,92454720,175302847200,28093405,KSQ,ME005
007860,KR7007860000,서연,KOSPI,,7450,1,20,0.27,7470,7470,7360,4553,33646770,174924837800,23479844,STK,ME005
314130,KR7314130006,지놈앤컴퍼니,KOSDAQ,기술성장기업부,3340,2,-65,-1.91,3410,3525,3300,204581,691291497,174680079500,52299425,KSQ,ME005
016450,KR7016450009,한세예스24홀딩스,KOSPI,,4365,2,-50,-1.13,4430,4430,4365,1740,7617917,174600000000,40000000,STK,ME005
464080,KR7464080001,에스오에스랩,KOSDAQ,기술성장기업부,9690,2,-50,-0.51,9750,9770,9470,17874,172632360,174551483610,18013569,KSQ,ME005
000300,KR7000300004,DH오토넥스,KOSPI,,4200,3,0,0.0,0,0,0,0,0,174035631000,41437055,STK,ME005
419530,KR7419530001,SAMG엔터,KOSDAQ,기술성장기업부,17040,2,-380,-2.18,17320,17320,17010,17989,307741590,173933022480,10207337,KSQ,ME005
002420,KR7002420008,우양피앤엘,KOSPI,,5570,1,170,3.15,5680,5680,5460,1955,10783500,173605113880,31167884,STK,ME005
194480,KR7194480000,데브시스터즈,KOSDAQ,중견기업부,14260,2,-660,-4.42,15050,15080,14240,47590,689264990,173532079000,12169150,KSQ,ME005
204610,KR7204610000,티쓰리,KOSDAQ,벤처기업부,3110,2,-70,-2.2,3200,3200,3085,48860,153104483,173308544200,55726220,KSQ,ME005
234080,KR7234080000,JW생명과학,KOSPI,,10940,3,0,0.0,10900,10960,10850,4624,50360865,173230020760,15834554,STK,ME005
489460,KR7489460006,바이오비쥬,KOSDAQ,벤처기업부,11700,1,270,2.36,11430,11770,11230,40886,472315550,172613457900,14753287,KSQ,ME005
002150,KR7002150001,도화엔지니어링,KOSPI,,5110,2,-20,-0.39,5120,5140,5080,5574,28447540,172309200000,33720000,STK,ME005
014710,KR7014710008,사조씨푸드,KOSPI,,10000,2,-30,-0.3,10040,10260,10000,233,2341300,172185430000,17218543,STK,ME005
092130,KR7092130004,이크레더블,KOSDAQ,중견기업부,14240,2,-90,-0.63,14340,14340,14210,1702,24347680,171500864000,12043600,KSQ,ME005
143160,KR7143160000,아이디스,KOSDAQ,우량기업부,15970,2,-80,-0.5,16110,16110,15850,512,8155120,171140748300,10716390,KSQ,ME005
000700,KR7000700005,유수홀딩스,KOSPI,,6550,1,60,0.92,6380,6620,6380,7069,46141420,170573868600,26041812,STK,ME005
083930,KR7083930008,아바코,KOSDAQ,우량기업부,11600,2,-30,-0.26,11700,11780,11510,12971,150357950,170256088400,14677249,KSQ,ME005
264850,KR7264850009,이랜시스,KOSDAQ,중견기업부,5620,2,-40,-0.71,5680,5700,5540,146178,816040825,170255719440,30294612,KSQ,ME005
054210,KR7054210000,이랜텍,KOSDAQ,우량기업부,6730,2,-290,-4.13,6840,6990,6650,55368,375288325,170209843300,25291210,KSQ,ME005
270660,KR7270660004,에브리봇,KOSDAQ,벤처기업부,13400,2,-140,-1.03,13570,13570,13350,4591,61589850,170053812200,12690583,KSQ,ME005
086820,KR7086820008,바이오솔루션,KOSDAQ,기술성장기업부,6510,1,60,0.93,6610,6610,6400,26985,174493885,168765793350,25924085,KSQ,ME005
003460,KR7003460003,유화증권,KOSPI,,2975,2,-40,-1.33,3045,3045,2970,34777,103929037,168689684625,56702415,STK,ME005
083310,KR7083310003,엘오티베큠,KOSDAQ,우량기업부,9470,1,10,0.11,9520,9530,9360,7453,70258620,168661012510,17810033,KSQ,ME005
241590,KR7241590009,화승엔터프라이즈,KOSPI,,2780,2,-20,-0.71,2800,2820,2765,5755,16007420,168438187280,60589276,STK,ME005
009470,KR7009470006,삼화전기,KOSPI,,25400,1,850,3.46,25000,26400,24500,75242,1925011850,167991028000,6613820,STK,ME005
308430,KR7308430008,셀비온,KOSDAQ,기술성장기업부,13000,2,-400,-2.99,13760,13760,12860,5324,69977545,167768263000,12905251,KSQ,ME005
245620,KR7245620000,EDGC,KOSDAQ,관리종목(소속부없음),741,3,0,0.0,0,0,0,0,0,167118555474,225531114,KSQ,ME005
038390,KR7038390001,레드캡투어,KOSDAQ,우량기업부,9970,2,-30,-0.3,10000,10020,9910,3857,38582980,166706595340,16720822,KSQ,ME005
357550,KR7357550003,석경에이티,KOSDAQ,기술성장기업부,30550,2,-450,-1.45,30800,30800,30150,516,15704250,166650250000,5455000,KSQ,ME005
234690,KR7234690006,녹십자웰빙,KOSDAQ,우량기업부,9250,2,-180,-1.91,9450,9450,9140,86768,801152595,166160432500,17963290,KSQ,ME005
176750,KR7176750008,듀켐바이오,KOSDAQ,기술성장기업부,5820,2,-100,-1.69,5940,5950,5710,6667,38422150,165804350400,28488720,KSQ,ME005
005160,KR7005160007,동국산업,KOSDAQ,중견기업부,3055,2,-20,-0.65,3150,3170,3000,237934,733026379,165716892510,54244482,KSQ,ME005
086670,KR7086670007,비엠티,KOSDAQ,우량기업부,16600,2,-250,-1.48,16760,16970,16580,6779,113141150,164769691000,9925885,KSQ,ME005
405100,KR7405100009,큐알티,KOSDAQ,중견기업부,13380,1,260,1.98,13310,13460,13120,5038,66960150,164430847380,12289301,KSQ,ME005
123860,KR7123860009,아나패스,KOSDAQ,우량기업부,13560,1,10,0.07,13600,13630,13400,18154,243580540,164393507400,12123415,KSQ,ME005
012860,KR7012860003,모베이스전자,KOSDAQ,우량기업부,2240,1,5,0.22,2250,2250,2195,60476,134314735,164042943680,73233457,KSQ,ME005
049630,KR7049630007,재영솔루텍,KOSDAQ,우량기업부,7020,1,140,2.03,6930,7130,6910,114432,805203160,164023275780,23365139,KSQ,ME005
013890,KR7013890009,지누스,KOSPI,,7480,2,-90,-1.19,7670,7670,7440,2608,19555530,164005081240,21925813,STK,ME005
199820,KR7199820002,제일일렉트릭,KOSDAQ,우량기업부,7380,1,40,0.54,7360,7500,7290,30807,227512015,163983600000,22220000,KSQ,ME005
000860,KR7000860007,강남제비스코,KOSPI,,12610,2,-20,-0.16,12680,12680,12560,665,8374770,163930000000,13000000,STK,ME005
024800,KR7024800005,유성티엔에스,KOSDAQ,우량기업부,4645,2,-60,-1.28,4740,4740,4605,6686,31102895,163621843650,35225370,KSQ,ME005
032580,KR7032580003,피델릭스,KOSDAQ,중견기업부,4930,3,0,0.0,4930,4995,4860,64260,315602002,163341075520,33132064,KSQ,ME005
119610,KR7119610004,인터로조,KOSDAQ,우량기업부,14300,2,-100,-0.69,14330,14420,14210,2476,35446850,163216582100,11413747,KSQ,ME005
260970,KR7260970009,에스앤디,KOSDAQ,우량기업부,56400,2,-300,-0.53,56500,56500,55400,4075,227163900,163151325600,2892754,KSQ,ME005
230240,KR7230240004,에치에프알,KOSDAQ,중견기업부,12190,1,780,6.84,12050,12380,11620,351560,4223994365,162236710000,13309000,KSQ,ME005
0007C0,KR70007C0003,아크릴,KOSDAQ,기술성장기업부,20200,1,1850,10.08,18360,20800,18270,448569,8944135415,162212544800,8030324,KSQ,ME005
002170,KR7002170009,SYTS,KOSPI,,54000,1,800,1.5,53700,54400,52500,1240,65982100,162000000000,3000000,STK,ME005
950140,KR8840110108,잉글우드랩,KOSDAQ,외국기업(소속부없음),8140,2,-80,-0.97,8230,8230,8080,2941,23875340,161724429240,19867866,KSQ,ME005
025560,KR7025560004,미래산업,KOSPI,,5820,2,-100,-1.69,5940,6100,5750,127400,752228540,161671905960,27778678,STK,ME005
118990,KR7118990001,모트렉스,KOSDAQ,우량기업부,6580,2,-20,-0.3,6640,6680,6520,70431,464856875,161455901180,24537371,KSQ,ME005
474650,KR7474650009,링크솔루션,KOSDAQ,기술성장기업부,28050,2,-650,-2.26,28750,29050,26700,57269,1587594750,161379560100,5753282,KSQ,ME005
0015G0,KR70015G0009,그린광학,KOSDAQ,기술성장기업부,13790,2,-140,-1.01,14000,14000,13570,15276,208931085,161378040390,11702541,KSQ,ME005
205500,KR7205500002,넥써쓰,KOSDAQ,중견기업부,1930,2,-28,-1.43,1953,1953,1874,51867,99368418,161274268210,83561797,KSQ,ME005
101530,KR7101530004,해태제과식품,KOSPI,,5530,2,-10,-0.18,5540,5560,5500,14512,80136220,161016025660,29116822,STK,ME005
372170,KR7372170001,윤성에프앤씨,KOSDAQ,우량기업부,20150,2,-300,-1.47,20750,20750,19970,3428,68915840,160777817200,7979048,KSQ,ME005
123410,KR7123410003,코리아에프티,KOSDAQ,우량기업부,5770,1,50,0.87,5840,5840,5670,45160,258819210,160642939280,27841064,KSQ,ME005
126700,KR7126700004,하이비젼시스템,KOSDAQ,우량기업부,10750,2,-50,-0.46,10910,10910,10590,7098,75816970,160627704000,14942112,KSQ,ME005
402030,KR7402030001,코난테크놀로지,KOSDAQ,기술성장기업부,12810,2,-340,-2.59,13190,13190,12760,5223,67088620,160349021280,12517488,KSQ,ME005
032620,KR7032620007,GC메디아이,KOSDAQ,우량기업부,3070,2,-20,-0.65,3090,3095,3060,3734,11472145,160245216730,52197139,KSQ,ME005
119830,KR7119830008,아이텍,KOSDAQ,중견기업부,6030,1,90,1.52,5860,6060,5860,36055,215823390,160027372080,26538536,KSQ,ME005
066410,KR7066410002,버킷스튜디오,KOSDAQ,투자주의환기종목(소속부없음),1153,3,0,0.0,0,0,0,0,0,159637252154,138453818,KSQ,ME005
138610,KR7138610001,나이벡,KOSDAQ,기술성장기업부,13990,2,-240,-1.69,14130,14350,13940,12044,169153900,159035424070,11367793,KSQ,ME005
090350,KR7090350000,노루페인트,KOSPI,,7950,2,-50,-0.63,8010,8010,7920,10437,83037340,159000000000,20000000,STK,ME005
0015N0,KR70015N0000,아로마티카,KOSDAQ,벤처기업부,12610,2,-260,-2.02,12750,13400,12330,631974,8181287335,158594986420,12576922,KSQ,ME005
093190,KR7093190007,빅솔론,KOSDAQ,우량기업부,8240,2,-30,-0.36,8490,8490,8200,2313,19190660,158528577200,19238905,KSQ,ME005
179290,KR7179290002,엠아이텍,KOSDAQ,우량기업부,4895,2,-100,-2.0,5030,5030,4880,10541,51889565,158429993810,32365678,KSQ,ME005
460850,KR7460850001,동국씨엠,KOSPI,,5290,2,-10,-0.19,5300,5350,5240,28002,147583420,158163890240,29898656,STK,ME005
023910,KR7023910003,대한약품,KOSDAQ,우량기업부,26300,2,-200,-0.75,26550,26550,26250,725,19108050,157800000000,6000000,KSQ,ME005
077500,KR7077500007,유니퀘스트,KOSPI,,7300,2,-30,-0.41,7300,7430,7200,62559,455040295,157680744600,21600102,STK,ME005
488280,KR7488280009,에스투더블유,KOSDAQ,기술성장기업부,14540,2,-800,-5.22,14810,15120,14310,308850,4538179205,157402566440,10825486,KSQ,ME005
382800,KR7382800001,지앤비에스 에코,KOSDAQ,우량기업부,4930,1,80,1.65,4845,4965,4745,166076,802632668,156927032130,31831041,KSQ,ME005
097955,KR7097951008,CJ제일제당 우,KOSPI,,117800,2,-1300,-1.09,120000,120000,117500,6251,737567850,156371607400,1327433,STK,ME005
072870,KR7072870009,메가스터디,KOSDAQ,우량기업부,13110,1,70,0.54,13180,13180,13010,4386,57289265,156283772490,11920959,KSQ,ME005
039860,KR7039860002,나노엔텍,KOSDAQ,중견기업부,4090,2,-20,-0.49,4100,4135,4070,48330,197694775,155800586770,38093053,KSQ,ME005
004380,KR7004380002,삼익THK,KOSPI,,7520,2,-100,-1.31,7720,7720,7480,6851,51668650,155664000000,20700000,STK,ME005
051160,KR7051160000,지어소프트,KOSDAQ,중견기업부,10050,2,-80,-0.79,10120,10120,9920,14552,146187140,155518021500,15474430,KSQ,ME005
418550,KR7418550000,제이오,KOSDAQ,기술성장기업부,4840,1,25,0.52,4865,4870,4760,20312,97758115,154965537320,32017673,KSQ,ME005
400760,KR7400760005,NH올원리츠,KOSPI,,2820,1,25,0.89,2800,2820,2775,29757,83074000,154900555500,54929275,STK,ME005
104480,KR7104480009,티케이케미칼,KOSDAQ,중견기업부,1703,2,-7,-0.41,1703,1720,1701,39760,67805908,154794924102,90895434,KSQ,ME005
036170,KR7036170009,에이치엠넥스,KOSDAQ,중견기업부,2515,1,120,5.01,2390,2620,2385,354222,893395980,154334549390,61365626,KSQ,ME005
006805,KR7006801005,미래에셋증권우,KOSPI,,11470,1,40,0.35,11310,11500,11310,9316,106635900,154318905510,13454133,STK,ME005
054800,KR7054800008,아이디스홀딩스,KOSDAQ,중견기업부,14910,2,-60,-0.4,14800,14930,14750,359,5321420,154285041960,10347756,KSQ,ME005
068790,KR7068790005,DMS,KOSDAQ,우량기업부,6830,1,20,0.29,6800,6830,6750,4928,33421410,154154629920,22570224,KSQ,ME005
011040,KR7011040003,경동제약,KOSDAQ,중견기업부,5000,2,-40,-0.79,5060,5060,5000,9770,49040300,153843830000,30768766,KSQ,ME005
0082N0,KR70082N0008,카나프테라퓨틱스,KOSDAQ,기술성장기업부,11550,2,-940,-7.53,11190,11800,11070,227672,2588641830,153621699000,13300580,KSQ,ME005
011785,KR7011781002,금호석유화학우,KOSPI,,50800,1,400,0.79,51000,51200,50600,616,31320400,153593088800,3023486,STK,ME005
001045,KR7001041003,CJ우,KOSPI,,67900,2,-300,-0.44,68200,68200,67300,1423,96305700,153469141700,2260223,STK,ME005
093640,KR7093640001,케이알엠,KOSDAQ,벤처기업부,4665,1,25,0.54,4640,4700,4580,7176,33380570,153215935140,32843716,KSQ,ME005
222040,KR7222040008,코스맥스엔비티,KOSDAQ,중견기업부,7400,1,280,3.93,7120,7440,7000,59925,431608260,152647200000,20628000,KSQ,ME005
007330,KR7007330004,푸른저축은행,KOSDAQ,투자주의환기종목(소속부없음),10120,2,-80,-0.78,10120,10230,10080,2911,29558150,152637936000,15082800,KSQ,ME005
007570,KR7007570005,일양약품,KOSPI,,7980,1,70,0.88,8080,8080,7900,5761,45764650,152303598720,19085664,STK,ME005
041020,KR7041020009,폴라리스오피스,KOSDAQ,벤처기업부,3065,1,40,1.32,3025,3065,2955,57995,174601370,152280825545,49683793,KSQ,ME005
264450,KR7264450008,유비쿼스,KOSDAQ,우량기업부,10380,1,270,2.67,10110,10400,10110,43981,453682055,152227817340,14665493,KSQ,ME005
340450,KR7340450006,지씨지놈,KOSDAQ,기술성장기업부,6420,1,360,5.94,6090,6560,6030,345971,2213676555,151838091060,23650793,KSQ,ME005
00279K,KR700279K010,아모레퍼시픽홀딩스3우C,KOSPI,,21400,2,-200,-0.93,21400,21600,21350,175,3753500,151773080000,7092200,STK,ME005
039830,KR7039830005,오로라,KOSDAQ,우량기업부,14070,2,-300,-2.09,14270,14540,13990,17691,249960680,151433862300,10762890,KSQ,ME005
013990,KR7013990007,아가방컴퍼니,KOSDAQ,우량기업부,4590,2,-110,-2.34,4670,4695,4565,11840,54433430,150953790240,32887536,KSQ,ME005
289080,KR7289080004,SV인베스트먼트,KOSDAQ,중견기업부,2510,2,-25,-0.99,2535,2555,2440,385859,964845788,150946964830,60138233,KSQ,ME005
000970,KR7000970004,한국주철관,KOSPI,,6620,2,-20,-0.3,6600,6640,6600,2113,13958970,150939310000,22800500,STK,ME005
041920,KR7041920000,메디아나,KOSDAQ,우량기업부,8110,2,-70,-0.86,8180,8240,7950,11921,96544260,150831588530,18598223,KSQ,ME005
001780,KR7001780006,알루코,KOSPI,,1553,1,3,0.19,1551,1555,1540,97316,150656425,150377194996,96830132,STK,ME005
000520,KR7000520007,삼일제약,KOSPI,,6930,2,-80,-1.14,7010,7090,6760,30553,210395375,150324250230,21691811,STK,ME005
417030,KR7417030004,니어스랩,KOSDAQ,기술성장기업부,26000,2,-2600,-9.09,28450,28450,25550,252013,6706012450,150216456000,5777556,KSQ,ME005
149950,KR7149950008,아바텍,KOSDAQ,우량기업부,10990,1,10,0.09,10800,11110,10700,70777,776295020,150208055970,13667703,KSQ,ME005
462520,KR7462520008,조선내화,KOSPI,,12670,2,-130,-1.02,12800,12800,12660,3007,38143230,150204978560,11855168,STK,ME005
004090,KR7004090007,한국석유,KOSPI,,11820,2,-490,-3.98,12400,12460,11800,190284,2309412135,150044498400,12694120,STK,ME005
300080,KR7300080009,플리토,KOSDAQ,기술성장기업부,9090,3,0,0.0,9110,9240,8920,22865,206850890,150034549590,16505451,KSQ,ME005
003830,KR7003830007,대한화섬,KOSPI,,112700,2,-1400,-1.23,114000,115700,112700,219,24818900,149665600000,1328000,STK,ME005
355150,KR7355150004,코스텍시스,KOSDAQ,벤처기업부,19190,1,90,0.47,18980,19420,18800,21388,407875155,149631146500,7797350,KSQ,ME005
042600,KR7042600007,새로닉스,KOSDAQ,중견기업부,12040,2,-240,-1.95,12270,12320,11910,1986,24120140,149579830960,12423574,KSQ,ME005
065660,KR7065660003,안트로젠,KOSDAQ,기술성장기업부,14900,2,-330,-2.17,15220,15220,14800,4992,74411260,149090890000,10006100,KSQ,ME005
0039P0,KR70039P0000,매드업,KOSDAQ,기술성장기업부,7890,2,-340,-4.13,8210,8530,7700,584871,4727369290,148390386000,18807400,KSQ,ME005
046440,KR7046440004,KG파이낸셜,KOSDAQ,우량기업부,4080,2,-80,-1.92,4135,4135,4040,43796,177789384,147901574880,36250386,KSQ,ME005
293480,KR7293480000,하나제약,KOSPI,,8300,2,-10,-0.12,8320,8340,8270,6346,52643825,147515451800,17772946,STK,ME005
388790,KR7388790008,라이콤,KOSDAQ,벤처기업부,4800,1,410,9.34,4495,5620,4450,4041027,20676686812,146947968000,30614160,KSQ,ME005
089600,KR7089600001,KT나스미디어,KOSDAQ,우량기업부,12850,2,-70,-0.54,13050,13090,12670,16342,210056610,146574296000,11406560,KSQ,ME005
004970,KR7004970000,신라교역,KOSPI,,9160,2,-60,-0.65,9310,9310,9130,1055,9653520,146560000000,16000000,STK,ME005
023600,KR7023600000,삼보판지,KOSDAQ,우량기업부,9150,3,0,0.0,9160,9310,9120,5327,48819370,146475945000,16008300,KSQ,ME005
272550,KR7272550005,삼양패키징,KOSPI,,9700,2,-190,-1.92,9880,9890,9650,14971,145425200,146163538200,15068406,STK,ME005
148150,KR7148150006,세경하이테크,KOSDAQ,우량기업부,4110,2,-25,-0.6,4105,4165,4105,7216,29795480,146080981980,35542818,KSQ,ME005
950190,KR8344390008,고스트스튜디오,KOSDAQ,외국기업(소속부없음),11220,1,1630,17.0,11990,12460,10610,823324,9558597655,146051401980,13017059,KSQ,ME005
016880,KR7016880007,웅진,KOSPI,,1827,3,0,0.0,1841,1857,1801,26731,48421153,146026775160,79927080,STK,ME005
054920,KR7054920004,한컴위드,KOSDAQ,중견기업부,5170,2,-60,-1.15,5750,5880,5120,10210347,55831673185,145882308770,28217081,KSQ,ME005
271980,KR7271980005,제일약품,KOSPI,,9900,2,-160,-1.59,10100,10100,9810,8414,83282960,145578232800,14704872,STK,ME005
053260,KR7053260006,금강철강,KOSDAQ,우량기업부,7770,2,-20,-0.26,7750,8270,7680,467287,3693503405,145454400000,18720000,KSQ,ME005
138360,KR7138360003,앤로보틱스,KOSDAQ,벤처기업부,1650,2,-3,-0.18,1660,1660,1624,284485,464902944,145156991100,87973934,KSQ,ME005
005990,KR7005990007,매일홀딩스,KOSDAQ,우량기업부,10910,2,-60,-0.55,10930,10930,10900,56,611540,145084496640,13298304,KSQ,ME005
078070,KR7078070000,유비쿼스홀딩스,KOSDAQ,중견기업부,8500,2,-10,-0.12,8510,8650,8400,11791,100403230,145000165500,17058843,KSQ,ME005
051370,KR7051370005,인터플렉스,KOSDAQ,우량기업부,6210,2,-60,-0.96,6250,6250,6050,23908,147598820,144863601120,23327472,KSQ,ME005
049960,KR7049960008,쎌바이오텍,KOSDAQ,벤처기업부,15410,2,-220,-1.41,15660,15690,15350,2699,41633140,144854000000,9400000,KSQ,ME005
086890,KR7086890001,이수앱지스,KOSDAQ,중견기업부,3545,2,-50,-1.39,3700,3700,3520,17515,62493650,144547339550,40774990,KSQ,ME005
158430,KR7158430009,아톤,KOSDAQ,벤처기업부,5890,2,-420,-6.66,6390,6450,5630,6686770,39727641345,144199521880,24482092,KSQ,ME005
007540,KR7007540008,샘표,KOSPI,,50100,2,-400,-0.79,50700,51200,50000,14617,738703850,144077580000,2875800,STK,ME005
071840,KR7071840003,롯데하이마트,KOSPI,,6100,2,-80,-1.29,6220,6230,6090,8017,49117770,144007043200,23607712,STK,ME005
140610,KR7140610007,엔솔바이오사이언스,KONEX,일반기업부,9960,2,-30,-0.3,10030,10030,9810,1011,9969100,143188963920,14376402,KNX,ME005
004150,KR7004150009,한솔홀딩스,KOSPI,,3480,2,-65,-1.83,3535,3570,3475,30546,106582444,142772637600,41026620,STK,ME005
025820,KR7025820002,이구산업,KOSPI,,4240,1,20,0.47,4220,4260,4210,34932,147509495,141794080000,33442000,STK,ME005
069510,KR7069510006,에스텍,KOSDAQ,우량기업부,12980,2,-80,-0.61,13040,13080,12950,2739,35613000,141611800000,10910000,KSQ,ME005
107590,KR7107590002,미원홀딩스,KOSPI,,61000,2,-200,-0.33,61000,61100,61000,35,2137000,141520000000,2320000,STK,ME005
432720,KR7432720001,퀄리타스반도체,KOSDAQ,기술성장기업부,9960,1,590,6.3,9510,9980,9270,110220,1065616850,141308217120,14187572,KSQ,ME005
000020,KR7000020008,동화약품,KOSPI,,5040,2,-110,-2.14,5150,5150,5030,24079,121998140,140774608800,27931470,STK,ME005
054450,KR7054450002,텔레칩스,KOSDAQ,중견기업부,9290,1,80,0.87,9220,9490,9220,20481,190905010,140689924570,15144233,KSQ,ME005
114840,KR7114840002,아이패밀리에스씨,KOSDAQ,우량기업부,8430,1,30,0.36,8350,8430,8230,6428,53329810,140624075550,16681385,KSQ,ME005
003480,KR7003480001,한진중공업홀딩스,KOSPI,,4760,1,35,0.74,4745,4760,4690,14307,67613635,140561905120,29529812,STK,ME005
115310,KR7115310005,인포바인,KOSDAQ,벤처기업부,9460,2,-40,-0.42,9570,9570,9370,363,3435740,140306453540,14831549,KSQ,ME005
035610,KR7035610005,솔본,KOSDAQ,투자주의환기종목(소속부없음),5130,1,100,1.99,5000,5220,4955,34681,176200140,140284964610,27345997,KSQ,ME005
041520,KR7041520008,이엘씨,KOSDAQ,투자주의환기종목(소속부없음),11490,2,-200,-1.71,12000,12000,11230,3986,46338630,140048507700,12188730,KSQ,ME005
015890,KR7015890007,태경산업,KOSPI,,4760,3,0,0.0,4750,4790,4740,1800,8575620,139128850000,29228750,STK,ME005
094280,KR7094280005,효성ITX,KOSPI,,12020,2,-10,-0.08,11960,12020,11950,2118,25365700,138929564000,11558200,STK,ME005
212560,KR7212560007,네오오토,KOSDAQ,우량기업부,10300,2,-240,-2.28,10540,10580,10130,119734,1230339020,138909384400,13486348,KSQ,ME005
274090,KR7274090000,켄코아에어로스페이스,KOSDAQ,기술성장기업부,10080,1,160,1.61,10010,10130,9820,30871,310143865,138844006560,13774207,KSQ,ME005
489500,KR7489500009,엘케이켐,KOSDAQ,벤처기업부,21700,1,200,0.93,21500,22000,21450,5475,118502250,138689864600,6391238,KSQ,ME005
067280,KR7067280008,멀티캠퍼스,KOSDAQ,우량기업부,23200,2,-250,-1.07,23150,23450,23000,1366,31479250,137501272800,5926779,KSQ,ME005
073010,KR7073010001,케이에스피,KOSDAQ,우량기업부,3405,2,-95,-2.71,3540,3540,3375,155822,531699535,136851206250,40191250,KSQ,ME005
101970,KR7101970002,우양에이치씨,KOSDAQ,중견기업부,9250,2,-450,-4.64,9690,9790,9180,7119,66120905,136807583250,14790009,KSQ,ME005
147830,KR7147830004,제룡산업,KOSDAQ,벤처기업부,6840,1,30,0.44,6840,6870,6790,26142,178742920,136800000000,20000000,KSQ,ME005
187870,KR7187870001,디바이스,KOSDAQ,우량기업부,9850,1,50,0.51,9800,9860,9590,13666,132722090,136548304200,13862772,KSQ,ME005
042510,KR7042510008,라온시큐어,KOSDAQ,벤처기업부,12270,2,-690,-5.32,12510,13100,11950,1467911,18398605730,136268509560,11105828,KSQ,ME005
008350,KR7008350001,남선알미늄,KOSPI,,1055,2,-3,-0.28,1054,1064,1044,246857,260478134,136178439950,129079090,STK,ME005
081000,KR7081000002,일진다이아,KOSPI,,9580,2,-90,-0.93,9610,9700,9510,5513,52822820,136064500500,14202975,STK,ME005
321550,KR7321550006,티움바이오,KOSDAQ,기술성장기업부,4525,2,-45,-0.98,4625,4835,4515,37428,171500230,135924099375,30038475,KSQ,ME005
047770,KR7047770003,코데즈컴바인,KOSDAQ,중견기업부,3580,1,45,1.27,3545,3600,3495,232427,826018104,135476515160,37842602,KSQ,ME005
001210,KR7001210004,금호전기,KOSPI,,10860,1,60,0.56,11170,11990,10640,2644888,29736081650,135310647840,12459544,STK,ME005
039840,KR7039840004,디오,KOSDAQ,중견기업부,10080,2,-480,-4.55,10550,10550,9970,36693,369536720,135231546240,13415828,KSQ,ME005
084990,KR7084990001,헬릭스미스,KOSDAQ,기술성장기업부,2930,2,-5,-0.17,2990,2990,2900,17809,52025823,135051895210,46092797,KSQ,ME005
101360,KR7101360006,에코앤드림,KOSDAQ,벤처기업부,7590,2,-240,-3.07,7710,7860,7530,18636,142455585,134996605260,17786114,KSQ,ME005
469610,KR7469610000,이노테크,KOSDAQ,중견기업부,15070,2,-550,-3.52,15770,15770,14600,38530,582228150,134769503000,8942900,KSQ,ME005
035080,KR7035080001,그래디언트,KOSDAQ,중견기업부,12040,2,-100,-0.82,12140,12340,12000,10931,131898300,134536513160,11174129,KSQ,ME005
004960,KR7004960001,한신공영,KOSPI,,11600,2,-90,-0.77,11740,11740,11450,6263,72456930,134220143200,11570702,STK,ME005
226590,KR7226590008,엠디바이스,KOSDAQ,기술성장기업부,12520,1,70,0.56,12440,12600,12200,8439,104780860,134174135680,10716784,KSQ,ME005
001080,KR7001080001,만호제강,KOSPI,,3820,1,190,5.23,3755,4150,3595,84812,322450350,134139147200,35114960,STK,ME005
003100,KR7003100005,선광,KOSDAQ,우량기업부,20250,2,-50,-0.25,20300,20400,20000,2927,59077700,133650000000,6600000,KSQ,ME005
024090,KR7024090003,디씨엠,KOSPI,,11680,2,-10,-0.09,11590,11680,11590,762,8867940,133152000000,11400000,STK,ME005
001540,KR7001540004,안국약품,KOSDAQ,우량기업부,10200,1,110,1.09,10200,10300,10100,6928,70672280,133032684000,13042420,KSQ,ME005
060150,KR7060150000,인선이엔티,KOSDAQ,중견기업부,2915,2,-20,-0.68,2930,2955,2915,2630,7680400,132817928980,45563612,KSQ,ME005
006060,KR7006060008,화승인더,KOSPI,,2400,2,-10,-0.41,2425,2425,2390,30832,73965995,132768000000,55320000,STK,ME005
211270,KR7211270004,AP위성,KOSDAQ,우량기업부,8800,1,260,3.04,8540,8890,8490,45249,397423770,132724275200,15082304,KSQ,ME005
136540,KR7136540002,윈스테크넷,KOSDAQ,우량기업부,10800,2,-90,-0.83,10800,10960,10700,7871,84813020,132621256800,12279746,KSQ,ME005
297090,KR7297090003,씨에스베어링,KOSDAQ,투자주의환기종목(소속부없음),4855,1,45,0.94,4810,4905,4750,42937,207265244,132395850000,27270000,KSQ,ME005
290740,KR7290740000,액트로,KOSDAQ,벤처기업부,13110,2,-190,-1.43,13300,13490,12980,20414,268760460,131952294210,10065011,KSQ,ME005
001360,KR7001360007,삼성제약,KOSPI,,1401,1,17,1.23,1396,1402,1370,150674,209313450,131921072679,94162079,STK,ME005
080420,KR7080420003,모다이노칩,KOSDAQ,중견기업부,1653,2,-1,-0.06,1654,1654,1625,23,37907,131779841166,79721622,KSQ,ME005
048870,KR7048870000,시너지이노베이션,KOSDAQ,중견기업부,1495,2,-10,-0.66,1505,1505,1476,52502,78067585,131719909685,88106963,KSQ,ME005
002210,KR7002210003,동성제약,KOSPI,,1362,2,-4,-0.29,1388,1390,1349,32096,43543794,131595768534,96619507,STK,ME005
417500,KR7417500006,제이아이테크,KOSDAQ,우량기업부,3995,1,130,3.36,3870,3995,3805,132997,520498825,130975052280,32784744,KSQ,ME005
457550,KR7457550002,우진엔텍,KOSDAQ,중견기업부,14050,2,-220,-1.54,14270,14280,14010,14312,201738700,130931359900,9318958,KSQ,ME005
092070,KR7092070002,디엔에프,KOSDAQ,중견기업부,11290,2,-70,-0.62,11550,11550,11110,3885,43517980,130646276820,11571858,KSQ,ME005
126640,KR7126640002,화신정공,KOSDAQ,우량기업부,3720,1,15,0.4,3705,3740,3615,246196,901311776,130407985200,35055910,KSQ,ME005
014280,KR7014280002,금강공업,KOSPI,,4440,2,-15,-0.34,4460,4475,4370,39921,176242635,130222345080,29329357,STK,ME005
004080,KR7004080008,신흥,KOSPI,,13990,2,-60,-0.43,14150,14150,13910,696,9710030,130107000000,9300000,STK,ME005
140670,KR7140670001,알에스오토메이션,KOSDAQ,중견기업부,10090,2,-260,-2.51,10300,10320,10060,13927,141371225,129553985600,12839840,KSQ,ME005
049720,KR7049720006,고려신용정보,KOSDAQ,우량기업부,9040,1,30,0.33,9040,9060,9000,5297,47875270,129272000000,14300000,KSQ,ME005
059120,KR7059120006,아진엑스텍,KOSDAQ,벤처기업부,7060,2,-10,-0.14,7100,7180,6950,168451,1183354385,129269065960,18310066,KSQ,ME005
331920,KR7331920009,셀레믹스,KOSDAQ,기술성장기업부,11520,2,-550,-4.56,12270,12270,11240,23197,266561540,128811513600,11181555,KSQ,ME005
251370,KR7251370003,와이엠티,KOSDAQ,벤처기업부,7150,1,30,0.42,7170,7180,7050,15240,108233660,128794472950,18013213,KSQ,ME005
443670,KR7443670005,에스피소프트,KOSDAQ,중견기업부,5360,1,280,5.51,5050,5640,4855,4560712,24249453035,128696623040,24010564,KSQ,ME005
012610,KR7012610002,경인양행,KOSPI,,3090,1,25,0.82,3065,3115,3025,29516,90867213,128594567850,41616365,STK,ME005
445180,KR7445180003,퓨릿,KOSDAQ,우량기업부,7480,1,60,0.81,7540,7540,7300,19955,147090050,128575126240,17189188,KSQ,ME005
267290,KR7267290005,경동도시가스,KOSPI,,21800,2,-100,-0.46,22150,22150,21750,866,18910725,128519850800,5895406,STK,ME005
079960,KR7079960001,동양이엔피,KOSDAQ,우량기업부,16980,2,-240,-1.39,17300,17470,16950,5124,87381520,128227152840,7551658,KSQ,ME005
214390,KR7214390007,경보제약,KOSPI,,5360,2,-80,-1.47,5330,5450,5300,6880,36852860,128140769600,23906860,STK,ME005
394800,KR7394800007,쓰리빌리언,KOSDAQ,기술성장기업부,4020,2,-200,-4.74,4180,4200,4020,77186,314359840,127926663060,31822553,KSQ,ME005
027710,KR7027710003,팜스토리,KOSDAQ,우량기업부,1147,2,-2,-0.17,1149,1151,1140,78841,90215010,127794840200,111416600,KSQ,ME005
322510,KR7322510009,제이엘케이,KOSDAQ,기술성장기업부,4965,2,-30,-0.6,5140,5140,4920,44744,222646665,127729053780,25725892,KSQ,ME005
038290,KR7038290003,마크로젠,KOSDAQ,중견기업부,11770,1,20,0.17,11750,11870,11700,3027,35648270,127603278000,10841400,KSQ,ME005
079650,KR7079650008,서산,KOSDAQ,중견기업부,6370,2,-100,-1.55,6730,6880,6240,647472,4225989525,127400000000,20000000,KSQ,ME005
105330,KR7105330005,케이엔더블유,KOSDAQ,중견기업부,7940,3,0,0.0,8000,8190,7760,18549,146200015,127194988800,16019520,KSQ,ME005
338840,KR7338840002,와이바이오로직스,KOSDAQ,기술성장기업부,8220,2,-180,-2.14,8480,8480,8100,16823,137586730,126619753860,15403863,KSQ,ME005
009270,KR7009270000,신원,KOSPI,,1103,2,-7,-0.63,1101,1115,1097,130239,143756191,126591743479,114770393,STK,ME005
021320,KR7021320007,KCC건설,KOSDAQ,우량기업부,5900,2,-60,-1.01,6000,6050,5810,11338,67191905,126260000000,21400000,KSQ,ME005
267320,KR7267320000,나인테크,KOSDAQ,벤처기업부,2195,2,-15,-0.68,2230,2230,2180,81302,178410823,126026572525,57415295,KSQ,ME005
307750,KR7307750000,국전,KOSDAQ,중견기업부,2330,1,70,3.1,2255,2355,2240,146492,338100380,125788051040,53986288,KSQ,ME005
217950,KR7217950005,파마리서치바이오,KONEX,일반기업부,30050,1,100,0.33,30800,30800,28050,131,3824750,125706362000,4183240,KNX,ME005
036690,KR7036690006,코맥스,KOSDAQ,관리종목(소속부없음),2885,3,0,0.0,0,0,0,0,0,125692107675,43567455,KSQ,ME005
095700,KR7095700001,제넥신,KOSDAQ,기술성장기업부,2760,2,-45,-1.6,2800,2805,2720,52944,146309192,125691763440,45540494,KSQ,ME005
201490,KR7201490000,미투온,KOSDAQ,중견기업부,3840,1,885,29.95,3840,3840,3840,1872843,7191711810,125659107840,32723726,KSQ,ME005
285490,KR7285490009,노바텍,KOSDAQ,벤처기업부,11880,2,-220,-1.82,12100,12100,11820,8154,97185530,125640872280,10575831,KSQ,ME005
089470,KR7089470009,HDC현대EP,KOSPI,,3930,2,-25,-0.63,3935,3975,3915,9231,36326335,125367000000,31900000,STK,ME005
264660,KR7264660002,씨앤지하이테크,KOSDAQ,우량기업부,12870,1,30,0.23,12930,13000,12690,4639,59163590,125111483640,9721172,KSQ,ME005
396300,KR7396300006,HT로보틱스,KOSDAQ,우량기업부,4720,2,-35,-0.74,4800,4865,4665,159437,754059134,125030440000,26489500,KSQ,ME005
156100,KR7156100000,엘앤케이바이오,KOSDAQ,벤처기업부,5590,2,-140,-2.44,5880,5980,5520,122976,694884820,124942945270,22351153,KSQ,ME005
408920,KR7408920007,메쎄이상,KOSDAQ,우량기업부,2890,2,-65,-2.2,2960,2960,2850,7461,21539240,124941794950,43232455,KSQ,ME005
018470,KR7018470005,조일알미늄,KOSPI,,4925,1,100,2.07,4820,4940,4750,39266,190739985,124732244200,25326344,STK,ME005
282880,KR7282880004,코윈로보틱스,KOSDAQ,우량기업부,10650,1,290,2.8,10580,10740,10340,55564,584957760,124541973300,11694082,KSQ,ME005
418420,KR7418420006,라온텍,KOSDAQ,기술성장기업부,4045,1,105,2.66,4015,4255,3920,78602,321934047,124483087110,30774558,KSQ,ME005
013520,KR7013520002,화승코퍼레이션,KOSPI,,2480,2,-60,-2.36,2540,2560,2475,53427,133976867,124127104960,50051252,STK,ME005
255220,KR7255220006,SG,KOSDAQ,중견기업부,1130,2,-26,-2.25,1161,1165,1118,420285,476851547,123806531260,109563302,KSQ,ME005
078000,KR7078000007,텔코웨어,KOSPI,,13340,2,-30,-0.22,13480,13480,13340,160,2138420,123262627180,9240077,STK,ME005
297890,KR7297890006,HB솔루션,KOSDAQ,우량기업부,1684,1,6,0.36,1703,1703,1667,41252,69226373,123169299176,73140914,KSQ,ME005
115500,KR7115500001,케이씨에스,KOSDAQ,중견기업부,10250,2,-370,-3.48,10430,11300,10200,426988,4533715700,123000000000,12000000,KSQ,ME005
214420,KR7214420002,토니모리,KOSPI,,5110,2,-70,-1.35,5220,5220,5060,14929,76347190,122920022890,24054799,STK,ME005
256940,KR7256940008,킵스파마,KOSDAQ,벤처기업부,6120,1,50,0.82,6130,6130,5930,6969,41961720,122878259640,20078147,KSQ,ME005
056090,KR7056090004,시지메드텍,KOSDAQ,벤처기업부,1190,3,0,0.0,0,0,0,0,0,122878252840,103259036,KSQ,ME005
417010,KR7417010006,나노팀,KOSDAQ,벤처기업부,6090,2,-20,-0.33,6070,6300,6030,44345,271383600,122851913520,20172728,KSQ,ME005
475230,KR7475230009,엔알비,KOSDAQ,벤처기업부,11270,1,190,1.71,11200,11440,10800,66771,738163185,122828157410,10898683,KSQ,ME005
095190,KR7095190005,신화프리텍,KOSDAQ,중견기업부,1882,1,59,3.24,2000,2000,1840,330118,630312199,122820189484,65260462,KSQ,ME005
265740,KR7265740001,엔에프씨,KOSDAQ,벤처기업부,6870,1,110,1.63,6890,7090,6720,164896,1138189745,122722932000,17863600,KSQ,ME005
210540,KR7210540001,디와이파워,KOSPI,,11110,2,-120,-1.07,11220,11220,11070,9076,100881650,122673375880,11041708,STK,ME005
037070,KR7037070000,파세코,KOSDAQ,중견기업부,6130,2,-50,-0.81,6110,6200,6080,9489,58264680,122600000000,20000000,KSQ,ME005
350520,KR7350520003,이지스레지던스리츠,KOSPI,,3325,1,5,0.15,3350,3350,3305,4319,14309550,122580121650,36866202,STK,ME005
478340,KR7478340003,나라스페이스테크놀로지,KOSDAQ,기술성장기업부,10580,1,170,1.63,10550,10800,10320,20119,213158890,122412007140,11570133,KSQ,ME005
052860,KR7052860004,아이앤씨,KOSDAQ,벤처기업부,6850,1,160,2.39,6690,6880,6660,14668,99068240,122387949900,17866854,KSQ,ME005
451760,KR7451760003,컨텍,KOSDAQ,기술성장기업부,7410,1,140,1.93,7260,7470,7220,21019,154859820,122322605340,16507774,KSQ,ME005
005800,KR7005800008,신영와코루,KOSPI,,13580,1,110,0.82,13570,13640,13490,4854,65604090,122220000000,9000000,STK,ME005
142210,KR7142210004,유니트론텍,KOSDAQ,우량기업부,5880,1,60,1.03,5820,5900,5780,23300,136291440,122018249640,20751403,KSQ,ME005
102120,KR7102120003,어보브반도체,KOSDAQ,벤처기업부,6850,1,70,1.03,6790,6940,6700,17690,120197540,121798158050,17780753,KSQ,ME005
351320,KR7351320007,넥사다이내믹스,KOSDAQ,중견기업부,4100,2,-5,-0.12,4200,4295,3805,328103,1315465880,121764432200,29698642,KSQ,ME005
037560,KR7037560000,LG헬로비전,KOSPI,,1571,2,-1,-0.06,1571,1581,1563,33428,52448156,121669024915,77446865,STK,ME005
308080,KR7308080001,바이젠셀,KOSDAQ,기술성장기업부,5930,2,-290,-4.66,6300,6300,5800,66099,394519600,121560611800,20499260,KSQ,ME005
232680,KR7232680009,라온로보틱스,KOSDAQ,기술성장기업부,9160,1,10,0.11,9150,9230,9090,26898,246007120,121438700000,13257500,KSQ,ME005
0088M0,KR70088M0003,메쥬,KOSDAQ,기술성장기업부,12280,2,-220,-1.76,12500,12640,12090,19309,237318560,121347890000,9881750,KSQ,ME005
002390,KR7002390003,한독,KOSPI,,8810,2,-380,-4.13,9150,9150,8750,5380,47730505,121256725730,13763533,STK,ME005
108230,KR7108230004,톱텍,KOSDAQ,우량기업부,3185,2,-10,-0.31,3235,3245,3160,56069,178804110,121104035325,38023245,KSQ,ME005
094840,KR7094840006,슈프리마에이치큐,KOSDAQ,벤처기업부,12320,2,-70,-0.56,12540,12540,12110,5454,66551020,120811262880,9806109,KSQ,ME005
008970,KR7008970006,KBI동양철관,KOSPI,,1160,2,-13,-1.11,1170,1175,1149,246128,285421732,120369612120,103766907,STK,ME005
387690,KR7387690001,레메디,KOSDAQ,기술성장기업부,15760,2,-520,-3.19,16300,16490,15200,245638,3843975660,120182466160,7625791,KSQ,ME005
494120,KR7494120009,큐리오시스,KOSDAQ,기술성장기업부,7870,2,-50,-0.63,7790,7890,7450,48735,370623330,120094342680,15259764,KSQ,ME005
040300,KR7040300006,YTN,KOSDAQ,중견기업부,2515,2,-120,-4.55,2995,3160,2430,3604497,9769576581,119907604700,47676980,KSQ,ME005
163730,KR7163730005,핑거,KOSDAQ,벤처기업부,9390,1,100,1.08,9050,9890,8600,113347,1052509100,119870082630,12765717,KSQ,ME005
220260,KR7220260004,켐트로스,KOSDAQ,벤처기업부,3730,2,-20,-0.53,3840,3840,3710,9481,35635045,119628765150,32072055,KSQ,ME005
452190,KR7452190002,한빛레이저,KOSDAQ,벤처기업부,5000,1,200,4.17,4755,5150,4750,1043405,5237768366,119602785000,23920557,KSQ,ME005
0011A0,KR70011A0009,액스비스,KOSDAQ,벤처기업부,12810,1,600,4.91,12040,12990,11730,509741,6314379915,119565209400,9333740,KSQ,ME005
002620,KR7002620003,제일파마홀딩스,KOSPI,,7470,2,-20,-0.27,7400,7470,7400,88,654060,119320961850,15973355,STK,ME005
086980,KR7086980000,쇼박스,KOSDAQ,중견기업부,1909,2,-35,-1.8,1944,1950,1908,18830,36079187,119194142000,62438000,KSQ,ME005
009070,KR7009070004,KCTC,KOSPI,,3970,2,-5,-0.13,3975,3980,3930,16762,66274785,119100000000,30000000,STK,ME005
474170,KR7474170008,루미르,KOSDAQ,기술성장기업부,6680,1,30,0.45,6800,6800,6390,19473,129794485,119022209280,17817696,KSQ,ME005
153890,KR7153890009,져스텍,KOSDAQ,기술성장기업부,9870,2,-40,-0.4,9950,10020,9600,60767,595867050,118936510350,12050305,KSQ,ME005
009780,KR7009780008,엠에스씨,KOSDAQ,우량기업부,6750,1,50,0.75,6730,6750,6690,1311,8795730,118800000000,17600000,KSQ,ME005
092220,KR7092220003,KEC,KOSPI,,2950,1,200,7.27,2760,3130,2710,1726913,5156768842,118450252600,40152628,STK,ME005
049520,KR7049520000,유아이엘,KOSDAQ,우량기업부,3830,1,15,0.39,3820,3835,3805,19565,74653400,118127253750,30842625,KSQ,ME005
122450,KR7122450000,KX,KOSDAQ,중견기업부,2635,2,-25,-0.94,2660,2660,2610,9995,26231535,118100262590,44819834,KSQ,ME005
052260,KR7052260007,현대바이오랜드,KOSDAQ,우량기업부,3930,2,-5,-0.13,4000,4020,3920,35760,142359305,117900000000,30000000,KSQ,ME005
227840,KR7227840006,현대코퍼레이션홀딩스,KOSPI,,12950,2,-50,-0.38,13000,13050,12880,2544,33022440,117855826200,9100836,STK,ME005
036630,KR7036630002,세종텔레콤,KOSDAQ,우량기업부,8400,2,-30,-0.36,8600,8600,8400,1089,9170620,117600000000,14000000,KSQ,ME005
228850,KR7228850004,레이언스,KOSDAQ,우량기업부,7080,2,-30,-0.42,7040,7090,7010,6595,46434950,117464379120,16591014,KSQ,ME005
041440,KR7041440009,현대에버다임,KOSDAQ,우량기업부,6580,2,-60,-0.9,6670,6690,6540,10692,70387680,117398464960,17841712,KSQ,ME005
014530,KR7014530000,극동유화,KOSPI,,3365,2,-60,-1.75,3425,3455,3350,81310,276180499,117335598300,34869420,STK,ME005
950250,KR8826050005,테라뷰,KOSDAQ,기술성장기업부,3285,2,-85,-2.52,3370,3660,3250,829493,2859926443,117264421620,35696932,KSQ,ME005
293580,KR7293580007,나우IB,KOSDAQ,중견기업부,1233,1,57,4.85,1182,1275,1159,444428,544894619,117048628350,94929950,KSQ,ME005
37550L,KR737550K029,DL이앤씨2우(전환),KOSPI,,55400,2,-700,-1.25,56100,56100,55400,1240,69048000,117002085400,2111951,STK,ME005
336680,KR7336680004,탑런토탈솔루션,KOSDAQ,중견기업부,2975,1,10,0.34,2975,2980,2955,3767,11197485,116458035050,39145558,KSQ,ME005
008830,KR7008830002,대동기어,KOSDAQ,중견기업부,6070,2,-80,-1.3,6180,6220,6040,81661,496980745,116434230120,19181916,KSQ,ME005
361390,KR7361390008,제노코,KOSDAQ,벤처기업부,11950,1,140,1.19,12180,12180,11830,7397,88152520,116349752950,9736381,KSQ,ME005
034590,KR7034590000,인천도시가스,KOSPI,,26550,2,-50,-0.19,26400,26550,26400,46,1214950,116149718700,4374754,STK,ME005
041590,KR7041590001,플래스크,KOSDAQ,관리종목(소속부없음),2370,3,0,0.0,0,0,0,0,0,116064014460,48972158,KSQ,ME005
238540,KR7238540009,나노솔루션,KONEX,일반기업부,103800,3,0,0.0,0,0,0,0,0,116011032000,1117640,KNX,ME005
011690,KR7011690005,와이투솔루션,KOSPI,,3155,1,20,0.64,3110,3175,3095,17362,54321590,115784594110,36698762,STK,ME005
473980,KR7473980001,노머스,KOSDAQ,기술성장기업부,10600,2,-400,-3.64,11070,11070,10500,11917,127438460,115357171200,10882752,KSQ,ME005
217270,KR7217270008,넵튠,KOSDAQ,중견기업부,2525,2,-70,-2.7,2620,2660,2515,33181,86141490,115277251425,45654357,KSQ,ME005
101170,KR7101170009,우림피티에스,KOSDAQ,벤처기업부,8530,1,20,0.24,8530,8630,8385,23759,202139340,115155000000,13500000,KSQ,ME005
012320,KR7012320008,경동인베스트,KOSPI,,48650,1,150,0.31,49000,51400,47700,11271,558366250,115058368950,2365023,STK,ME005
051980,KR7051980001,중앙첨단소재,KOSDAQ,중견기업부,1035,3,0,0.0,0,0,0,0,0,114979918815,111091709,KSQ,ME005
240550,KR7240550004,동방메디컬,KOSDAQ,중견기업부,5480,2,-130,-2.32,5520,5580,5460,11846,65169740,114717991200,20933940,KSQ,ME005
051360,KR7051360006,토비스,KOSDAQ,우량기업부,11890,2,-90,-0.75,12150,12150,11840,2733,32690350,114639432520,9641668,KSQ,ME005
003010,KR7003010006,혜인,KOSPI,,9010,2,-20,-0.22,9200,9370,8860,94627,858936675,114541850470,12712747,STK,ME005
079430,KR7079430005,현대리바트,KOSPI,,5690,2,-50,-0.87,5720,5810,5670,3514,20070520,114449809380,20114202,STK,ME005
016740,KR7016740003,두올,KOSPI,,3985,1,30,0.76,3925,4000,3915,19668,77811945,114265985640,28674024,STK,ME005
458650,KR7458650009,성우,KOSDAQ,벤처기업부,7590,2,-50,-0.65,7640,7640,7500,1768,13346580,114196635300,15045670,KSQ,ME005
259630,KR7259630002,엠플러스,KOSDAQ,우량기업부,9330,1,120,1.3,9380,9680,9280,60298,572737690,114034954680,12222396,KSQ,ME005
322310,KR7322310004,오로스테크놀로지,KOSDAQ,벤처기업부,12160,1,60,0.5,12200,12200,11520,25229,302060450,113897150720,9366542,KSQ,ME005
047310,KR7047310008,파워로직스,KOSDAQ,우량기업부,3110,1,180,6.14,2975,3180,2930,214513,660552215,113859448050,36610755,KSQ,ME005
063570,KR7063570006,NICE인프라,KOSDAQ,우량기업부,3330,2,-60,-1.77,3420,3420,3320,8490,28359575,113711934240,34147728,KSQ,ME005
053080,KR7053080008,케이엔솔,KOSDAQ,중견기업부,8710,1,20,0.23,8690,8830,8530,10607,92145350,113228318970,12999807,KSQ,ME005
402490,KR7402490007,그린리소스,KOSDAQ,기술성장기업부,6680,1,320,5.03,6450,6700,6280,52254,341172970,113127249560,16935217,KSQ,ME005
333430,KR7333430007,일승,KOSDAQ,중견기업부,3675,2,-70,-1.87,3785,3785,3640,85276,313744455,112920795225,30726747,KSQ,ME005
017510,KR7017510009,세명전기,KOSDAQ,벤처기업부,7400,1,80,1.09,7350,7430,7290,35468,261276060,112820400000,15246000,KSQ,ME005
016710,KR7016710006,대성홀딩스,KOSPI,,7000,2,-30,-0.43,7080,7080,6950,7566,52839270,112626213000,16089459,STK,ME005
090850,KR7090850009,현대이지웰,KOSDAQ,우량기업부,5010,2,-60,-1.18,5030,5030,5000,5192,25997040,112614294030,22477903,KSQ,ME005
054050,KR7054050000,NH농우바이오,KOSDAQ,우량기업부,7020,2,-30,-0.43,7070,7070,7020,5220,36685620,112534538220,16030561,KSQ,ME005
083420,KR7083420000,그린케미칼,KOSPI,,4680,2,-10,-0.21,4730,4790,4645,3987,18694930,112320000000,24000000,STK,ME005
001520,KR7001520006,동양,KOSPI,,1048,3,0,0.0,1048,1058,1038,63545,66439011,112263889536,107122032,STK,ME005
017550,KR7017550005,수산세보틱스,KOSPI,,1797,2,-15,-0.83,1815,1815,1785,60487,108405994,112131236610,62399130,STK,ME005
039560,KR7039560008,다산네트웍스,KOSDAQ,중견기업부,2610,1,285,12.26,2350,2685,2325,840428,2165669429,111938901480,42888468,KSQ,ME005
261780,KR7261780001,아리바이오랩,KOSDAQ,기술성장기업부,3865,1,70,1.84,3790,3920,3700,371070,1420499512,111914847240,28955976,KSQ,ME005
146320,KR7146320007,비씨엔씨,KOSDAQ,벤처기업부,8740,1,60,0.69,8680,8770,8570,3457,29910730,111853847020,12797923,KSQ,ME005
198440,KR7198440000,강동씨앤엘,KOSDAQ,중견기업부,1823,1,2,0.11,1855,1937,1821,820900,1534369731,111078846408,60931896,KSQ,ME005
109740,KR7109740001,디에스케이,KOSDAQ,벤처기업부,4315,1,5,0.12,4575,4575,4245,4127,17881600,110940332850,25710390,KSQ,ME005
217820,KR7217820000,원익피앤이,KOSDAQ,중견기업부,2335,2,-115,-4.69,2465,2465,2320,369631,875895447,110806395265,47454559,KSQ,ME005
008040,KR7008040008,사조동아원,KOSPI,,7830,1,150,1.95,7810,7850,7680,2105,16335740,110516221800,14114460,STK,ME005
015590,KR7015590003,DKME,KOSPI,,2065,2,-15,-0.72,2095,2095,2000,59675,121980270,110263376020,53396308,STK,ME005
018120,KR7018120006,진로발효,KOSDAQ,우량기업부,16620,2,-40,-0.24,16870,16870,16620,78,1298960,110043014400,6621120,KSQ,ME005
002460,KR7002460004,HS화성,KOSPI,,10840,1,70,0.65,11120,11120,10760,3838,41723480,110026000000,10150000,STK,ME005
141000,KR7141000000,비아트론,KOSDAQ,벤처기업부,9080,2,-110,-1.2,9140,9270,8950,4350,39185040,110001566800,12114710,KSQ,ME005
166480,KR7166480004,코아스템켐온,KOSDAQ,벤처기업부,2080,2,-15,-0.72,2095,2110,2050,19706,40824675,109970382080,52870376,KSQ,ME005
013570,KR7013570007,디와이,KOSPI,,4175,2,-50,-1.18,4260,4260,4165,11451,47827715,109884467775,26319633,STK,ME005
023450,KR7023450000,동남합성,KOSPI,,31350,2,-50,-0.16,31400,31600,31000,781,24467700,109725000000,3500000,STK,ME005
011810,KR7011810009,STX,KOSPI,,3530,3,0,0.0,0,0,0,0,0,109493282310,31017927,STK,ME005
072950,KR7072950009,빛샘전자,KOSDAQ,벤처기업부,13590,1,2890,27.01,10800,13910,10740,12863105,166908845205,109434969900,8052610,KSQ,ME005
067990,KR7067990002,도이치모터스,KOSDAQ,우량기업부,3750,2,-10,-0.27,3745,3765,3740,7119,26697030,109430812500,29181550,KSQ,ME005
067900,KR7067900001,와이엔텍,KOSDAQ,우량기업부,6000,3,0,0.0,6030,6040,5950,2696,16158150,109197954000,18199659,KSQ,ME005
038540,KR7038540001,상상인,KOSDAQ,중견기업부,1972,1,4,0.2,1988,1988,1918,2658,5184962,109107433236,55328313,KSQ,ME005
411080,KR7411080005,샌즈랩,KOSDAQ,기술성장기업부,7140,1,240,3.48,6770,8590,6660,9365505,73265033580,109010935320,15267638,KSQ,ME005
475580,KR7475580007,에이럭스,KOSDAQ,벤처기업부,7990,1,290,3.77,7750,8110,7580,189621,1495884295,108862951000,13624900,KSQ,ME005
039340,KR7039340005,한국경제TV,KOSDAQ,우량기업부,4925,2,-20,-0.4,4940,4995,4860,3993,19594820,108350000000,22000000,KSQ,ME005
012800,KR7012800009,대창,KOSPI,,1188,1,3,0.25,1186,1194,1178,47282,56103382,108274912812,91140499,STK,ME005
192410,KR7192410009,오늘이엔엠,KOSDAQ,중견기업부,4295,2,-105,-2.39,4405,4485,4255,10536,45441925,108173479155,25185909,KSQ,ME005
037350,KR7037350006,성도이엔지,KOSDAQ,우량기업부,7110,2,-80,-1.11,7180,7180,7040,33342,236467760,108143100000,15210000,KSQ,ME005
011280,KR7011280005,태림포장,KOSPI,,1523,2,-3,-0.2,1528,1528,1496,17213,25915090,107837446620,70805940,STK,ME005
009580,KR7009580002,무림P&P,KOSPI,,1729,1,59,3.53,1674,1793,1670,438270,764630581,107834832196,62368324,STK,ME005
106190,KR7106190002,하이텍팜,KOSDAQ,우량기업부,10130,2,-220,-2.13,10360,10360,10060,3499,35485490,107714042490,10633173,KSQ,ME005
339950,KR7339950008,아이비김영,KOSDAQ,우량기업부,2390,2,-10,-0.42,2445,2445,2370,32097,76631458,107422505450,44946655,KSQ,ME005
078935,KR7078931003,GS우,KOSPI,,60300,2,-800,-1.31,60700,61000,60200,770,46702600,107314462800,1779676,STK,ME005
004250,KR7004250007,NPC,KOSPI,,2920,2,-5,-0.17,2925,2940,2915,1956,5722630,107222400000,36720000,STK,ME005
162300,KR7162300008,신스틸,KOSDAQ,우량기업부,2585,2,-70,-2.64,2680,2715,2505,882268,2284823105,107203522470,41471382,KSQ,ME005
115440,KR7115440000,우리넷,KOSDAQ,우량기업부,9880,1,1170,13.43,8760,10650,8760,6943699,69237100140,106647604960,10794292,KSQ,ME005
189330,KR7189330004,씨이랩,KOSDAQ,기술성장기업부,11360,2,-50,-0.44,11400,11580,11200,80011,905203485,106582746240,9382284,KSQ,ME005
389020,KR7389020009,자람테크놀로지,KOSDAQ,기술성장기업부,15425,2,-815,-5.02,16240,16240,15240,130774,2037018460,106510889850,6905082,KSQ,ME005
172670,KR7172670002,에이엘티,KOSDAQ,벤처기업부,11830,1,140,1.2,11870,11870,11520,10416,121260870,105999863970,8960259,KSQ,ME005
246710,KR7246710008,티앤알바이오팹,KOSDAQ,기술성장기업부,2220,2,-30,-1.33,2250,2250,2210,31373,69909389,105815198880,47664504,KSQ,ME005
100700,KR7100700004,세운메디칼,KOSDAQ,우량기업부,2415,2,-20,-0.82,2425,2425,2405,18339,44198555,105777000000,43800000,KSQ,ME005
123040,KR7123040008,엠에스오토텍,KOSDAQ,중견기업부,1687,1,12,0.72,1698,1698,1654,29346,49037600,105653940413,62628299,KSQ,ME005
048550,KR7048550008,SM C&C,KOSDAQ,중견기업부,1092,2,-3,-0.27,1108,1109,1079,67725,73707737,105612365040,96714620,KSQ,ME005
396470,KR7396470007,워트,KOSDAQ,중견기업부,6550,1,30,0.46,6570,6630,6460,43148,281890990,105586000000,16120000,KSQ,ME005
021820,KR7021820006,세원정공,KOSPI,,10550,2,-50,-0.47,10470,10710,10470,2924,30864780,105500000000,10000000,STK,ME005
062970,KR7062970009,한국첨단소재,KOSDAQ,중견기업부,3500,1,140,4.17,3570,3910,3345,26313430,94468220861,105428480500,30122423,KSQ,ME005
120030,KR7120030002,조선선재,KOSPI,,83700,2,-400,-0.48,84200,84900,83400,74,6217000,105265388700,1257651,STK,ME005
073560,KR7073560005,우리손에프앤지,KOSDAQ,우량기업부,1520,2,-3,-0.2,1523,1537,1520,10034,15281505,105241217360,69237643,KSQ,ME005
248170,KR7248170003,샘표식품,KOSPI,,23000,2,-150,-0.65,23200,23500,23000,35600,826617525,105070578000,4568286,STK,ME005
004100,KR7004100004,태양금속,KOSPI,,2860,1,5,0.18,2855,2885,2825,87562,249894370,104962000000,36700000,STK,ME005
290720,KR7290720002,푸드나무,KOSDAQ,중견기업부,2750,3,0,0.0,2720,2750,2680,5702,15445610,104910500750,38149273,KSQ,ME005
120240,KR7120240007,대정화금,KOSDAQ,우량기업부,14580,2,-140,-0.95,14800,14800,14550,2488,36309540,104835900780,7190391,KSQ,ME005
242040,KR7242040004,나무AX,KOSDAQ,기술성장기업부,3020,2,-25,-0.82,3045,3060,3000,94274,284050439,104510917280,34606264,KSQ,ME005
299030,KR7299030007,하나기술,KOSDAQ,벤처기업부,13050,2,-290,-2.17,13440,13580,13030,15191,199787970,104333575500,7994910,KSQ,ME005
053700,KR7053700001,삼보모터스,KOSDAQ,우량기업부,3905,2,-5,-0.13,3900,3945,3845,77135,299195270,104325031085,26715757,KSQ,ME005
123690,KR7123690000,한국화장품,KOSPI,,6490,1,10,0.15,6590,6590,6430,35820,231881120,104281320000,16068000,STK,ME005
014950,KR7014950000,삼익제약,KOSDAQ,벤처기업부,10350,2,-1340,-11.46,11290,11290,10230,2182040,23385027660,104199535800,10067588,KSQ,ME005
125210,KR7125210005,아모그린텍,KOSDAQ,우량기업부,6310,1,730,13.08,5580,6760,5560,2165916,13981775125,104094744900,16496790,KSQ,ME005
010100,KR7010100006,한국무브넥스,KOSPI,,3405,2,-5,-0.15,3435,3435,3360,25545,86352260,103683680100,30450420,STK,ME005
014580,KR7014580005,태경비케이,KOSPI,,3755,3,0,0.0,3765,3800,3740,7920,29693085,103574540500,27583100,STK,ME005
175250,KR7175250000,아이큐어,KOSDAQ,관리종목(소속부없음),1675,2,-52,-3.01,1778,1778,1660,114454,193564902,103408330975,61736317,KSQ,ME005
071280,KR7071280002,로체시스템즈,KOSDAQ,우량기업부,6740,1,90,1.35,6650,6750,6570,21026,140817980,103099104220,15296603,KSQ,ME005
035000,KR7035000009,HS애드,KOSPI,,6360,1,40,0.63,6320,6370,6280,10470,66092015,103080615840,16207644,STK,ME005
334970,KR7334970001,프레스티지바이오로직스,KOSDAQ,기술성장기업부,1324,2,-204,-13.35,1546,1546,1320,484495,677872295,102944491388,77752637,KSQ,ME005
027970,KR7027970003,한국제지,KOSPI,,2705,2,-35,-1.28,2700,2765,2695,12747,34579215,102871539520,38030144,STK,ME005
182360,KR7182360008,큐브엔터,KOSDAQ,우량기업부,6610,1,210,3.28,6430,6620,6260,10746,69731345,102749713460,15544586,KSQ,ME005
006660,KR7006660005,삼성공조,KOSPI,,12600,1,50,0.4,12510,12850,12480,115320,1459149425,102391556400,8126314,STK,ME005
063170,KR7063170005,서울옥션,KOSDAQ,중견기업부,5760,2,-210,-3.52,5890,5890,5670,22627,130044370,102379777920,17774267,KSQ,ME005
366030,KR7366030005,나인앤컴퍼니,KOSDAQ,중견기업부,4500,1,230,5.39,4270,4500,4230,52603,230223215,101942325000,22653850,KSQ,ME005
474610,KR7474610003,RF시스템즈,KOSDAQ,벤처기업부,7070,1,160,2.32,6860,7190,6860,19996,140547740,101915605400,14415220,KSQ,ME005
036220,KR7036220002,오상헬스케어,KOSDAQ,우량기업부,7120,2,-90,-1.25,7100,7410,6830,192176,1360824690,101883041920,14309416,KSQ,ME005
021080,KR7021080007,에이티넘인베스트,KOSDAQ,우량기업부,2115,2,-5,-0.24,2120,2120,2100,37953,79974265,101520000000,48000000,KSQ,ME005
310200,KR7310200001,애니플러스,KOSDAQ,중견기업부,1945,2,-9,-0.46,1956,1976,1940,25102,49082500,101456716020,52162836,KSQ,ME005
130580,KR7130580004,나이스디앤비,KOSDAQ,우량기업부,6580,1,130,2.02,6440,6640,6440,18122,118702170,101332000000,15400000,KSQ,ME005
323990,KR7323990002,박셀바이오,KOSDAQ,기술성장기업부,4355,1,30,0.69,4430,4430,4300,22327,96966420,101285737475,23257345,KSQ,ME005
059210,KR7059210005,메타바이오메드,KOSDAQ,우량기업부,3720,2,-100,-2.62,3800,3800,3715,31997,119537008,101077775400,27171445,KSQ,ME005
267850,KR7267850006,아시아나IDT,KOSPI,,9090,2,-40,-0.44,9290,9290,9050,7229,65754850,100899000000,11100000,STK,ME005
119650,KR7119650000,KC코트렐,KOSPI,,918,3,0,0.0,0,0,0,0,0,100782913662,109785309,STK,ME005
330350,KR7330350000,위더스제약,KOSDAQ,우량기업부,7620,2,-30,-0.39,7500,7670,7460,81939,620679430,100581561600,13199680,KSQ,ME005
311320,KR7311320006,지오엘리먼트,KOSDAQ,기술성장기업부,7970,1,10,0.13,7820,8150,7770,17615,138599210,100538043200,12614560,KSQ,ME005
394420,KR7394420004,리센스메디컬,KOSDAQ,기술성장기업부,9140,2,-70,-0.76,9200,9200,8880,35451,317305610,100537267140,10999701,KSQ,ME005
264900,KR7264900002,크라운제과,KOSPI,,8010,2,-40,-0.5,8070,8070,8010,1177,9434610,100316038500,12523850,STK,ME005
002450,KR7002450005,삼익악기,KOSPI,,1106,2,-2,-0.18,1121,1121,1097,54787,60420740,100127191990,90530915,STK,ME005
453450,KR7453450009,그리드위즈,KOSDAQ,중견기업부,12590,1,20,0.16,12570,12640,12420,2438,30475710,99999222500,7942750,KSQ,ME005
088130,KR7088130000,동아엘텍,KOSDAQ,우량기업부,5710,1,30,0.53,5680,5770,5630,17334,98669110,99841142940,17485314,KSQ,ME005
002780,KR7002780005,진흥기업,KOSPI,,6840,2,-30,-0.44,6890,7050,6840,30673,212917130,99502670160,14547174,STK,ME005
246720,KR7246720007,아스타,KOSDAQ,관리종목(소속부없음),6070,3,0,0.0,0,0,0,0,0,99434491000,16381300,KSQ,ME005
013700,KR7013700000,까뮤이앤씨,KOSPI,,1662,1,10,0.61,1687,1700,1565,84613,139961411,99305879460,59750830,STK,ME005
006620,KR7006620009,동구바이오제약,KOSDAQ,우량기업부,3475,2,-35,-1.0,3505,3540,3470,3210,11185860,98915847200,28464992,KSQ,ME005
352090,KR7352090005,스톰테크,KOSDAQ,우량기업부,3670,1,70,1.94,3610,3700,3610,12739,46217915,98623902660,26872998,KSQ,ME005
131030,KR7131030009,옵투스제약,KOSDAQ,우량기업부,5580,2,-110,-1.93,5650,5650,5580,5647,31631100,98467972200,17646590,KSQ,ME005
309960,KR7309960003,LB인베스트먼트,KOSDAQ,중견기업부,4205,2,-25,-0.59,4210,4235,4160,3663,15329391,97628489995,23217239,KSQ,ME005
053350,KR7053350005,이니텍,KOSDAQ,중견기업부,4430,2,-70,-1.56,4595,4595,4420,32728,146190985,97553317950,22021065,KSQ,ME005
066790,KR7066790007,씨씨에스,KOSDAQ,관리종목(소속부없음),2205,3,0,0.0,0,0,0,0,0,97355245995,44152039,KSQ,ME005
012200,KR7012200002,계양전기,KOSPI,,3575,1,45,1.27,3600,3600,3480,66876,237707470,97321613675,27222829,STK,ME005
067830,KR7067830000,세이브존I&C,KOSPI,,2370,2,-10,-0.42,2390,2390,2330,20833,48993730,97266921150,41040895,STK,ME005
008700,KR7008700007,아남전자,KOSPI,,1261,1,18,1.45,1255,1263,1243,41881,52691808,97254398020,77124820,STK,ME005
363280,KR7363280009,티와이홀딩스,KOSPI,,2135,1,35,1.67,2080,2145,2075,6989,14806575,97136805955,45497333,STK,ME005
250060,KR7250060001,모비스,KOSDAQ,기술성장기업부,3015,1,35,1.17,2990,3040,2940,39039,116738405,96996511710,32171314,KSQ,ME005
005860,KR7005860002,한일사료,KOSDAQ,우량기업부,2460,3,0,0.0,2455,2490,2445,181102,445904837,96933065100,39403685,KSQ,ME005
317770,KR7317770006,엑스페릭스,KOSDAQ,벤처기업부,2615,1,20,0.77,2605,2655,2560,31650,82101350,96747160230,36997002,KSQ,ME005
068240,KR7068240001,다원시스,KOSDAQ,관리종목(소속부없음),2530,3,0,0.0,0,0,0,0,0,96553495610,38163437,KSQ,ME005
002200,KR7002200004,한국수출포장,KOSPI,,2870,2,-5,-0.17,2895,2895,2845,6767,19366015,96144830670,33499941,STK,ME005
493330,KR7493330005,지에프아이,KOSDAQ,벤처기업부,11940,2,-410,-3.32,12400,12400,11500,25133,299470650,95991785220,8039513,KSQ,ME005
357880,KR7357880004,SKAI,KOSDAQ,기술성장기업부,1770,2,-14,-0.78,1829,1850,1755,154573,279319694,95902352400,54182120,KSQ,ME005
417310,KR7417310000,코람코더원리츠,KOSPI,,2370,3,0,0.0,2380,2380,2370,14249,33790805,95748000000,40400000,STK,ME005
289930,KR7289930000,웨이비스,KOSDAQ,기술성장기업부,7240,2,-190,-2.56,7580,7580,7160,70654,513067680,95198832400,13149010,KSQ,ME005
052420,KR7052420007,오성첨단소재,KOSDAQ,우량기업부,9770,2,-10,-0.1,9900,9900,9710,10971,107121130,95179427930,9742009,KSQ,ME005
298540,KR7298540006,더네이쳐홀딩스,KOSDAQ,우량기업부,6560,2,-180,-2.67,6690,6720,6540,3022,19965510,95030692160,14486386,KSQ,ME005
091440,KR7091440008,한울소재과학,KOSDAQ,투자주의환기종목(소속부없음),2605,2,-80,-2.98,2700,2700,2590,85447,223786075,94796780995,36390319,KSQ,ME005
017650,KR7017650003,대림제지,KOSDAQ,우량기업부,10790,1,10,0.09,10790,10800,10700,769,8254210,94790150000,8785000,KSQ,ME005
006840,KR7006840003,AK홀딩스,KOSPI,,7150,2,-330,-4.41,7330,7380,7080,10054,72146300,94720061150,13247561,STK,ME005
036580,KR7036580009,팜스코,KOSPI,,2570,2,-15,-0.58,2600,2625,2550,18642,48099520,94390813510,36727943,STK,ME005
008260,KR7008260002,NI스틸,KOSPI,,3300,2,-25,-0.75,3360,3360,3300,22842,75603725,94380386100,28600117,STK,ME005
014790,KR7014790000,HL D&I,KOSPI,,2485,1,10,0.4,2485,2495,2460,8318,20577315,94078623485,37858601,STK,ME005
032560,KR7032560005,황금에스티,KOSPI,,5510,2,-70,-1.25,5580,5580,5500,601,3319430,93670000000,17000000,STK,ME005
014440,KR7014440002,영보화학,KOSPI,,4675,2,-50,-1.06,4745,4745,4675,1719,8064220,93500000000,20000000,STK,ME005
187790,KR7187790001,나노,KOSDAQ,벤처기업부,3030,1,35,1.17,3095,3095,2920,26003,78248885,93447714900,30840830,KSQ,ME005
066590,KR7066590001,스모트로닉,KOSDAQ,중견기업부,2415,2,-5,-0.21,2420,2460,2400,33445,80982825,93407217855,38677937,KSQ,ME005
070960,KR7070960000,모나용평,KOSPI,,1940,1,2,0.1,1988,1988,1917,14759,28512758,93378666020,48133333,STK,ME005
049080,KR7049080005,기가레인,KOSDAQ,벤처기업부,10990,1,2530,29.91,8630,10990,8560,2680822,28409391670,93286790660,8488334,KSQ,ME005
042500,KR7042500009,링네트,KOSDAQ,우량기업부,4180,2,-95,-2.22,4305,4305,4130,66716,278666992,93176981920,22291144,KSQ,ME005
049950,KR7049950009,미래컴퍼니,KOSDAQ,중견기업부,10540,1,110,1.05,10570,10680,10270,10089,105881210,92940497360,8817884,KSQ,ME005
007210,KR7007210008,벽산,KOSPI,,1419,1,10,0.71,1405,1422,1402,34207,48399902,92745840000,65360000,STK,ME005
002230,KR7002230001,피에스텍,KOSDAQ,우량기업부,5030,1,85,1.72,5030,5050,4895,27408,135961780,92657982100,18421070,KSQ,ME005
362320,KR7362320004,청담글로벌,KOSDAQ,중견기업부,4470,3,0,0.0,4385,4550,4380,23729,105489457,92497338990,20692917,KSQ,ME005
023900,KR7023900004,풍국주정,KOSDAQ,우량기업부,7330,2,-40,-0.54,7570,7570,7310,1983,14607085,92358000000,12600000,KSQ,ME005
109610,KR7109610006,에스와이,KOSDAQ,중견기업부,1886,2,-14,-0.74,1884,1913,1865,11174,21036225,92239356400,48907400,KSQ,ME005
307930,KR7307930008,컴퍼니케이,KOSDAQ,중견기업부,5870,1,10,0.17,5870,5890,5780,6307,36827330,91630700000,15610000,KSQ,ME005
047560,KR7047560008,이스트소프트,KOSDAQ,중견기업부,7770,2,-30,-0.38,7760,7930,7600,17592,135973330,91321447140,11753082,KSQ,ME005
235980,KR7235980000,메드팩토,KOSDAQ,기술성장기업부,2655,2,-85,-3.1,2735,2795,2655,48646,130363940,91000446255,34275121,KSQ,ME005
040420,KR7040420002,정상제이엘에스,KOSDAQ,우량기업부,5800,3,0,0.0,5800,5830,5780,13229,76977680,90929801600,15677552,KSQ,ME005
099750,KR7099750002,이지케어텍,KOSDAQ,벤처기업부,6650,2,-180,-2.64,6720,7000,6630,3368,22572560,90833500450,13659173,KSQ,ME005
037030,KR7037030004,파워넷,KOSDAQ,우량기업부,3560,1,200,5.95,3355,3700,3315,719808,2568655394,90826251520,25512992,KSQ,ME005
419050,KR7419050000,삼기에너지솔루션즈,KOSDAQ,중견기업부,1581,2,-18,-1.13,1594,1611,1575,142735,226666505,90427255440,57196240,KSQ,ME005
001275,KR7001271006,부국증권우,KOSPI,,30050,3,0,0.0,30300,30300,30050,15,452500,90150000000,3000000,STK,ME005
093920,KR7093920007,서원인텍,KOSDAQ,우량기업부,4840,2,-15,-0.31,4895,4895,4800,1051,5061110,90024000000,18600000,KSQ,ME005
019180,KR7019180009,티에이치엔,KOSPI,,4990,2,-50,-0.99,5000,5080,4965,23017,114812950,89820000000,18000000,STK,ME005
33626K,KR733626K013,두산퓨얼셀1우,KOSPI,,6710,3,0,0.0,6770,6770,6550,15280,102051200,89673782000,13364200,STK,ME005
321370,KR7321370009,센서뷰,KOSDAQ,기술성장기업부,1264,1,91,7.76,1174,1348,1166,5794627,7397740147,89266525264,70622251,KSQ,ME005
083500,KR7083500009,에프엔에스테크,KOSDAQ,우량기업부,10740,1,90,0.85,10610,10800,10580,5461,58201120,89210488980,8306377,KSQ,ME005
282720,KR7282720002,금양그린파워,KOSDAQ,중견기업부,7360,2,-160,-2.13,7530,7680,7310,8590,63795210,89199520000,12119500,KSQ,ME005
307870,KR7307870006,비투엔,KOSDAQ,벤처기업부,1198,2,-25,-2.04,1223,1223,1190,119001,143327283,89010543430,74299285,KSQ,ME005
048530,KR7048530000,인트론바이오,KOSDAQ,기술성장기업부,2880,1,20,0.7,2890,2935,2820,37291,107180295,88968263040,30891758,KSQ,ME005
306620,KR7306620006,지아이에스,KOSDAQ,벤처기업부,1854,2,-13,-0.7,1869,1885,1822,62230,115118170,88884809136,47942184,KSQ,ME005
001290,KR7001290006,상상인증권,KOSPI,,4100,2,-115,-2.73,4200,4200,4030,51013,208189582,88836438400,21667424,STK,ME005
173130,KR7173130006,오파스넷,KOSDAQ,중견기업부,6800,2,-100,-1.45,6900,6940,6710,17061,116196550,88716016400,13046473,KSQ,ME005
074430,KR7074430000,아미노로직스,KOSDAQ,중견기업부,1005,2,-65,-6.07,1070,1070,998,211176,213632163,88581023610,88140322,KSQ,ME005
053580,KR7053580007,웹케시,KOSDAQ,우량기업부,6810,2,-240,-3.4,6960,7010,6760,13816,94871470,88219709160,12954436,KSQ,ME005
009300,KR7009300005,삼아제약,KOSDAQ,우량기업부,13820,2,-210,-1.5,14020,14030,13780,509,7040720,88033400000,6370000,KSQ,ME005
096240,KR7096240007,크레버스,KOSDAQ,우량기업부,8590,2,-60,-0.69,8750,8750,8500,7783,66535910,87945966200,10238180,KSQ,ME005
013310,KR7013310008,아진산업,KOSDAQ,우량기업부,2265,3,0,0.0,2265,2265,2235,20548,46292930,87896908230,38806582,KSQ,ME005
058850,KR7058850009,KTcs,KOSPI,,2110,2,-25,-1.17,2135,2135,2100,40122,84654355,87363389500,41404450,STK,ME005
058860,KR7058860008,KTis,KOSPI,,2510,1,5,0.2,2510,2540,2495,10692,26843680,87353020000,34802000,STK,ME005
209640,KR7209640002,와이제이링크,KOSDAQ,중견기업부,3065,2,-5,-0.16,3120,3160,3015,26818,81885290,87178242490,28443146,KSQ,ME005
217190,KR7217190008,제너셈,KOSDAQ,벤처기업부,6620,1,300,4.75,6320,6730,6160,52395,339543805,87077897820,13153761,KSQ,ME005
023000,KR7023000003,삼원강재,KOSPI,,2190,2,-5,-0.23,2190,2195,2185,1957,4286514,87030503640,39739956,STK,ME005
0015S0,KR70015S0005,페스카로,KOSDAQ,기술성장기업부,8820,2,-380,-4.13,8810,9900,8460,609354,5613748430,87024558600,9866730,KSQ,ME005
036010,KR7036010007,아비코전자,KOSDAQ,중견기업부,6540,2,-20,-0.3,6570,6640,6450,34791,226450650,86935788360,13292934,KSQ,ME005
205100,KR7205100001,엑셈,KOSDAQ,벤처기업부,1285,1,1,0.08,1284,1300,1278,69334,89356768,86788095590,67539374,KSQ,ME005
033290,KR7033290008,로젠,KOSDAQ,우량기업부,1536,1,12,0.79,1524,1539,1524,5300,8137156,86256078336,56156301,KSQ,ME005
348350,KR7348350000,위드텍,KOSDAQ,벤처기업부,8810,2,-90,-1.01,8750,8850,8700,6568,57640830,86105416000,9773600,KSQ,ME005
432470,KR7432470003,케이엔에스,KOSDAQ,벤처기업부,9790,2,-390,-3.83,10020,10180,9750,89827,891179035,85873533240,8771556,KSQ,ME005
950130,KR8840090003,엑세스바이오,KOSDAQ,외국기업(소속부없음),2440,2,-10,-0.41,2500,2500,2410,16179,39574005,85824154960,35173834,KSQ,ME005
045970,KR7045970001,코아시아,KOSDAQ,중견기업부,3255,2,-15,-0.46,3430,3430,3187,15609,50929905,85654921380,26314876,KSQ,ME005
025620,KR7025620006,차AI헬스케어,KOSPI,,4705,1,15,0.32,4830,4830,4680,369,1731660,85649692965,18203973,STK,ME005
900260,HK0000295359,로스웰,KOSDAQ,외국기업(소속부없음),1859,2,-2,-0.11,1861,1898,1812,5393,9994597,85569223454,46029706,KSQ,ME005
263720,KR7263720005,디앤씨미디어,KOSDAQ,우량기업부,6980,2,-150,-2.1,7120,7160,6920,4881,34193320,85474015780,12245561,KSQ,ME005
029480,KR7029480001,광무,KOSDAQ,중견기업부,1429,2,-9,-0.63,1438,1438,1415,30745,43763861,85338639628,59719132,KSQ,ME005
255440,KR7255440000,야스,KOSDAQ,벤처기업부,6520,2,-60,-0.91,6730,6730,6430,13802,89703000,85138160000,13058000,KSQ,ME005
004890,KR7004890000,동일산업,KOSPI,,35100,2,-350,-0.99,35800,35800,35100,267,9425000,85125046500,2425215,STK,ME005
004650,KR7004650008,창해에탄올,KOSDAQ,우량기업부,9260,2,-40,-0.43,9360,9360,9200,3686,34085950,85107595100,9190885,KSQ,ME005
004140,KR7004140000,동방,KOSPI,,1770,3,0,0.0,1790,1790,1748,23660,41760919,84910025820,47971766,STK,ME005
072020,KR7072020001,중앙백신,KOSDAQ,벤처기업부,9150,2,-40,-0.44,9190,9190,9070,3806,34679690,84699546150,9256781,KSQ,ME005
226400,KR7226400000,오스테오닉,KOSDAQ,기술성장기업부,4095,1,25,0.61,4065,4150,4050,27162,111516360,84609256095,20661601,KSQ,ME005
322180,KR7322180001,LS티라유텍,KOSDAQ,벤처기업부,3935,2,-60,-1.5,3995,4025,3910,24719,97083720,84587177110,21496106,KSQ,ME005
058820,KR7058820002,CMG제약,KOSDAQ,관리종목(소속부없음),571,1,7,1.24,566,571,553,201153,113314849,84578550476,148123556,KSQ,ME005
091120,KR7091120006,이엠텍,KOSDAQ,중견기업부,4935,2,-5,-0.1,4970,4970,4845,7246,35623105,84551039160,17132936,KSQ,ME005
096775,KR7096771001,SK이노베이션우,KOSPI,,67600,2,-500,-0.73,68200,69000,67100,1641,111893400,84393597600,1248426,STK,ME005
137950,KR7137950002,제이씨케미칼,KOSDAQ,우량기업부,3775,3,0,0.0,3785,3835,3725,30894,116928865,84060997850,22267814,KSQ,ME005
357230,KR7357230002,에이치피오,KOSDAQ,우량기업부,2035,2,-5,-0.25,2075,2075,2030,3008,6139150,84032223660,41293476,KSQ,ME005
049180,KR7049180003,셀루메드,KOSDAQ,투자주의환기종목(소속부없음),1009,3,0,0.0,0,0,0,0,0,83975227728,83226192,KSQ,ME005
000850,KR7000850008,화천기공,KOSPI,,38100,1,500,1.33,37250,38600,37200,9963,379752300,83820000000,2200000,STK,ME005
183490,KR7183490002,엔지켐생명과학,KOSDAQ,관리종목(소속부없음),990,3,0,0.0,0,0,0,0,0,83793832650,84640235,KSQ,ME005
052460,KR7052460003,아이크래프트,KOSDAQ,벤처기업부,5730,1,20,0.35,5720,6000,5600,151607,870038470,83703473280,14607936,KSQ,ME005
185490,KR7185490000,아이진,KOSDAQ,벤처기업부,1935,2,-65,-3.25,2000,2015,1891,75391,144722735,83649632040,43229784,KSQ,ME005
005740,KR7005740006,크라운해태홀딩스,KOSPI,,5630,2,-30,-0.53,5660,5680,5600,6594,37027670,83590563610,14847347,STK,ME005
439580,KR7439580002,블루엠텍,KOSDAQ,기술성장기업부,2465,1,195,8.59,2230,2540,2230,578800,1411003461,83431738355,33846547,KSQ,ME005
054540,KR7054540000,삼영엠텍,KOSDAQ,우량기업부,6410,2,-100,-1.54,6590,6600,6350,21898,140340130,83330000000,13000000,KSQ,ME005
003580,KR7003580008,HLB글로벌,KOSPI,,1642,2,-7,-0.42,1650,1650,1625,11823,19282075,83189475210,50663505,STK,ME005
038110,KR7038110003,에코플라스틱,KOSDAQ,우량기업부,2020,3,0,0.0,2000,2035,2000,30315,61083595,83162127400,41169370,KSQ,ME005
025950,KR7025950007,동신건설,KOSDAQ,우량기업부,9880,2,-20,-0.2,9850,9940,9810,4280,42232210,82992000000,8400000,KSQ,ME005
002600,KR7002600005,조흥,KOSPI,,138300,1,900,0.66,138300,138300,138300,3,414900,82980000000,600000,STK,ME005
086960,KR7086960002,MDS테크,KOSDAQ,우량기업부,1945,1,19,0.99,1926,1976,1915,68159,132302368,82718263150,42528670,KSQ,ME005
047820,KR7047820006,초록뱀미디어,KOSDAQ,중견기업부,3380,1,50,1.5,3305,3385,3305,4917,16437642,82654283400,24453930,KSQ,ME005
330730,KR7330730003,스톤브릿지벤처스,KOSDAQ,벤처기업부,4535,2,-15,-0.33,4580,4580,4510,5008,22744560,82617859050,18217830,KSQ,ME005
100590,KR7100590009,머큐리,KOSDAQ,중견기업부,4820,1,300,6.64,4525,5300,4490,3647657,18203515908,82612606900,17139545,KSQ,ME005
380550,KR7380550004,뉴로핏,KOSDAQ,기술성장기업부,6770,2,-90,-1.31,6970,6970,6710,13402,90606005,82586322820,12198866,KSQ,ME005
065450,KR7065450009,빅텍,KOSDAQ,벤처기업부,2790,1,20,0.72,2785,2815,2750,43150,119926047,82293290370,29495803,KSQ,ME005
139990,KR7139990006,아주스틸,KOSPI,,2120,2,-30,-1.4,2130,2140,2110,9910,21007400,82161477680,38755414,STK,ME005
086710,KR7086710001,선진뷰티사이언스,KOSDAQ,우량기업부,6730,2,-40,-0.59,6970,6970,6620,1340,8964560,82128074400,12203280,KSQ,ME005
215100,KR7215100009,로보로보,KOSDAQ,벤처기업부,4035,2,-65,-1.59,4075,4090,4020,24910,100768320,82106011890,20348454,KSQ,ME005
078890,KR7078890001,가온그룹,KOSDAQ,중견기업부,4450,1,165,3.85,4350,4545,4280,64556,286631280,81990996350,18424943,KSQ,ME005
006090,KR7006090005,사조오양,KOSPI,,8700,2,-160,-1.81,8840,8840,8650,1070,9367290,81977803200,9422736,STK,ME005
011700,KR7011700002,한신기계,KOSPI,,2525,2,-45,-1.75,2570,2590,2515,76430,193264270,81926531275,32446151,STK,ME005
109070,KR7109070003,주성코퍼레이션,KOSPI,,1550,3,0,0.0,0,0,0,0,0,81855856500,52810230,STK,ME005
036640,KR7036640001,HRS,KOSDAQ,우량기업부,5000,2,-20,-0.4,4950,5040,4950,26521,132290285,81774000000,16354800,KSQ,ME005
078140,KR7078140001,대봉엘에스,KOSDAQ,우량기업부,7360,3,0,0.0,7390,7400,7280,3885,28379330,81597221440,11086579,KSQ,ME005
131370,KR7131370009,알서포트,KOSDAQ,벤처기업부,1531,1,7,0.46,1538,1538,1516,21133,32259325,81551904073,53267083,KSQ,ME005
149980,KR7149980005,하이로닉,KOSDAQ,중견기업부,4740,2,-5,-0.11,4790,4790,4675,8173,38733640,81523478040,17199046,KSQ,ME005
007820,KR7007820004,엠엑스로보틱스,KOSDAQ,중견기업부,3485,2,-60,-1.69,3545,3555,3470,40651,142378504,81282115215,23323419,KSQ,ME005
294630,KR7294630009,서남,KOSDAQ,기술성장기업부,3065,1,45,1.49,3020,3085,2960,104597,318244609,81219983635,26499179,KSQ,ME005
412540,KR7412540007,제일엠앤에스,KOSDAQ,관리종목(소속부없음),3935,3,0,0.0,0,0,0,0,0,81063616775,20600665,KSQ,ME005
101330,KR7101330009,모베이스,KOSDAQ,중견기업부,3490,2,-30,-0.85,3540,3540,3460,4233,14745895,80783131210,23147029,KSQ,ME005
032300,KR7032300006,한국파마,KOSDAQ,중견기업부,7400,2,-50,-0.67,7460,7460,7270,2948,21551530,80709587400,10906701,KSQ,ME005
418470,KR7418470001,KT밀리의서재,KOSDAQ,우량기업부,9410,2,-120,-1.26,9440,9550,9340,2476,23263430,80604074490,8565789,KSQ,ME005
019550,KR7019550003,SBI인베스트먼트,KOSDAQ,중견기업부,996,2,-19,-1.87,1012,1015,992,146781,146335059,80240722104,80562974,KSQ,ME005
044990,KR7044990000,에이치엔에스하이텍,KOSDAQ,기술성장기업부,10430,2,-50,-0.48,10630,11070,10310,5665,58918670,80158982750,7685425,KSQ,ME005
007980,KR7007980006,TP,KOSPI,,1707,2,-20,-1.16,1727,1727,1707,27791,47521896,80053776450,46897350,STK,ME005
000440,KR7000440008,중앙에너비스,KOSDAQ,중견기업부,12850,2,-400,-3.02,13300,13370,12850,24335,317113140,80018620500,6227130,KSQ,ME005
094860,KR7094860004,네오리진,KOSDAQ,중견기업부,1506,3,0,0.0,1497,1523,1474,49793,74970649,79983681084,53110014,KSQ,ME005
129920,KR7129920005,대성하이텍,KOSDAQ,벤처기업부,4920,3,0,0.0,4920,4965,4820,13285,64927720,79943584320,16248696,KSQ,ME005
100130,KR7100130004,동국S&C,KOSDAQ,중견기업부,1397,1,31,2.27,1366,1399,1355,150709,208043278,79828771000,57143000,KSQ,ME005
002220,KR7002220002,한일철강,KOSPI,,2990,2,-35,-1.16,3030,3035,2955,24436,73049730,79825405400,26697460,STK,ME005
040350,KR7040350001,크레오에스지,KOSDAQ,벤처기업부,4020,1,85,2.16,3965,4095,3895,53464,213253365,79821907920,19856196,KSQ,ME005
079810,KR7079810008,APS이노베이션,KOSDAQ,우량기업부,3705,1,60,1.65,3655,3740,3585,32252,117945980,79761588270,21528094,KSQ,ME005
105740,KR7105740005,디케이락,KOSDAQ,우량기업부,7840,1,80,1.03,7780,7860,7700,15102,118024890,79721141920,10168513,KSQ,ME005
033560,KR7033560004,블루콤,KOSDAQ,중견기업부,4660,1,80,1.75,4500,4770,4440,28583,131165435,79686000000,17100000,KSQ,ME005
004590,KR7004590006,한국가구,KOSDAQ,중견기업부,5290,2,-40,-0.75,5370,5370,5240,13845,73291790,79350000000,15000000,KSQ,ME005
058400,KR7058400003,KNN,KOSDAQ,우량기업부,5990,2,-140,-2.28,6040,6070,5890,9045,53872860,79325402280,13242972,KSQ,ME005
023800,KR7023800006,인지컨트롤스,KOSPI,,5000,1,20,0.4,5050,5050,4970,4404,21952265,79045985000,15809197,STK,ME005
048910,KR7048910004,대원미디어,KOSDAQ,우량기업부,6280,3,0,0.0,6350,6350,6120,13176,82210170,78995780880,12578946,KSQ,ME005
054670,KR7054670005,대한뉴팜,KOSDAQ,우량기업부,5500,2,-10,-0.18,5510,5540,5380,23005,124617710,78952060000,14354920,KSQ,ME005
478560,KR7478560006,블랙야크아이앤씨,KOSDAQ,벤처기업부,3055,2,-5,-0.16,3075,3090,3055,2387,7308330,78911560390,25830298,KSQ,ME005
066430,KR7066430000,아이로보틱스,KOSDAQ,중견기업부,2015,2,-5,-0.25,2025,2060,1945,139538,279287924,78894254140,39153476,KSQ,ME005
111380,KR7111380002,동인기연,KOSPI,,12840,1,10,0.08,13010,13010,12810,301,3863830,78683520000,6128000,STK,ME005
032540,KR7032540007,TJ미디어,KOSDAQ,우량기업부,3765,2,-10,-0.26,3800,3800,3705,835,3128040,78678759945,20897413,KSQ,ME005
246960,KR7246960009,SCL사이언스,KOSDAQ,기술성장기업부,2310,1,80,3.59,2215,2400,2215,104435,245005255,78579378570,34017047,KSQ,ME005
037760,KR7037760006,쎄니트,KOSDAQ,중견기업부,2320,2,-15,-0.64,2365,2365,2320,22055,51942850,78492376720,33832921,KSQ,ME005
357580,KR7357580000,아모센스,KOSDAQ,기술성장기업부,6640,1,1530,29.94,5550,6640,5370,441636,2822149810,78284019680,11789762,KSQ,ME005
302550,KR7302550009,리메드,KOSDAQ,기술성장기업부,2585,2,-55,-2.08,2625,2625,2570,3447,8909710,78260908605,30275013,KSQ,ME005
066700,KR7066700006,테라젠이텍스,KOSDAQ,중견기업부,2105,3,0,0.0,2145,2145,2095,6610,13940170,78205751480,37152376,KSQ,ME005
263800,KR7263800005,데이타솔루션,KOSDAQ,중견기업부,4815,1,50,1.05,4765,4850,4730,52298,250152965,78125204700,16225380,KSQ,ME005
066980,KR7066980004,한성크린텍,KOSDAQ,벤처기업부,1450,2,-1,-0.07,1450,1468,1441,45123,65384198,77968244350,53771203,KSQ,ME005
331380,KR7331380006,포커스에이아이,KOSDAQ,투자주의환기종목(소속부없음),2105,2,-25,-1.17,2125,2145,2090,8857,18653010,77801277835,36960227,KSQ,ME005
009180,KR7009180001,한솔로지스틱스,KOSPI,,2760,2,-20,-0.72,2780,2780,2745,8914,24575490,77710077000,28155825,STK,ME005
063080,KR7063080006,컴투스홀딩스,KOSDAQ,중견기업부,11780,2,-440,-3.6,12170,12170,11750,8848,105550840,77691361760,6595192,KSQ,ME005
000590,KR7000590000,CS홀딩스,KOSPI,,67200,2,-800,-1.18,67700,67700,66900,88,5931400,77581190400,1154482,STK,ME005
381620,KR7381620004,제닉스로보틱스,KOSDAQ,중견기업부,5900,2,-60,-1.01,6070,6070,5830,19099,112186330,77395728000,13117920,KSQ,ME005
024880,KR7024880007,케이피에프,KOSDAQ,우량기업부,3880,1,10,0.26,3870,3895,3835,3482,13482930,77373501120,19941624,KSQ,ME005
225530,KR7225530005,HC보광산업,KOSDAQ,우량기업부,2125,1,15,0.71,2095,2145,2020,12340,25958040,77219794875,36338727,KSQ,ME005
0117P0,KR70117P0005,피스피스스튜디오,KOSDAQ,중견기업부,5440,2,-40,-0.73,5460,5530,5390,31893,173877790,77078875840,14168911,KSQ,ME005
001020,KR7001020007,페이퍼코리아,KOSPI,,2165,2,-15,-0.69,2160,2235,2120,5178,11276460,77066773230,35596662,STK,ME005
124560,KR7124560004,태웅로직스,KOSDAQ,우량기업부,1989,2,-9,-0.45,2000,2000,1950,22523,44363274,77015693079,38720811,KSQ,ME005
004840,KR7004840005,DRB동일,KOSPI,,3995,2,-55,-1.36,4030,4045,3965,5826,23234555,76993094180,19272364,STK,ME005
000105,KR7000101006,유한양행우,KOSPI,,67000,2,-1200,-1.76,68200,68200,66500,337,22652100,76938780000,1148340,STK,ME005
253840,KR7253840003,수젠텍,KOSDAQ,중견기업부,4595,2,-5,-0.11,4585,4665,4535,83160,381306569,76935004000,16743200,KSQ,ME005
0017J0,KR70017J0004,세미티에스,KOSDAQ,벤처기업부,2550,2,-20,-0.78,2545,2570,2530,63920,162463969,76885154550,30151041,KSQ,ME005
107600,KR7107600009,새빗켐,KOSDAQ,벤처기업부,13580,2,-460,-3.28,14030,14030,13560,3919,53798900,76727733320,5650054,KSQ,ME005
382840,KR7382840007,원준,KOSDAQ,중견기업부,5020,2,-150,-2.9,5100,5170,4990,18838,94648905,76663336620,15271581,KSQ,ME005
041930,KR7041930009,SY동아,KOSDAQ,우량기업부,5030,1,40,0.8,5040,5050,4940,13598,67778355,76456000000,15200000,KSQ,ME005
365330,KR7365330000,에스와이스틸텍,KOSDAQ,우량기업부,1518,2,-35,-2.25,1535,1568,1514,93858,143192494,76159578000,50171000,KSQ,ME005
223250,KR7223250002,드림씨아이에스,KOSDAQ,벤처기업부,3095,2,-95,-2.98,3195,3205,3060,15563,48596500,76138374180,24600444,KSQ,ME005
073640,KR7073640005,테라사이언스,KOSDAQ,관리종목(소속부없음),654,3,0,0.0,0,0,0,0,0,76111715580,116378770,KSQ,ME005
030960,KR7030960009,양지사,KOSDAQ,중견기업부,4760,2,-120,-2.46,4795,4880,4735,6398,30608305,76064800000,15980000,KSQ,ME005
069730,KR7069730000,DSR제강,KOSPI,,5280,1,30,0.57,5440,5440,5220,5587,29509080,76032000000,14400000,STK,ME005
020710,KR7020710000,시공테크,KOSDAQ,우량기업부,3790,2,-105,-2.7,3775,3910,3760,313609,1201091205,75981806300,20047970,KSQ,ME005
004770,KR7004770004,써니전자,KOSPI,,2135,1,5,0.23,2125,2165,2110,332387,709260409,75808380130,35507438,STK,ME005
012700,KR7012700001,리드코프,KOSDAQ,우량기업부,2915,1,5,0.17,2910,2925,2890,6982,20234435,75774993580,25994852,KSQ,ME005
011370,KR7011370004,서한,KOSDAQ,우량기업부,3755,2,-55,-1.44,3800,3800,3750,5853,22039460,75772043615,20178973,KSQ,ME005
487580,KR7487580003,폴레드,KOSDAQ,벤처기업부,3005,2,-25,-0.83,3020,3045,3000,60141,181328410,75674497305,25182861,KSQ,ME005
234300,KR7234300002,에스트래픽,KOSDAQ,우량기업부,2775,2,-445,-13.82,2950,2975,2420,807050,2127806945,75501589500,27207780,KSQ,ME005
163560,KR7163560006,동일고무벨트,KOSPI,,5430,2,-120,-2.16,5540,5540,5410,11980,65257710,75477000000,13900000,STK,ME005
084680,KR7084680008,이월드,KOSPI,,532,3,0,0.0,0,0,0,0,0,75440894676,141806193,STK,ME005
091590,KR7091590000,남화토건,KOSDAQ,중견기업부,6400,2,-70,-1.08,6600,6980,6360,165234,1079807820,75136000000,11740000,KSQ,ME005
102370,KR7102370004,케이옥션,KOSDAQ,기술성장기업부,2900,2,-95,-3.17,2940,2980,2820,17318,50043635,75076041000,25888290,KSQ,ME005
007590,KR7007590003,동방아그로,KOSPI,,5510,2,-10,-0.18,5520,5520,5460,811,4438880,75032849270,13617577,STK,ME005
067000,KR7067000000,조이시티,KOSDAQ,중견기업부,1073,2,-22,-2.01,1092,1092,1050,141584,151867849,75006397558,69903446,KSQ,ME005
038680,KR7038680005,에스넷,KOSDAQ,우량기업부,3765,1,15,0.4,3795,3795,3695,21869,81964585,74971097130,19912642,KSQ,ME005
389140,KR7389140005,포바이포,KOSDAQ,벤처기업부,5250,2,-100,-1.87,5350,5410,5240,10021,53007200,74916108750,14269735,KSQ,ME005
088390,KR7088390000,이녹스,KOSDAQ,중견기업부,7980,2,-70,-0.87,8050,8090,7870,2385,18903280,74899035120,9385844,KSQ,ME005
251120,KR7251120002,바이오에프디엔씨,KOSDAQ,기술성장기업부,8610,2,-150,-1.71,8760,8800,8580,2320,20034250,74869977000,8695700,KSQ,ME005
090470,KR7090470006,제이스로보틱스,KOSDAQ,벤처기업부,4280,1,30,0.71,4500,4500,4220,6131,26115395,74799822320,17476594,KSQ,ME005
142280,KR7142280007,녹십자엠에스,KOSDAQ,중견기업부,3110,2,-40,-1.27,3190,3190,3070,113629,353676955,74525026410,23963031,KSQ,ME005
208140,KR7208140004,정다운,KOSDAQ,우량기업부,2280,1,20,0.88,2285,2290,2255,4019,9113685,74520080880,32684246,KSQ,ME005
389030,KR7389030008,지니너스,KOSDAQ,기술성장기업부,1890,2,-44,-2.28,1996,1996,1858,162784,307937321,74451392190,39392271,KSQ,ME005
040160,KR7040160004,누리플렉스,KOSDAQ,중견기업부,6260,1,70,1.13,6190,6310,5690,6527,39491885,74389777260,11883351,KSQ,ME005
017480,KR7017480005,삼현철강,KOSDAQ,우량기업부,4815,2,-45,-0.93,4825,4825,4790,1109,5319415,74357515350,15442890,KSQ,ME005
0007J0,KR70007J0006,인벤테라,KOSDAQ,기술성장기업부,9410,2,-110,-1.16,10000,10190,9340,27848,271287140,74016368740,7865714,KSQ,ME005
013360,KR7013360003,일성건설,KOSPI,,1370,2,-10,-0.72,1381,1390,1362,36292,49760643,74014085600,54024880,STK,ME005
083790,KR7083790006,CG인바이츠,KOSDAQ,벤처기업부,960,1,12,1.27,943,964,920,42567,40313324,73818414720,76894182,KSQ,ME005
066310,KR7066310004,큐에스아이,KOSDAQ,벤처기업부,7960,1,150,1.92,7800,8170,7610,170679,1362343695,73802103160,9271621,KSQ,ME005
228340,KR7228340006,동양파일,KOSDAQ,중견기업부,3690,1,230,6.65,3705,4255,3605,2388106,9363413028,73800000000,20000000,KSQ,ME005
001260,KR7001260009,남광토건,KOSPI,,7500,2,-30,-0.4,7460,7650,7400,11578,86721510,73744290000,9832572,STK,ME005
024740,KR7024740003,한일단조,KOSDAQ,우량기업부,2240,2,-20,-0.88,2270,2270,2230,28273,63461790,73689389760,32897049,KSQ,ME005
040910,KR7040910002,아이씨디,KOSDAQ,중견기업부,4050,2,-65,-1.58,4210,4210,4030,1379,5611470,73605813750,18174275,KSQ,ME005
010960,KR7010960003,삼호개발,KOSPI,,3050,1,10,0.33,3020,3085,3020,29343,89598775,73566000000,24120000,STK,ME005
456570,KR7456570001,아이엠지티,KONEX,일반기업부,13970,2,-10,-0.07,13500,13980,13500,120,1674060,73549311880,5264804,KNX,ME005
168330,KR7168330009,내츄럴엔도텍,KOSDAQ,투자주의환기종목(소속부없음),2315,3,0,0.0,2315,2345,2295,6849,15898975,73512593500,31754900,KSQ,ME005
052900,KR7052900008,KX하이텍,KOSDAQ,우량기업부,958,1,9,0.95,950,965,939,105356,100207311,73448030220,76668090,KSQ,ME005
413390,KR7413390006,엠오티,KOSDAQ,중견기업부,6340,2,-100,-1.55,6500,6500,6310,6044,38651890,73418341200,11580180,KSQ,ME005
058630,KR7058630005,엠게임,KOSDAQ,우량기업부,3910,2,-35,-0.89,3945,3965,3885,16990,66511342,73400764340,18772574,KSQ,ME005
475430,KR7475430005,키스트론,KOSDAQ,중견기업부,4110,2,-10,-0.24,4140,4150,4065,19628,80640640,73355732100,17848110,KSQ,ME005
347890,KR7347890006,엠엑스온,KOSDAQ,벤처기업부,4310,2,-40,-0.92,4355,4440,4300,4119,17854905,73326909240,17013204,KSQ,ME005
337930,KR7337930002,젝시믹스,KOSDAQ,우량기업부,2470,1,25,1.02,2450,2495,2450,10045,24786920,73300893250,29676475,KSQ,ME005
005750,KR7005750005,대림바스,KOSPI,,4415,2,-55,-1.23,4485,4500,4405,5326,23564940,73254739600,16592240,STK,ME005
451250,KR7451250005,삐아,KOSDAQ,벤처기업부,7160,2,-30,-0.42,7180,7210,7100,3115,22255900,73217279320,10225877,KSQ,ME005
039980,KR7039980008,폴라리스AI,KOSDAQ,중견기업부,5090,2,-40,-0.78,5150,5170,5010,25141,126855670,73200379260,14381214,KSQ,ME005
282620,KR7282620004,기도산업,KOSDAQ,중견기업부,12490,2,-100,-0.79,12590,12590,12390,26110,325678785,73200230430,5860707,KSQ,ME005
041910,KR7041910001,폴라리스AI파마,KOSDAQ,우량기업부,5510,1,10,0.18,5500,5530,5450,11426,62661970,73191258500,13283350,KSQ,ME005
302430,KR7302430004,이노메트리,KOSDAQ,벤처기업부,7460,2,-80,-1.06,7800,7800,7400,52744,397808400,73131931680,9803208,KSQ,ME005
076610,KR7076610005,해성옵틱스,KOSDAQ,벤처기업부,1230,2,-62,-4.8,1304,1307,1223,701979,872064497,72860501400,59236180,KSQ,ME005
170030,KR7170030001,현대공업,KOSDAQ,우량기업부,4740,2,-10,-0.21,4765,4800,4660,4217,19878720,72711600000,15340000,KSQ,ME005
140070,KR7140070004,서플러스글로벌,KOSDAQ,벤처기업부,1964,2,-41,-2.04,2010,2010,1943,20280,39618649,72644432000,36988000,KSQ,ME005
060590,KR7060590007,씨티씨바이오,KOSDAQ,중견기업부,3000,2,-45,-1.48,3055,3055,3000,10712,32299460,72543060000,24181020,KSQ,ME005
067370,KR7067370007,선바이오,KOSDAQ,기술성장기업부,5930,2,-200,-3.26,6130,6130,5900,6096,36348920,72428077130,12213841,KSQ,ME005
011320,KR7011320009,유니크,KOSDAQ,우량기업부,3745,1,15,0.4,3725,3770,3680,15119,56302695,72356002775,19320695,KSQ,ME005
065510,KR7065510000,휴비츠,KOSDAQ,우량기업부,6650,2,-10,-0.15,6660,6730,6590,13862,91714285,72338001750,10877895,KSQ,ME005
053280,KR7053280004,예스24,KOSDAQ,중견기업부,2890,2,-75,-2.53,2965,3005,2865,58088,168712115,72250000000,25000000,KSQ,ME005
013870,KR7013870001,지엠비코리아,KOSPI,,3785,2,-45,-1.17,3800,3820,3785,4619,17532560,72188579800,19072280,STK,ME005
095720,KR7095720009,웅진씽크빅,KOSPI,,1268,2,-39,-2.98,1296,1308,1220,46604,58148808,72056743780,56827085,STK,ME005
012790,KR7012790002,신일제약,KOSDAQ,우량기업부,6010,2,-50,-0.83,6100,6100,5960,4310,25854020,72038354150,11986415,KSQ,ME005
038460,KR7038460002,바이오스마트,KOSDAQ,우량기업부,2845,1,150,5.57,2705,2945,2670,373745,1060999769,71906071990,25274542,KSQ,ME005
234920,KR7234920007,자이글,KOSDAQ,관리종목(소속부없음),5310,3,0,0.0,0,0,0,0,0,71849132100,13530910,KSQ,ME005
055490,KR7055490007,테이팩스,KOSPI,,15000,2,-200,-1.32,15500,15500,14950,6505,97952835,71799750000,4786650,STK,ME005
045660,KR7045660008,에이텍,KOSDAQ,우량기업부,8690,2,-170,-1.92,8710,9060,8680,5492,48104720,71779400000,8260000,KSQ,ME005
332370,KR7332370006,아이디피,KOSDAQ,벤처기업부,5400,1,80,1.5,5400,5400,5400,1,5400,71678120400,13273726,KSQ,ME005
089230,KR7089230007,THE E&M,KOSDAQ,중견기업부,1818,1,19,1.06,1800,1850,1767,35482,63473965,71668021572,39421354,KSQ,ME005
060570,KR7060570009,드림어스컴퍼니,KOSDAQ,중견기업부,4835,2,-115,-2.32,5090,5090,4810,4042,19737250,71656218190,14820314,KSQ,ME005
303810,KR7303810006,동국생명과학,KOSDAQ,중견기업부,2240,2,-20,-0.88,2255,2275,2240,12342,27801140,71644473600,31984140,KSQ,ME005
487400,KR7487400004,케이앤에스아이앤씨,KOSDAQ,기술성장기업부,6980,1,50,0.72,6910,7180,6910,84514,594659380,71620956360,10260882,KSQ,ME005
128660,KR7128660008,피제이메탈,KOSDAQ,우량기업부,2880,2,-20,-0.69,2910,2910,2850,32038,91857100,71433702720,24803369,KSQ,ME005
171120,KR7171120009,라이온켐텍,KOSDAQ,우량기업부,1986,2,-12,-0.6,2005,2005,1983,58332,115983514,71300895360,35901760,KSQ,ME005
085670,KR7085670008,뉴프렉스,KOSDAQ,우량기업부,2910,2,-35,-1.19,2930,2930,2880,9461,27484615,71297214510,24500761,KSQ,ME005
084730,KR7084730001,팅크웨어,KOSDAQ,중견기업부,6410,2,-50,-0.77,6460,6470,6350,1630,10467050,71211407840,11109424,KSQ,ME005
054040,KR7054040001,한국컴퓨터,KOSDAQ,우량기업부,4425,2,-5,-0.11,4450,4470,4415,13277,58693974,71115458250,16071290,KSQ,ME005
338100,KR7338100001,NH프라임리츠,KOSPI,,3810,2,-10,-0.26,3825,3825,3795,13316,50714573,71094600000,18660000,STK,ME005
228670,KR7228670006,레이,KOSDAQ,벤처기업부,4540,1,20,0.44,4520,4605,4480,16979,76706065,71005695340,15640021,KSQ,ME005
205470,KR7205470008,휴마시스,KOSDAQ,중견기업부,2875,1,15,0.52,2940,2980,2800,31203,89462825,70940627875,24675001,KSQ,ME005
024830,KR7024830002,세원물산,KOSDAQ,중견기업부,8490,2,-50,-0.59,8870,8870,8390,304,2582750,70891500000,8350000,KSQ,ME005
104460,KR7104460001,디와이피엔에프,KOSDAQ,우량기업부,6730,2,-130,-1.9,6880,6880,6600,11383,76083920,70786819730,10518101,KSQ,ME005
096350,KR7096350004,대창솔루션,KOSDAQ,벤처기업부,1920,2,-25,-1.29,1966,1966,1900,52260,100496162,70761143040,36854762,KSQ,ME005
080010,KR7080010002,이상네트웍스,KOSDAQ,중견기업부,7190,2,-50,-0.69,7190,7200,7140,3261,23439155,70714160490,9835071,KSQ,ME005
063160,KR7063160006,종근당바이오,KOSPI,,12890,2,-170,-1.3,13350,13350,12880,2462,31852780,70714050180,5485962,STK,ME005
031820,KR7031820004,아이티센씨티에스,KOSPI,,5840,1,80,1.39,5950,6090,5760,44265,262309060,70694052640,12105146,STK,ME005
347000,KR7347000002,센코,KOSDAQ,기술성장기업부,1869,2,-41,-2.15,1894,1895,1820,9780,18207034,70668471174,37810846,KSQ,ME005
048430,KR7048430003,유라테크,KOSDAQ,우량기업부,6130,2,-70,-1.13,6260,6290,6120,5570,34601960,70617600000,11520000,KSQ,ME005
000180,KR7000180000,성창기업지주,KOSPI,,5060,2,-40,-0.78,5100,5100,5040,996,5042250,70588619200,13950320,STK,ME005
320000,KR7320000003,한울반도체,KOSDAQ,중견기업부,10200,1,60,0.59,10250,10360,9910,59766,601804675,70519434000,6913670,KSQ,ME005
277880,KR7277880001,티에스아이,KOSDAQ,우량기업부,3550,1,25,0.71,3550,3585,3515,3054,10798695,70443402600,19843212,KSQ,ME005
388870,KR7388870008,파로스아이바이오,KOSDAQ,기술성장기업부,5430,2,-170,-3.04,5680,5680,5380,26157,143365070,70296410760,12945932,KSQ,ME005
117670,KR7117670000,알파칩스,KOSDAQ,벤처기업부,10550,2,-430,-3.92,10830,10900,10310,40611,429890895,70281378100,6661742,KSQ,ME005
155660,KR7155660004,DSR,KOSPI,,4385,2,-20,-0.45,4405,4405,4360,4219,18432135,70160000000,16000000,STK,ME005
002795,KR7002791002,아모레퍼시픽홀딩스우,KOSPI,,10990,2,-60,-0.54,11000,11040,10920,3156,34561140,70129080280,6381172,STK,ME005
417790,KR7417790003,트루엔,KOSDAQ,벤처기업부,6680,2,-110,-1.62,6790,6790,6560,6688,44479690,69928851880,10468391,KSQ,ME005
043610,KR7043610005,KT지니뮤직,KOSDAQ,중견기업부,1200,2,-1,-0.08,1201,1205,1182,6088,7294249,69738525600,58115438,KSQ,ME005
204840,KR7204840003,지엘팜텍,KOSDAQ,기술성장기업부,4490,2,-110,-2.39,4600,4635,4445,20316,90976770,69639006490,15509801,KSQ,ME005
217330,KR7217330000,싸이토젠,KOSDAQ,기술성장기업부,3010,2,-10,-0.33,3100,3100,2970,28819,86464215,69619936470,23129547,KSQ,ME005
010660,KR7010660009,화천기계,KOSPI,,3155,2,-5,-0.16,3140,3180,3120,9731,30678175,69410000000,22000000,STK,ME005
026150,KR7026150003,특수건설,KOSDAQ,중견기업부,3955,1,20,0.51,4035,4120,3900,31903,128137670,69395739105,17546331,KSQ,ME005
011150,KR7011150000,CJ씨푸드,KOSPI,,1931,2,-24,-1.23,1955,1964,1913,23859,45952995,69382322663,35930773,STK,ME005
009770,KR7009770009,삼정펄프,KOSPI,,27750,2,-500,-1.77,28250,28600,27600,799,22278250,69374195250,2499971,STK,ME005
000230,KR7000230003,일동홀딩스,KOSPI,,6010,2,-20,-0.33,6080,6080,5960,2054,12303190,69357804000,11540400,STK,ME005
210980,KR7210980009,SK디앤디,KOSPI,,3725,2,-45,-1.19,3830,3965,3715,65670,249972160,69349747950,18617382,STK,ME005
054620,KR7054620000,APS,KOSDAQ,중견기업부,3770,2,-25,-0.66,3825,3830,3750,7615,28889925,69346213170,18394221,KSQ,ME005
067570,KR7067570002,엔브이에이치코리아,KOSDAQ,중견기업부,1643,2,-2,-0.12,1684,1684,1630,53602,87825048,69285310000,42170000,KSQ,ME005
396270,KR7396270001,넥스트칩,KOSDAQ,벤처기업부,2105,1,20,0.96,2080,2125,2042,22202,46294215,69228042255,32887431,KSQ,ME005
377480,KR7377480009,마음AI,KOSDAQ,기술성장기업부,9730,2,-170,-1.72,9990,10030,9600,10967,106891220,69182975750,7110275,KSQ,ME005
196490,KR7196490007,디에이테크놀로지,KOSDAQ,투자주의환기종목(소속부없음),6090,3,0,0.0,0,0,0,0,0,69131518050,11351645,KSQ,ME005
001560,KR7001560002,제일연마,KOSPI,,9090,2,-70,-0.76,9120,9210,9000,938,8542060,69084000000,7600000,STK,ME005
153710,KR7153710009,옵티팜,KOSDAQ,기술성장기업부,4700,2,-90,-1.88,4690,4820,4655,5844,27417495,68948802600,14669958,KSQ,ME005
120115,KR7120111000,코오롱인더우,KOSPI,,24900,2,-450,-1.78,25050,25050,24850,714,17787650,68919714000,2767860,STK,ME005
360070,KR7360070007,탑머티리얼,KOSDAQ,중견기업부,8400,3,0,0.0,8500,8500,8280,6383,53369720,68813161200,8192043,KSQ,ME005
265560,KR7265560003,영화테크,KOSDAQ,우량기업부,6430,2,-80,-1.23,6520,6530,6410,5388,34712530,68737857400,10690180,KSQ,ME005
110790,KR7110790003,크리스에프앤씨,KOSDAQ,우량기업부,2930,2,-50,-1.68,3000,3005,2930,881,2600085,68652712800,23430960,KSQ,ME005
002720,KR7002720001,국제약품,KOSPI,,3240,2,-50,-1.52,3280,3280,3220,11088,35944530,68557855680,21159832,STK,ME005
007610,KR7007610009,선도전기,KOSPI,,3800,3,0,0.0,3885,3935,3775,55247,211023509,68400000000,18000000,STK,ME005
084670,KR7084670009,동양고속,KOSPI,,23600,1,150,0.64,23450,24250,23100,2424,57310700,68335428400,2895569,STK,ME005
006140,KR7006140008,피제이전자,KOSDAQ,우량기업부,4590,2,-55,-1.18,4665,4665,4545,3931,18002780,68230350000,14865000,KSQ,ME005
019540,KR7019540004,일지테크,KOSDAQ,우량기업부,5040,1,60,1.2,5040,5080,4970,16020,80298740,68108040000,13513500,KSQ,ME005
004780,KR7004780003,대륙제관,KOSDAQ,우량기업부,4275,2,-30,-0.7,4280,4320,4245,18939,80791880,67986175725,15903199,KSQ,ME005
214330,KR7214330003,금호에이치티,KOSPI,,6500,2,-10,-0.15,6510,6650,6410,32123,208415140,67970038500,10456929,STK,ME005
014160,KR7014160006,대영포장,KOSPI,,627,2,-13,-2.03,647,649,623,88741,56108156,67963382223,108394549,STK,ME005
014970,KR7014970008,삼륭물산,KOSDAQ,중견기업부,4580,2,-70,-1.51,4700,4705,4555,32185,148175919,67898500000,14825000,KSQ,ME005
109860,KR7109860007,동일금속,KOSDAQ,우량기업부,7430,2,-80,-1.07,7510,7510,7370,200,1481230,67613000000,9100000,KSQ,ME005
412350,KR7412350001,레이저쎌,KOSDAQ,기술성장기업부,4625,1,10,0.22,4550,4700,4500,54891,250137592,67539073875,14603043,KSQ,ME005
002800,KR7002800001,신신제약,KOSDAQ,우량기업부,4450,2,-30,-0.67,4510,4510,4415,10290,45634249,67508725000,15170500,KSQ,ME005
214260,KR7214260002,라파스,KOSDAQ,기술성장기업부,7560,2,-110,-1.43,7660,7810,7510,1503,11457790,67453820280,8922463,KSQ,ME005
039010,KR7039010004,현대에이치티,KOSDAQ,우량기업부,7820,2,-30,-0.38,7850,7900,7770,8251,64674770,67447500000,8625000,KSQ,ME005
0218L0,KR70218L0007,네오뷰,KOSDAQ,중견기업부,12780,2,-250,-1.92,13030,13250,12750,5695,73073480,67429516500,5276175,KSQ,ME005
270520,KR7270520000,앱튼,KOSDAQ,투자주의환기종목(소속부없음),2910,2,-105,-3.48,3015,3065,2895,87462,258278395,67392439740,23158914,KSQ,ME005
024900,KR7024900003,디와이덕양,KOSPI,,2065,1,386,22.99,1690,2150,1677,1538187,3096907335,67246683700,32564980,STK,ME005
0156T0,KR70156T0003,에이치엘지노믹스,KOSDAQ,중견기업부,8640,2,-70,-0.8,8730,8770,8610,23544,204268910,67237871040,7782161,KSQ,ME005
303360,KR7303360002,프로티아,KOSDAQ,기술성장기업부,5220,2,-30,-0.57,5300,5300,5200,5856,30523690,67232112300,12879715,KSQ,ME005
0155E0,KR70155E0001,해치텍,KOSDAQ,기술성장기업부,12230,1,30,0.25,12290,12610,12130,175045,2157083670,67107844500,5487150,KSQ,ME005
214680,KR7214680001,디알텍,KOSDAQ,벤처기업부,4015,2,-55,-1.35,4090,4090,3940,39864,158624461,67032075165,16695411,KSQ,ME005
950220,KR8840140006,네오이뮨텍,KOSDAQ,기술성장기업부,1955,2,-105,-5.1,2000,2060,1931,298595,585907080,66884147200,34211840,KSQ,ME005
483350,KR7483350005,딜리셔스,KOSDAQ,기술성장기업부,3010,1,5,0.17,3030,3080,2970,95090,285096482,66681914600,22153460,KSQ,ME005
123420,KR7123420002,위메이드플레이,KOSDAQ,우량기업부,6410,2,-170,-2.58,6520,6520,6340,7890,50193990,66670672810,10401041,KSQ,ME005
049550,KR7049550007,잉크테크,KOSDAQ,우량기업부,3400,2,-45,-1.31,3350,3400,3350,4164,14027416,66661341800,19606277,KSQ,ME005
007280,KR7007280001,한국특강,KOSPI,,2325,1,10,0.43,2315,2395,2275,1760,4105445,66603205500,28646540,STK,ME005
067170,KR7067170001,오텍,KOSDAQ,중견기업부,2425,2,-25,-1.02,2515,2535,2410,32186,78501970,66592549125,27460845,KSQ,ME005
234030,KR7234030005,싸이닉솔루션,KOSDAQ,중견기업부,2820,2,-50,-1.74,2865,2865,2780,32645,91891190,66566100000,23605000,KSQ,ME005
331740,KR7331740001,아우토크립트,KOSDAQ,기술성장기업부,6820,2,-580,-7.84,7230,7270,6820,59492,415120080,66501758620,9750991,KSQ,ME005
457370,KR7457370005,한켐,KOSDAQ,중견기업부,8240,1,80,0.98,8090,8460,8050,106976,881654620,66473184160,8067134,KSQ,ME005
460940,KR7460940000,피앤에스로보틱스,KOSDAQ,기술성장기업부,4930,2,-140,-2.76,5050,5080,4920,14158,70393742,66334530400,13455280,KSQ,ME005
100030,KR7100030006,인지소프트,KOSDAQ,중견기업부,20200,2,-250,-1.22,20450,20600,20150,6065,122702250,66331022800,3283714,KSQ,ME005
019680,KR7019680008,대교,KOSPI,,1648,2,-40,-2.37,1709,1709,1639,11483,18917796,66305384800,40233850,STK,ME005
002700,KR7002700003,신일전자,KOSPI,,966,2,-4,-0.41,973,973,962,129535,124994028,66216905286,68547521,STK,ME005
318160,KR7318160009,셀바이오휴먼텍,KOSDAQ,벤처기업부,7090,2,-100,-1.39,7160,7250,6950,9418,66235215,66202967170,9337513,KSQ,ME005
137080,KR7137080008,나래나노텍,KOSDAQ,중견기업부,6180,1,20,0.32,6160,6250,6100,1045,6405070,66187484820,10709949,KSQ,ME005
079980,KR7079980009,휴비스,KOSPI,,1918,2,-32,-1.64,1957,1957,1911,12948,24825661,66171000000,34500000,STK,ME005
048770,KR7048770002,TPC로보틱스,KOSDAQ,벤처기업부,4215,2,-240,-5.39,4430,4430,4145,472356,1996220060,66167032065,15697991,KSQ,ME005
262260,KR7262260003,에이프로,KOSDAQ,우량기업부,4385,2,-35,-0.79,4405,4500,4150,31410,138106205,66115539100,15077660,KSQ,ME005
061250,KR7061250007,화일약품,KOSDAQ,우량기업부,7850,2,-1420,-15.32,9300,9670,7850,106381,894192990,66078034400,8417584,KSQ,ME005
136150,KR7136150000,원일티엔아이,KOSDAQ,벤처기업부,7870,1,50,0.64,7730,8140,7700,5195,40706920,65958706100,8381030,KSQ,ME005
085310,KR7085310001,엔케이,KOSPI,,8890,2,-110,-1.22,9120,9120,8750,2449,21657475,65946677860,7418074,STK,ME005
371950,KR7371950007,풍원정밀,KOSDAQ,기술성장기업부,2780,2,-95,-3.3,2870,2875,2750,33361,93481790,65510727800,23565010,KSQ,ME005
100220,KR7100220003,비상교육,KOSPI,,5040,2,-90,-1.75,5160,5160,4990,5285,26624040,65503574640,12996741,STK,ME005
010040,KR7010040004,한국내화,KOSPI,,1595,2,-16,-0.99,1598,1620,1594,375,600724,65501963890,41067062,STK,ME005
041460,KR7041460007,한국전자인증,KOSDAQ,중견기업부,3445,2,-40,-1.15,3460,3545,3425,18189,62849865,65455000000,19000000,KSQ,ME005
417970,KR7417970001,모델솔루션,KOSDAQ,우량기업부,10230,1,40,0.39,10270,10340,10060,3780,38263280,65438241000,6396700,KSQ,ME005
010280,KR7010280006,아이티센엔텍,KOSDAQ,우량기업부,5010,2,-200,-3.84,5250,5250,4980,28962,145536670,65254032570,13024757,KSQ,ME005
004720,KR7004720009,팜젠사이언스,KOSPI,,2880,2,-90,-3.03,2955,2960,2855,19549,56767575,65244571200,22654365,STK,ME005
061040,KR7061040002,알에프텍,KOSDAQ,중견기업부,7200,3,0,0.0,7070,7350,7070,1256,9111410,65147205600,9048223,KSQ,ME005
058730,KR7058730003,다스코,KOSPI,,3215,2,-80,-2.43,3335,3390,3200,247389,808011804,65107771965,20251251,STK,ME005
111710,KR7111710000,남화산업,KOSDAQ,중견기업부,3140,2,-10,-0.32,3115,3200,3115,23105,73034525,64646320000,20588000,KSQ,ME005
033130,KR7033130006,디지틀조선,KOSDAQ,중견기업부,1741,2,-1,-0.06,1761,1762,1725,2727,4759032,64617679847,37115267,KSQ,ME005
290660,KR7290660000,다이나믹솔루션,KOSDAQ,기술성장기업부,1507,2,-10,-0.66,1548,1548,1480,202574,305187193,64556697216,42837888,KSQ,ME005
096250,KR7096250006,와이즈넛,KOSDAQ,기술성장기업부,5460,2,-40,-0.73,5500,5500,5300,8253,44509690,64509250260,11814881,KSQ,ME005
299660,KR7299660001,셀리드,KOSDAQ,기술성장기업부,2185,2,-75,-3.32,2285,2300,2170,178032,395117929,64464004745,29502977,KSQ,ME005
250030,KR7250030004,진코스텍,KONEX,일반기업부,22250,1,450,2.06,23400,23400,22050,67,1485400,64345509250,2891933,KNX,ME005
043650,KR7043650001,국순당,KOSDAQ,중견기업부,3590,2,-15,-0.42,3575,3610,3575,8409,30195191,64111311360,17858304,KSQ,ME005
036000,KR7036000008,예림당,KOSDAQ,중견기업부,2780,1,20,0.72,2755,2810,2720,5047,13985099,64035290060,23034277,KSQ,ME005
222110,KR7222110009,팬젠,KOSDAQ,기술성장기업부,4735,1,135,2.93,4670,4765,4560,317,1485740,63991200115,13514509,KSQ,ME005
323350,KR7323350009,다원넥스뷰,KOSDAQ,기술성장기업부,7980,2,-280,-3.39,8260,8290,7920,9084,72933790,63925960560,8010772,KSQ,ME005
017370,KR7017370008,우신시스템,KOSPI,,3490,3,0,0.0,3565,3565,3475,2391,8388270,63916048460,18314054,STK,ME005
104040,KR7104040001,디에스엠,KOSDAQ,벤처기업부,2370,2,-10,-0.42,2385,2425,2350,8415,19945240,63548149050,26813565,KSQ,ME005
212710,KR7212710008,아이에스티이,KOSDAQ,기술성장기업부,6540,1,100,1.55,6390,6540,6300,19255,123421170,63535956120,9714978,KSQ,ME005
071090,KR7071090005,하이스틸,KOSPI,,3145,2,-50,-1.56,3200,3205,3130,62656,197576021,63502176295,20191471,STK,ME005
054300,KR7054300009,팬스타엔터프라이즈,KOSDAQ,벤처기업부,1090,2,-23,-2.07,1130,1130,1074,89552,97633434,63406330050,58170945,KSQ,ME005
032850,KR7032850000,비트컴퓨터,KOSDAQ,벤처기업부,3805,2,-45,-1.17,3860,3860,3785,8657,32980720,63251629865,16623293,KSQ,ME005
067920,KR7067920009,이글루,KOSDAQ,우량기업부,5750,2,-90,-1.54,5840,5840,5650,36388,209140305,63227684250,10996119,KSQ,ME005
065170,KR7065170003,비엘팜텍,KOSDAQ,투자주의환기종목(소속부없음),2265,2,-80,-3.41,2325,2335,2215,359735,813553771,63224741145,27913793,KSQ,ME005
451220,KR7451220008,아이엠티,KOSDAQ,기술성장기업부,8020,1,20,0.25,7810,8090,7810,3910,31231540,63154380220,7874611,KSQ,ME005
122350,KR7122350002,삼기,KOSDAQ,중견기업부,1647,2,-48,-2.83,1712,1712,1645,230464,383873580,63145037916,38339428,KSQ,ME005
064240,KR7064240005,홈캐스트,KOSDAQ,벤처기업부,1820,1,4,0.22,1816,1850,1791,13136,23799626,63143536820,34694251,KSQ,ME005
424960,KR7424960003,스마트레이더시스템,KOSDAQ,기술성장기업부,3830,2,-10,-0.26,3840,3915,3700,5900,22482705,63137971300,16485110,KSQ,ME005
008370,KR7008370009,원풍,KOSDAQ,우량기업부,5260,1,20,0.38,5270,5280,5200,3406,17876945,63120000000,12000000,KSQ,ME005
039420,KR7039420005,케이엘넷,KOSDAQ,중견기업부,2750,2,-35,-1.26,2770,2775,2750,2162,5962285,63104233500,22946994,KSQ,ME005
065530,KR7065530008,와이어블,KOSDAQ,우량기업부,1319,1,69,5.52,1269,1398,1255,990464,1334318008,63099323121,47838759,KSQ,ME005
072130,KR7072130008,유엔젤,KOSPI,,4970,3,0,0.0,4910,4990,4910,5209,25783835,63096406380,12695454,STK,ME005
081150,KR7081150005,티플랙스,KOSDAQ,중견기업부,2595,2,-15,-0.57,2645,2645,2585,17654,45826180,62976503190,24268402,KSQ,ME005
0004V0,KR70004V0003,엔비알모션,KOSDAQ,기술성장기업부,5710,2,-30,-0.52,5710,6060,5600,92079,537267290,62869292640,11010384,KSQ,ME005
900300,HK0000312568,오가닉티코스메틱,KOSDAQ,외국기업(소속부없음),3050,2,-150,-4.69,3200,3200,2950,57988,176328257,62769295850,20580097,KSQ,ME005
004440,KR7004440004,삼일씨엔에스,KOSPI,,4925,2,-15,-0.3,5130,5140,4915,25614,128041610,62704838975,12731947,STK,ME005
238090,KR7238090005,앤디포스,KOSDAQ,벤처기업부,2055,1,330,19.13,1726,2105,1726,143991,289209428,62657854200,30490440,KSQ,ME005
092040,KR7092040005,아미코젠,KOSDAQ,기술성장기업부,886,1,53,6.36,847,914,841,685422,606560995,62600672882,70655387,KSQ,ME005
001840,KR7001840008,이화공영,KOSDAQ,관리종목(소속부없음),2215,3,0,0.0,0,0,0,0,0,62588831935,28256809,KSQ,ME005
053160,KR7053160008,프리엠스,KOSDAQ,중견기업부,10420,2,-160,-1.51,10580,10680,10190,1076,11315390,62520000000,6000000,KSQ,ME005
018500,KR7018500009,동원모빌리티,KOSPI,,1335,2,-6,-0.45,1354,1354,1304,10274,13690398,62417835555,46754933,STK,ME005
241790,KR7241790005,티이엠씨씨엔에스,KOSDAQ,우량기업부,6240,2,-50,-0.79,6320,6320,6190,18803,116887000,62416436160,10002634,KSQ,ME005
294090,KR7294090006,이오플로우,KOSDAQ,관리종목(소속부없음),1490,3,0,0.0,0,0,0,0,0,62295566450,41809105,KSQ,ME005
005670,KR7005670005,푸드웰,KOSDAQ,우량기업부,6220,2,-70,-1.11,6310,6310,6210,4963,31085030,62200000000,10000000,KSQ,ME005
094850,KR7094850005,참좋은여행,KOSDAQ,우량기업부,4440,1,20,0.45,4430,4450,4390,10734,47542435,62160000000,14000000,KSQ,ME005
039610,KR7039610001,화성밸브,KOSDAQ,우량기업부,5970,2,-120,-1.97,6080,6080,5830,30147,180305080,62150088000,10410400,KSQ,ME005
365660,KR7365660000,레몬헬스케어,KOSDAQ,기술성장기업부,4615,1,65,1.43,4555,4730,4535,426880,1980029689,62097404785,13455559,KSQ,ME005
0220WL,KR70220WK021,한화머시너리앤서비스홀딩스3우B,KOSPI,,2625,2,-90,-3.31,2715,2715,2595,212064,560234340,62052742500,23639140,STK,ME005
010240,KR7010240000,흥국,KOSDAQ,우량기업부,5290,2,-70,-1.31,5320,5350,5260,6089,32214270,61924740000,11706000,KSQ,ME005
005870,KR7005870001,휴니드,KOSPI,,4385,2,-55,-1.24,4515,4515,4365,6506,28565385,61898725775,14116015,STK,ME005
049480,KR7049480007,오픈베이스,KOSDAQ,우량기업부,1967,2,-31,-1.55,1998,1998,1955,96063,189258650,61807827361,31422383,KSQ,ME005
068290,KR7068290006,삼성출판사,KOSPI,,6180,1,10,0.16,6290,6300,6110,4034,24943540,61800000000,10000000,STK,ME005
382480,KR7382480002,지아이텍,KOSDAQ,벤처기업부,1570,2,-7,-0.44,1580,1598,1561,18432,28895868,61790709800,39357140,KSQ,ME005
016090,KR7016090003,대현,KOSPI,,1395,2,-6,-0.43,1404,1407,1393,12285,17135738,61773822450,44282310,STK,ME005
009200,KR7009200007,무림페이퍼,KOSPI,,1483,1,3,0.2,1481,1504,1477,38651,57425472,61706606730,41609310,STK,ME005
241690,KR7241690007,유니테크노,KOSDAQ,우량기업부,2520,2,-90,-3.45,2610,2610,2520,9537,24168730,61666179120,24470706,KSQ,ME005
221800,KR7221800006,지구홀딩스,KOSDAQ,투자주의환기종목(소속부없음),3765,2,-25,-0.66,3790,3835,3710,7177,26889530,61440474015,16318851,KSQ,ME005
095270,KR7095270005,웨이브일렉트로,KOSDAQ,벤처기업부,4255,1,145,3.53,4205,4300,4165,39825,169211585,61154587530,14372406,KSQ,ME005
203400,KR7203400007,에이비온,KOSDAQ,관리종목(소속부없음),676,3,0,0.0,0,0,0,0,0,60908481504,90101304,KSQ,ME005
089850,KR7089850002,유비벨록스,KOSDAQ,우량기업부,4130,2,-145,-3.39,4295,4300,4050,11786,48521735,60835721870,14730199,KSQ,ME005
216050,KR7216050005,인크로스,KOSDAQ,중견기업부,4980,2,-70,-1.39,5040,5050,4980,3509,17516030,60749137560,12198622,KSQ,ME005
291230,KR7291230001,컴투스엔,KOSDAQ,중견기업부,2525,2,-10,-0.39,2535,2540,2505,2153,5437890,60628358275,24011231,KSQ,ME005
352910,KR7352910004,오비고,KOSDAQ,기술성장기업부,4790,1,20,0.42,4770,4805,4750,1230,5860595,60535071580,12637802,KSQ,ME005
338220,KR7338220007,뷰노,KOSDAQ,기술성장기업부,4320,2,-280,-6.09,4600,4600,4310,62989,276524115,60487875360,14001823,KSQ,ME005
064800,KR7064800006,포니링크,KOSDAQ,중견기업부,2365,3,0,0.0,2365,2395,2300,7737,18101435,60452850535,25561459,KSQ,ME005
147760,KR7147760003,피엠티,KOSDAQ,벤처기업부,3020,1,55,1.85,3010,3065,2960,14345,43227155,60400000000,20000000,KSQ,ME005
060310,KR7060310000,3S,KOSDAQ,벤처기업부,1136,2,-6,-0.53,1159,1179,1110,35975,40917166,60275069440,53059040,KSQ,ME005
457600,KR7457600005,벡트,KOSDAQ,벤처기업부,4395,1,40,0.92,4350,4590,4345,11502,50820255,60244462500,13707500,KSQ,ME005
066670,KR7066670001,디티씨,KOSDAQ,중견기업부,3215,3,0,0.0,3270,3270,3155,1603,5089830,60094516370,18691918,KSQ,ME005
000220,KR7000220004,유유제약,KOSPI,,3810,2,-20,-0.52,3845,3845,3795,23643,90217694,59997830220,15747462,STK,ME005
463020,KR7463020008,뉴엔AI,KOSDAQ,기술성장기업부,6660,2,-410,-5.8,7090,7190,6620,102415,696569195,59854752000,8987200,KSQ,ME005
002760,KR7002760007,보락,KOSPI,,999,1,3,0.3,997,1010,985,26754,26684032,59840100000,59900000,STK,ME005
016250,KR7016250003,SGC E&C,KOSDAQ,중견기업부,11850,2,-10,-0.08,12000,12130,11700,952,11240180,59688284100,5036986,KSQ,ME005
082210,KR7082210006,옵트론텍,KOSDAQ,중견기업부,1707,2,-48,-2.74,1750,1763,1700,21507,37014716,59682404310,34963330,KSQ,ME005
191420,KR7191420009,테고사이언스,KOSDAQ,벤처기업부,7350,1,80,1.1,7280,9100,7210,30101,239436120,59599929900,8108834,KSQ,ME005
459550,KR7459550000,알트,KOSDAQ,중견기업부,2355,2,-100,-4.07,2405,2470,2330,558123,1331886328,59394892155,25220761,KSQ,ME005
053620,KR7053620001,태양,KOSDAQ,우량기업부,6900,1,30,0.44,6800,6900,6800,594,4082860,59340000000,8600000,KSQ,ME005
208370,KR7208370007,셀바스헬스케어,KOSDAQ,벤처기업부,2305,1,25,1.1,2280,2315,2250,20380,46504950,59332000020,25740564,KSQ,ME005
214270,KR7214270001,FSN,KOSDAQ,중견기업부,1306,1,8,0.62,1298,1312,1282,18545,23918283,59098636616,45251636,KSQ,ME005
155650,KR7155650005,와이엠씨,KOSDAQ,우량기업부,3110,1,140,4.71,3060,3340,2970,62418,196850475,59010253380,18974358,KSQ,ME005
010470,KR7010470003,오리콤,KOSDAQ,우량기업부,4925,1,25,0.51,4910,5010,4870,1069,5273910,58977121250,11975050,KSQ,ME005
004450,KR7004450003,삼화왕관,KOSPI,,27350,1,150,0.55,27200,27650,26950,697,19029200,58922265650,2154379,STK,ME005
003310,KR7003310000,대주산업,KOSDAQ,우량기업부,1659,1,30,1.84,1632,1659,1610,81895,133947411,58715908650,35392350,KSQ,ME005
123010,KR7123010001,MSDI,KOSDAQ,기술성장기업부,2900,1,55,1.93,2850,2935,2825,90979,261983127,58625724300,20215767,KSQ,ME005
187420,KR7187420005,HLB제넥스,KOSDAQ,기술성장기업부,1792,2,-1,-0.06,1785,1800,1770,36243,64569557,58499745024,32644947,KSQ,ME005
950200,KR8840150005,소마젠,KOSDAQ,외국기업(소속부없음),3040,2,-110,-3.49,3150,3150,3030,52762,161010895,58477601120,19236053,KSQ,ME005
033320,KR7033320003,제이씨현시스템,KOSDAQ,벤처기업부,3055,2,-20,-0.65,3085,3085,3030,34149,103974845,58394589760,19114432,KSQ,ME005
039020,KR7039020003,이건홀딩스,KOSDAQ,중견기업부,2585,2,-15,-0.58,2665,2665,2555,18579,47861732,58381472765,22584709,KSQ,ME005
37550K,KR737550K011,DL이앤씨우,KOSPI,,27600,1,200,0.73,27400,27700,27000,6208,170218975,58343226000,2113885,STK,ME005
014470,KR7014470009,부방,KOSDAQ,벤처기업부,1021,1,8,0.79,1013,1038,1002,22157,22617321,58247682440,57049640,KSQ,ME005
175140,KR7175140003,아고스,KOSDAQ,투자주의환기종목(소속부없음),2335,2,-205,-8.07,2520,2575,2325,30803,73653830,58244830755,24944253,KSQ,ME005
448710,KR7448710004,코츠테크놀로지,KOSDAQ,벤처기업부,11020,2,-130,-1.17,10810,11030,10810,4491,48994430,58243917840,5285292,KSQ,ME005
347860,KR7347860009,알체라,KOSDAQ,중견기업부,1381,3,0,0.0,1391,1426,1350,48383,67148669,58214186507,42153647,KSQ,ME005
050960,KR7050960004,수산아이앤티,KOSDAQ,벤처기업부,8620,1,50,0.58,8340,8840,8340,896,7787040,58193620000,6751000,KSQ,ME005
056360,KR7056360001,코위버,KOSDAQ,벤처기업부,5940,1,190,3.3,5770,6340,5680,366428,2200727895,58192992000,9796800,KSQ,ME005
099520,KR7099520009,DGI,KOSDAQ,관리종목(소속부없음),1284,3,0,0.0,0,0,0,0,0,58141862016,45281824,KSQ,ME005
036120,KR7036120004,서울평가정보,KOSDAQ,중견기업부,1653,2,-5,-0.3,1660,1664,1642,14679,24223766,58094685000,35145000,KSQ,ME005
192250,KR7192250009,케이사인,KOSDAQ,벤처기업부,8200,2,-80,-0.97,8280,8500,7990,47821,390543245,57950425000,7067125,KSQ,ME005
126880,KR7126880004,제이엔케이글로벌,KOSDAQ,우량기업부,2500,1,40,1.63,2475,2515,2465,13016,32304770,57920307500,23168123,KSQ,ME005
225190,KR7225190008,LK삼양,KOSDAQ,중견기업부,821,3,0,0.0,0,0,0,0,0,57854589240,70468440,KSQ,ME005
001465,KR7001461003,BYC우,KOSPI,,26850,1,150,0.56,26650,27000,26550,265,7111950,57830872500,2153850,STK,ME005
340810,KR7340810001,시선AI,KOSDAQ,기술성장기업부,4145,2,-15,-0.36,4165,4235,4010,105344,434505770,57820602890,13949482,KSQ,ME005
045340,KR7045340007,토탈소프트,KOSDAQ,벤처기업부,6750,2,-110,-1.6,6810,6810,6700,7143,48108300,57766770000,8558040,KSQ,ME005
391710,KR7391710001,코닉오토메이션,KOSDAQ,벤처기업부,1354,2,-148,-9.85,1417,1449,1331,654672,900505277,57708116380,42620470,KSQ,ME005
111110,KR7111110003,호전실업,KOSPI,,6350,2,-20,-0.31,6330,6420,6310,4760,30147190,57569100000,9066000,STK,ME005
232830,KR7232830000,아이티센피엔에스,KOSDAQ,벤처기업부,3480,1,800,29.85,3480,3480,3310,364855,1268450515,57537366480,16533726,KSQ,ME005
053050,KR7053050001,지에스이,KOSDAQ,우량기업부,1914,2,-22,-1.14,1964,1964,1914,93940,182069340,57396260658,29987597,KSQ,ME005
037440,KR7037440005,희림,KOSDAQ,우량기업부,4120,2,-70,-1.67,4205,4205,4010,82788,339926905,57360597000,13922475,KSQ,ME005
006890,KR7006890008,태경케미컬,KOSPI,,4935,2,-15,-0.3,4945,4950,4905,2610,12868120,57246000000,11600000,STK,ME005
456070,KR7456070002,이엔셀,KOSDAQ,기술성장기업부,5190,2,-130,-2.44,5370,5370,5160,5303,27546260,57243193230,11029517,KSQ,ME005
333620,KR7333620003,엔시스,KOSDAQ,벤처기업부,5200,3,0,0.0,5250,5250,5140,1573,8135030,57189132000,10997910,KSQ,ME005
443250,KR7443250006,레뷰코퍼레이션,KOSDAQ,벤처기업부,5290,2,-190,-3.47,5500,5500,5220,7542,40148110,57183931930,10809817,KSQ,ME005
294140,KR7294140009,레몬,KOSDAQ,관리종목(소속부없음),2285,2,-100,-4.19,2365,2365,2280,3233,7461615,56930359130,24914818,KSQ,ME005
317530,KR7317530004,에피소드컴퍼니,KOSDAQ,기술성장기업부,3250,2,-65,-1.96,3390,3390,3180,4206,13613745,56858366500,17494882,KSQ,ME005
075180,KR7075180000,새론오토모티브,KOSPI,,2955,1,20,0.68,2980,3000,2920,25219,74663385,56736000000,19200000,STK,ME005
003465,KR7003461001,유화증권우,KOSPI,,3240,3,0,0.0,0,0,0,0,0,56623617000,17476425,STK,ME005
129260,KR7129260006,인터지스,KOSPI,,1900,2,-4,-0.21,1907,1908,1896,12078,22945689,56520960600,29747874,STK,ME005
007370,KR7007370000,진양제약,KOSDAQ,우량기업부,3990,1,25,0.63,3970,4000,3930,2192,8683775,56397002130,14134587,KSQ,ME005
215360,KR7215360009,우리산업,KOSDAQ,우량기업부,6160,2,-10,-0.16,6280,6280,6110,1866,11493240,56254124080,9132163,KSQ,ME005
097800,KR7097800007,윈팩,KOSDAQ,중견기업부,2060,1,10,0.49,2075,2120,2000,15330,31380680,56217492700,27290045,KSQ,ME005
000725,KR7000721001,현대건설우,KOSPI,,53200,2,-900,-1.66,54400,54400,52800,1032,55146900,56109667600,1054693,STK,ME005
033310,KR7033310004,엠투엔,KOSDAQ,중견기업부,1400,2,-16,-1.13,1416,1427,1398,25882,36520832,55961438400,39972456,KSQ,ME005
025550,KR7025550005,한국선재,KOSDAQ,중견기업부,2190,1,60,2.82,2115,2215,2100,40716,88584070,55875668760,25514004,KSQ,ME005
273640,KR7273640003,와이엠텍,KOSDAQ,벤처기업부,5080,1,20,0.4,5130,5150,5040,5536,28064650,55707280000,10966000,KSQ,ME005
003925,KR7003921004,남양유업우,KOSPI,,29450,3,0,0.0,29400,29450,29400,331,9731750,55694338050,1891149,STK,ME005
378850,KR7378850002,화승알앤에이,KOSPI,,2925,2,-20,-0.68,2945,2950,2910,4658,13621810,55556347275,18993623,STK,ME005
340930,KR7340930007,성원에너텍,KOSDAQ,관리종목(소속부없음),806,3,0,0.0,0,0,0,0,0,55513882710,68875785,KSQ,ME005
020760,KR7020760005,일진디스플,KOSPI,,902,3,0,0.0,0,0,0,0,0,55503470462,61533781,STK,ME005
263690,KR7263690000,디알젬,KOSDAQ,우량기업부,4900,2,-30,-0.61,4900,4940,4880,1449,7088520,55495489000,11325610,KSQ,ME005
104620,KR7104620000,노랑풍선,KOSDAQ,중견기업부,3300,2,-60,-1.79,3340,3370,3260,59412,196031364,55474821600,16810552,KSQ,ME005
014990,KR7014990006,인디에프,KOSPI,,3685,2,-15,-0.41,3700,3730,3620,68149,250723232,55358277315,15022599,STK,ME005
396690,KR7396690000,미래에셋글로벌리츠,KOSPI,,1397,2,-19,-1.34,1418,1418,1396,53630,75257461,55329498180,39605940,STK,ME005
024950,KR7024950008,삼천리자전거,KOSDAQ,중견기업부,4455,2,-110,-2.41,4545,4750,4440,12890,58587130,55242000000,12400000,KSQ,ME005
263600,KR7263600009,덕우전자,KOSDAQ,중견기업부,3465,2,-75,-2.12,3540,3540,3410,4973,17145692,55198524150,15930310,KSQ,ME005
090080,KR7090080003,평화산업,KOSPI,,1005,3,0,0.0,1015,1015,999,80715,80847535,55176770295,54902259,STK,ME005
092440,KR7092440007,기신정기,KOSPI,,1885,2,-42,-2.18,1927,1933,1870,54976,103960755,55042000000,29200000,STK,ME005
001550,KR7001550003,조비,KOSPI,,10590,1,20,0.19,10520,10670,10510,6731,71261790,54985811010,5192239,STK,ME005
043710,KR7043710003,코스리거글로벌,KOSDAQ,중견기업부,3165,1,105,3.43,3130,3175,3000,3868,11960055,54794068830,17312502,KSQ,ME005
435570,KR7435570007,에르코스,KOSDAQ,벤처기업부,7190,2,-20,-0.28,7050,7280,6940,631,4493990,54766107770,7616983,KSQ,ME005
217480,KR7217480003,에스디생명공학,KOSDAQ,투자주의환기종목(소속부없음),499,3,0,0.0,0,0,0,0,0,54756837359,109733141,KSQ,ME005
480370,KR7480370006,씨케이솔루션,KOSPI,,1683,2,-78,-4.43,1754,1760,1674,136691,232863357,54666209664,32481408,STK,ME005
003475,KR7003471000,유안타증권우,KOSPI,,4265,2,-45,-1.04,4220,4295,4220,4218,18005859,54640493050,12811370,STK,ME005
372910,KR7372910000,한컴라이프케어,KOSPI,,1974,2,-91,-4.41,2015,2035,1954,657279,1300471783,54629277444,27674406,STK,ME005
036670,KR7036670008,삼양케이씨아이,KOSDAQ,우량기업부,5070,1,20,0.4,5070,5070,4990,5046,25282490,54554214000,10760200,KSQ,ME005
036090,KR7036090009,위지트,KOSDAQ,중견기업부,1280,2,-24,-1.84,1278,1291,1265,88866,113226930,54464657920,42550514,KSQ,ME005
070300,KR7070300009,퀀텀레일,KOSDAQ,벤처기업부,1533,2,-26,-1.67,1580,1580,1501,124322,190742687,54459409557,35524729,KSQ,ME005
229500,KR7229500004,노브메타파마,KONEX,일반기업부,4185,1,160,3.98,4100,4200,4025,1004,4082815,54365188095,12990487,KNX,ME005
002630,KR7002630002,오리엔트바이오,KOSPI,,913,3,0,0.0,0,0,0,0,0,54133141326,59291502,STK,ME005
059270,KR7059270009,해성에어로보틱스,KOSDAQ,기술성장기업부,4835,2,-45,-0.92,4860,4995,4720,28869,138709685,53984220665,11165299,KSQ,ME005
104540,KR7104540000,코렌텍,KOSDAQ,기술성장기업부,4025,1,40,1.0,3985,4045,3945,1247,4968035,53964825250,13407410,KSQ,ME005
28513K,KR728513K010,SK케미칼우,KOSPI,,25500,1,50,0.2,25350,25500,25250,891,22670250,53943439500,2115429,STK,ME005
024910,KR7024910002,경창산업,KOSDAQ,중견기업부,1503,2,-21,-1.38,1531,1531,1487,43654,65269193,53835964515,35819005,KSQ,ME005
251630,KR7251630000,브이원텍,KOSDAQ,벤처기업부,3375,2,-55,-1.6,3400,3450,3350,4256,14323910,53807240250,15942886,KSQ,ME005
460870,KR7460870009,에스엠씨지,KOSDAQ,벤처기업부,2680,2,-40,-1.47,2720,2720,2655,10244,27371320,53796454720,20073304,KSQ,ME005
025530,KR7025530007,SJM홀딩스,KOSPI,,3595,3,0,0.0,3595,3615,3560,2001,7174465,53687758760,14934008,STK,ME005
170790,KR7170790000,파이오링크,KOSDAQ,우량기업부,8380,2,-160,-1.87,8450,8450,8110,8696,72439060,53609667300,6397335,KSQ,ME005
459100,KR7459100004,위츠,KOSDAQ,중견기업부,3975,2,-25,-0.63,4080,4080,3970,4683,18696385,53527747500,13466100,KSQ,ME005
040610,KR7040610008,SG&G,KOSDAQ,중견기업부,3140,2,-20,-0.63,3180,3180,3105,9895,30966310,53516897720,17043598,KSQ,ME005
054930,KR7054930003,유신,KOSDAQ,우량기업부,17800,2,-70,-0.39,17870,18190,17710,2536,45133090,53400000000,3000000,KSQ,ME005
123700,KR7123700007,SJM,KOSPI,,3420,1,30,0.88,3440,3440,3360,6520,22004435,53368751160,15604898,STK,ME005
002410,KR7002410009,범양건영,KOSPI,,1935,3,0,0.0,0,0,0,0,0,53173451700,27479820,STK,ME005
012690,KR7012690004,모나리자,KOSPI,,1452,2,-8,-0.55,1460,1460,1445,11311,16409117,53101462260,36571255,STK,ME005
315640,KR7315640003,딥노이드,KOSDAQ,기술성장기업부,1807,1,44,2.5,1775,1853,1754,86650,156615130,53075623224,29372232,KSQ,ME005
006125,KR7006121008,SK디스커버리우,KOSPI,,43050,1,550,1.29,41950,43050,41400,1510,64609100,53024900250,1231705,STK,ME005
288180,KR7288180003,케이피항공산업,KOSDAQ,중견기업부,7170,1,160,2.28,6910,7260,6850,7680,54790320,53009688540,7393262,KSQ,ME005
027050,KR7027050004,코리아나,KOSDAQ,중견기업부,1325,2,-1,-0.08,1320,1338,1311,45344,59923930,53000000000,40000000,KSQ,ME005
053270,KR7053270005,구영테크,KOSDAQ,우량기업부,1933,2,-24,-1.23,1957,1957,1914,28998,55879425,52984312865,27410405,KSQ,ME005
006980,KR7006980007,우성,KOSPI,,17140,2,-160,-0.92,17510,17510,16790,292,4988900,52962600000,3090000,STK,ME005
348150,KR7348150004,고바이오랩,KOSDAQ,기술성장기업부,2720,2,-50,-1.81,2850,2850,2705,3991,10866850,52819378080,19418889,KSQ,ME005
089790,KR7089790000,제이티,KOSDAQ,벤처기업부,5120,1,305,6.33,4820,5120,4755,71324,354607612,52815426560,10315513,KSQ,ME005
347740,KR7347740003,피엔케이피부임상연구센타,KOSDAQ,벤처기업부,1756,2,-52,-2.88,1736,1810,1736,33370,58320943,52698571456,30010576,KSQ,ME005
464490,KR7464490002,쿼드메디슨,KOSDAQ,기술성장기업부,4572,2,-113,-2.41,4685,4765,4565,11526,53207364,52496220636,11482113,KSQ,ME005
081180,KR7081180002,쎄크,KOSDAQ,기술성장기업부,5940,1,680,12.93,5540,6580,5520,612171,3691556380,52423677900,8825535,KSQ,ME005
046210,KR7046210001,HLB파나진,KOSDAQ,벤처기업부,1150,2,-20,-1.71,1170,1170,1138,3128,3590919,52357154000,45527960,KSQ,ME005
088910,KR7088910005,동우팜투테이블,KOSDAQ,우량기업부,2035,2,-15,-0.73,2050,2055,2035,6338,12914710,52343789740,25721764,KSQ,ME005
021050,KR7021050000,서원,KOSPI,,1101,2,-4,-0.36,1099,1109,1081,52153,57105223,52269523590,47474590,STK,ME005
000950,KR7000950006,전방,KOSPI,,31100,2,-1400,-4.31,31700,31750,31050,247,7732050,52248000000,1680000,STK,ME005
179530,KR7179530001,애드바이오텍,KOSDAQ,기술성장기업부,1916,2,-84,-4.2,2000,2140,1651,567186,1020322648,52169880724,27228539,KSQ,ME005
424980,KR7424980001,마이크로투나노,KOSDAQ,기술성장기업부,8810,2,-30,-0.34,8850,9100,8650,9564,84581170,52145420900,5918890,KSQ,ME005
033230,KR7033230004,인성정보,KOSDAQ,중견기업부,1031,1,21,2.08,1020,1069,997,126018,130020213,52081356780,50515380,KSQ,ME005
044340,KR7044340008,위닉스,KOSDAQ,중견기업부,2910,2,-55,-1.85,2970,2970,2900,28362,83022674,52011666750,17873425,KSQ,ME005
003780,KR7003780004,진양산업,KOSPI,,4000,1,85,2.17,3940,4070,3940,43631,175168369,52000000000,13000000,STK,ME005
0013V0,KR70013V0002,삼진식품,KOSDAQ,중견기업부,5240,1,10,0.19,5190,5330,5180,14616,77097250,51973757440,9918656,KSQ,ME005
019990,KR7019990001,에너토크,KOSDAQ,중견기업부,5320,2,-140,-2.56,5480,5490,5280,32769,174665975,51902388160,9756088,KSQ,ME005
321820,KR7321820003,아티스트컴퍼니,KOSDAQ,기술성장기업부,3320,2,-70,-2.06,3225,3445,3225,97133,324010324,51763368320,15591376,KSQ,ME005
163280,KR7163280001,에어레인,KOSDAQ,기술성장기업부,3800,2,-165,-4.16,3970,4035,3790,122583,472607769,51691696400,13603078,KSQ,ME005
039240,KR7039240007,경남스틸,KOSDAQ,우량기업부,1915,2,-12,-0.62,1927,1927,1912,3348,6423650,51665941660,26979604,KSQ,ME005
006880,KR7006880009,신송홀딩스,KOSPI,,4365,2,-95,-2.13,4420,4460,4335,15633,68386670,51632965170,11828858,STK,ME005
015710,KR7015710007,코콤,KOSDAQ,우량기업부,2945,2,-10,-0.34,2935,2975,2880,2731,7959955,51627322500,17530500,KSQ,ME005
419080,KR7419080007,엔젯,KOSDAQ,기술성장기업부,4740,2,-140,-2.87,5060,5060,4675,13799,65410315,51532412580,10871817,KSQ,ME005
109080,KR7109080002,옵티시스,KOSDAQ,벤처기업부,9140,1,270,3.04,8880,9400,8820,17641,160230420,51513040000,5636000,KSQ,ME005
453860,KR7453860009,에이에스텍,KOSDAQ,벤처기업부,7990,2,-200,-2.44,8180,8180,7920,1739,13883290,51490939770,6444423,KSQ,ME005
246690,KR7246690002,TS인베스트먼트,KOSDAQ,중견기업부,2160,2,-70,-3.14,2260,2260,2090,30151,64452535,51360855840,23778174,KSQ,ME005
361570,KR7361570005,알비더블유,KOSDAQ,중견기업부,1775,2,-5,-0.28,1817,1817,1740,9107,15962602,51019341525,28743291,KSQ,ME005
007815,KR7007811003,코리아써우,KOSPI,,17200,1,150,0.88,17200,17200,17200,1,17200,50992668000,2964690,STK,ME005
011230,KR7011230000,삼화전자,KOSPI,,2650,2,-20,-0.75,2670,2720,2620,107862,287808719,50789330250,19165785,STK,ME005
314140,KR7314140005,알피바이오,KOSDAQ,우량기업부,5860,2,-110,-1.84,5970,6070,5860,2700,16128790,50784875460,8666361,KSQ,ME005
010770,KR7010770006,평화홀딩스,KOSPI,,3470,2,-40,-1.14,3545,3545,3465,6163,21445250,50750367020,14625466,STK,ME005
088280,KR7088280003,쏘닉스,KOSDAQ,기술성장기업부,2930,1,175,6.35,2895,3295,2795,205528,619938221,50708015700,17306490,KSQ,ME005
105760,KR7105760003,포스뱅크,KOSDAQ,우량기업부,4975,3,0,0.0,4890,4975,4890,3345,16461105,50699662825,10190887,KSQ,ME005
011390,KR7011390002,부산산업,KOSPI,,48000,2,-550,-1.13,48550,48550,47550,1720,82299600,50688000000,1056000,STK,ME005
004830,KR7004830006,덕성,KOSPI,,3230,2,-35,-1.07,3310,3310,3220,15397,49823427,50646400000,15680000,STK,ME005
408470,KR7408470003,한패스,KOSDAQ,중견기업부,4790,2,-165,-3.33,5040,5040,4735,31333,150343820,50639880000,10572000,KSQ,ME005
005305,KR7005301007,롯데칠성우,KOSPI,,65300,2,-500,-0.76,65800,65900,65100,145,9470500,50627743000,775310,STK,ME005
452400,KR7452400005,이닉스,KOSDAQ,우량기업부,5580,2,-70,-1.24,5740,5740,5540,1104,6148650,50618568240,9071428,KSQ,ME005
094940,KR7094940004,푸른로보틱스,KOSDAQ,벤처기업부,6050,2,-40,-0.66,6050,6300,5950,18873,113870095,50586385300,8361386,KSQ,ME005
002140,KR7002140002,고려산업,KOSPI,,2025,2,-15,-0.74,2040,2055,2000,91094,184951969,50502335625,24939425,STK,ME005
393970,KR7393970009,대진첨단소재,KOSDAQ,관리종목(소속부없음),2825,3,0,0.0,0,0,0,0,0,50428566500,17850820,KSQ,ME005
049470,KR7049470008,비트플래닛,KOSDAQ,중견기업부,2140,2,-65,-2.95,2055,2205,2035,54316,113627691,50386083860,23544899,KSQ,ME005
046940,KR7046940003,우원개발,KOSDAQ,우량기업부,2785,1,10,0.36,2775,2795,2755,5325,14757955,50337064750,18074350,KSQ,ME005
256630,KR7256630005,포인트엔지니어링,KOSDAQ,벤처기업부,4330,1,5,0.12,4250,4330,4250,296,1274020,50225462620,11599414,KSQ,ME005
127710,KR7127710002,아시아경제,KOSDAQ,중견기업부,1139,1,80,7.55,1073,1142,1073,105899,118234998,50172050190,44049210,KSQ,ME005
101140,KR7101140002,인바이오젠,KOSPI,,4990,3,0,0.0,5160,5160,4900,657,3230825,50120637840,10044216,STK,ME005
023810,KR7023810005,인팩,KOSPI,,5010,2,-60,-1.18,5070,5070,4960,10968,54772865,50100000000,10000000,STK,ME005
261520,KR7261520001,이지스,KOSDAQ,기술성장기업부,4860,2,-135,-2.7,5050,5050,4845,12204,59980965,49950108000,10277800,KSQ,ME005
060560,KR7060560000,HC홈센타,KOSDAQ,중견기업부,1964,1,27,1.39,1989,2060,1931,11921,23469266,49862033964,25388001,KSQ,ME005
370090,KR7370090003,퓨런티어,KOSDAQ,기술성장기업부,5810,1,50,0.87,5850,5850,5670,6099,35028490,49715182300,8556830,KSQ,ME005
317850,KR7317850006,대모,KOSDAQ,벤처기업부,5930,2,-60,-1.0,5950,5970,5890,5956,35232800,49363810600,8324420,KSQ,ME005
071670,KR7071670004,에이테크솔루션,KOSDAQ,중견기업부,4935,2,-85,-1.69,4950,4985,4915,5092,25105740,49350000000,10000000,KSQ,ME005
373200,KR7373200005,엑스플러스,KOSDAQ,벤처기업부,1970,2,-19,-0.96,1975,2050,1941,6524,12913174,49335176890,25043237,KSQ,ME005
420570,KR7420570004,제이투케이바이오,KOSDAQ,벤처기업부,8340,2,-10,-0.12,8490,8490,8150,15983,132323905,48768008220,5847483,KSQ,ME005
900340,HK0000449303,윙입푸드,KOSDAQ,외국기업(소속부없음),1369,1,5,0.37,1370,1375,1360,35210,48049248,48712760108,35582732,KSQ,ME005
189860,KR7189860000,서전기전,KOSDAQ,벤처기업부,5020,2,-110,-2.14,5210,5230,5010,86763,441830385,48687875600,9698780,KSQ,ME005
092300,KR7092300003,현우산업,KOSDAQ,우량기업부,2410,2,-10,-0.41,2440,2440,2405,6025,14567365,48561189110,20149871,KSQ,ME005
011000,KR7011000007,진원생명과학,KOSPI,,2670,3,0,0.0,0,0,0,0,0,48531471270,18176581,STK,ME005
463480,KR7463480004,모티브링크,KOSDAQ,중견기업부,3915,2,-90,-2.25,4020,4025,3885,1536,6062380,48508251570,12390358,KSQ,ME005
150900,KR7150900009,파수AI,KOSDAQ,벤처기업부,4140,2,-145,-3.38,4200,4350,4025,214140,899507245,48454237080,11703922,KSQ,ME005
340360,KR7340360007,다보링크,KOSDAQ,투자주의환기종목(소속부없음),914,1,6,0.66,895,920,877,35592,32009561,48448829408,53007472,KSQ,ME005
007460,KR7007460009,에이프로젠,KOSPI,,1951,2,-11,-0.56,1990,1997,1948,60627,118932269,48435434303,24825953,STK,ME005
311690,KR7311690002,CJ 바이오사이언스,KOSDAQ,기술성장기업부,3705,1,5,0.14,3715,3850,3675,1294,4857475,48407536710,13065462,KSQ,ME005
042110,KR7042110007,에스씨디,KOSDAQ,우량기업부,999,3,0,0.0,997,1005,995,65817,65834496,48281234436,48329564,KSQ,ME005
068330,KR7068330000,일신바이오,KOSDAQ,중견기업부,1089,2,-31,-2.77,1125,1125,1085,14381,15672842,48151376460,44216140,KSQ,ME005
009190,KR7009190000,대양금속,KOSPI,,1093,2,-42,-3.7,1127,1134,1090,125735,139201990,48076998575,43986275,STK,ME005
376290,KR7376290003,씨유테크,KOSDAQ,벤처기업부,2710,1,35,1.31,2670,2825,2630,16192,43598310,47851825000,17657500,KSQ,ME005
418250,KR7418250007,시큐레터,KOSDAQ,관리종목(소속부없음),6550,3,0,0.0,0,0,0,0,0,47629012750,7271605,KSQ,ME005
122310,KR7122310006,제노레이,KOSDAQ,우량기업부,3270,2,-90,-2.68,3385,3385,3250,4437,14549435,47591069880,14553844,KSQ,ME005
291650,KR7291650000,츌립앤사이언스,KOSDAQ,기술성장기업부,1558,1,9,0.58,1630,1630,1535,3147,4877414,47549569518,30519621,KSQ,ME005
002920,KR7002920007,유성기업,KOSPI,,1831,2,-29,-1.56,1843,1869,1823,98737,182013223,47509872500,25947500,STK,ME005
440290,KR7440290005,HB인베스트먼트,KOSDAQ,중견기업부,1727,2,-30,-1.71,1745,1764,1726,8076,14010872,47503604610,27506430,KSQ,ME005
179900,KR7179900006,유티아이,KOSDAQ,투자주의환기종목(소속부없음),2200,2,-30,-1.35,2240,2290,2165,78286,172216945,47452501800,21569319,KSQ,ME005
004920,KR7004920005,씨아이테크,KOSPI,,907,3,0,0.0,0,0,0,0,0,47327143904,52179872,STK,ME005
001620,KR7001620004,케이비아이동국실업,KOSPI,,2125,2,-25,-1.16,2170,2170,2115,8658,18550520,47299537750,22258606,STK,ME005
355690,KR7355690009,에이텀,KOSDAQ,기술성장기업부,4930,2,-50,-1.0,4985,5000,4895,6545,32323877,47182017770,9570389,KSQ,ME005
023440,KR7023440001,제이스코홀딩스,KOSDAQ,관리종목(소속부없음),521,3,0,0.0,0,0,0,0,0,46964378481,90142761,KSQ,ME005
299170,KR7299170001,더블유에스아이,KOSDAQ,중견기업부,1131,1,6,0.53,1125,1145,1123,54409,61283474,46949266728,41511288,KSQ,ME005
217500,KR7217500008,러셀,KOSDAQ,벤처기업부,1475,2,-20,-1.34,1495,1508,1460,8882,13011661,46922700000,31812000,KSQ,ME005
199550,KR7199550005,레이저옵텍,KOSDAQ,벤처기업부,3150,2,-55,-1.72,3170,3260,3120,10865,34504665,46764241650,14845791,KSQ,ME005
007110,KR7007110000,일신석재,KOSPI,,603,3,0,0.0,0,0,0,0,0,46706335830,77456610,STK,ME005
037950,KR7037950003,엘컴텍,KOSDAQ,중견기업부,2765,2,-5,-0.18,2775,2785,2745,6035,16667980,46699475795,16889503,KSQ,ME005
178780,KR7178780003,일월지엠엘,KOSDAQ,벤처기업부,2500,2,-10,-0.4,2510,2515,2445,512,1265030,46597987500,18639195,KSQ,ME005
041650,KR7041650003,상신브레이크,KOSPI,,2167,1,2,0.09,2210,2210,2150,2112,4569792,46528632150,21471450,STK,ME005
022220,KR7022220008,티케이지애강,KOSDAQ,관리종목(소속부없음),897,1,3,0.34,895,897,894,660393,591005086,46459737363,51794579,KSQ,ME005
009320,KR7009320003,아진전자부품,KOSPI,,941,2,-4,-0.42,955,955,935,2145,2019874,46391083570,49299770,STK,ME005
069460,KR7069460004,대호에이엘,KOSPI,,2660,3,0,0.0,0,0,0,0,0,46322277400,17414390,STK,ME005
027830,KR7027830009,대성창투,KOSDAQ,중견기업부,856,2,-4,-0.47,860,874,850,46038,39423501,46224000000,54000000,KSQ,ME005
219550,KR7219550001,디와이디,KOSDAQ,관리종목(소속부없음),1117,1,6,0.54,1119,1196,1086,10879,12158562,46220577570,41379210,KSQ,ME005
051390,KR7051390003,YW,KOSDAQ,중견기업부,4070,2,-60,-1.45,4100,4150,4065,91,372640,46216347760,11355368,KSQ,ME005
004410,KR7004410007,서울식품,KOSPI,,1171,2,-18,-1.51,1202,1202,1160,74114,86888925,46201820223,39455013,STK,ME005
384470,KR7384470001,코어라인소프트,KOSDAQ,기술성장기업부,2560,3,0,0.0,2575,2595,2510,7858,20040565,45943531520,17946692,KSQ,ME005
321260,KR7321260002,프로이천,KOSDAQ,벤처기업부,1628,1,32,2.01,1596,1630,1586,60685,97689069,45896712752,28192084,KSQ,ME005
290670,KR7290670009,대보마그네틱,KOSDAQ,중견기업부,5840,2,-220,-3.63,6100,6100,5810,7426,44284185,45888734400,7857660,KSQ,ME005
014190,KR7014190003,원익큐브,KOSDAQ,우량기업부,1296,2,-3,-0.23,1299,1312,1286,21774,28238406,45872012016,35395071,KSQ,ME005
198080,KR7198080004,캐프,KOSDAQ,우량기업부,2130,2,-25,-1.16,2155,2155,2120,8270,17604665,45869944050,21535185,KSQ,ME005
229000,KR7229000005,젠큐릭스,KOSDAQ,기술성장기업부,1957,3,0,0.0,0,0,0,0,0,45848918905,23428165,KSQ,ME005
082850,KR7082850009,우리바이오,KOSDAQ,중견기업부,4730,2,-30,-0.63,4790,4865,4700,12214,58340055,45839919950,9691315,KSQ,ME005
073110,KR7073110009,엘엠에스,KOSDAQ,벤처기업부,5150,2,-40,-0.77,5120,5190,5050,176,903590,45813138250,8895755,KSQ,ME005
053980,KR7053980009,오상자이엘,KOSDAQ,우량기업부,2410,2,-25,-1.03,2435,2455,2400,7073,17036410,45748507030,18982783,KSQ,ME005
004540,KR7004540001,깨끗한나라,KOSPI,,1227,2,-18,-1.45,1243,1250,1204,9193,11305837,45694330311,37240693,STK,ME005
189980,KR7189980006,흥국에프엔비,KOSDAQ,우량기업부,1138,2,-13,-1.13,1151,1151,1133,4232,4807640,45676847126,40137827,KSQ,ME005
000910,KR7000910000,유니온,KOSPI,,2925,2,-5,-0.17,2970,2990,2910,9526,28019730,45663985575,15611619,STK,ME005
131400,KR7131400004,이브이첨단소재,KOSDAQ,관리종목(소속부없음),766,3,0,0.0,0,0,0,0,0,45647381612,59591882,KSQ,ME005
260930,KR7260930003,씨티케이,KOSDAQ,중견기업부,2355,2,-80,-3.29,2435,2435,2340,6694,15787260,45549446805,19341591,KSQ,ME005
038010,KR7038010005,제일테크노스,KOSDAQ,우량기업부,5050,2,-140,-2.7,5190,5190,4995,12597,63729015,45450000000,9000000,KSQ,ME005
052790,KR7052790003,액토즈소프트,KOSDAQ,중견기업부,4160,2,-45,-1.07,4175,4205,4155,2256,9425920,45446115520,10924547,KSQ,ME005
222420,KR7222420002,쎄노텍,KOSDAQ,벤처기업부,938,2,-47,-4.77,1009,1009,930,86914,83268250,45416574574,48418523,KSQ,ME005
027740,KR7027740000,마니커,KOSPI,,1430,2,-89,-5.86,1512,1513,1418,39260,56620652,45410528020,31755614,STK,ME005
053950,KR7053950002,경남제약,KOSDAQ,중견기업부,2310,1,15,0.65,2345,2475,2200,475380,1094775259,45321389190,19619649,KSQ,ME005
063440,KR7063440002,SM Life Design,KOSDAQ,중견기업부,998,3,0,0.0,1007,1007,992,30091,29990488,45228725272,45319364,KSQ,ME005
005030,KR7005030002,부산주공,KOSPI,,486,3,0,0.0,0,0,0,0,0,45092532168,92782988,STK,ME005
059100,KR7059100008,아이컴포넌트,KOSDAQ,벤처기업부,6370,2,-20,-0.31,6670,6670,6280,8658,55390350,45041378200,7070860,KSQ,ME005
227950,KR7227950003,엔투텍,KOSDAQ,벤처기업부,1304,1,12,0.93,1330,1330,1271,47150,60795557,44998704536,34508209,KSQ,ME005
357250,KR7357250000,미래에셋맵스리츠,KOSPI,,1799,2,-3,-0.17,1823,1823,1796,8273,14896207,44966193895,24995105,STK,ME005
008420,KR7008420002,문배철강,KOSPI,,2190,2,-10,-0.45,2200,2200,2175,12283,26831056,44902675950,20503505,STK,ME005
162120,KR7162120000,루켄테크놀러지스,KONEX,일반기업부,4020,1,20,0.5,4095,4095,4000,1232,4942010,44849540040,11156602,KNX,ME005
074610,KR7074610007,이엔플러스,KOSPI,,5110,3,0,0.0,0,0,0,0,0,44815400070,8770137,STK,ME005
145170,KR7145170007,노브랜드,KOSDAQ,중견기업부,2650,2,-15,-0.56,2695,2695,2630,5090,13460995,44807273250,16908405,KSQ,ME005
004910,KR7004910006,조광페인트,KOSPI,,3495,1,20,0.58,3500,3590,3440,14348,50012695,44736000000,12800000,STK,ME005
083550,KR7083550004,케이엠,KOSDAQ,중견기업부,3300,1,10,0.3,3285,3375,3260,11507,38504225,44735344500,13556165,KSQ,ME005
143540,KR7143540003,영우디에스피,KOSDAQ,벤처기업부,1002,2,-19,-1.86,1012,1023,998,17278,17344126,44689094790,44599895,KSQ,ME005
099410,KR7099410003,동방선기,KOSDAQ,벤처기업부,3190,1,5,0.16,3190,3230,3150,13953,44162210,44660000000,14000000,KSQ,ME005
003080,KR7003080009,SB성보,KOSPI,,2230,3,0,0.0,2230,2235,2215,996,2216275,44644600000,20020000,STK,ME005
0010V0,KR70010V0005,제이피아이헬스케어,KOSDAQ,벤처기업부,8740,1,80,0.92,8740,8750,8610,1006,8769720,44621196000,5105400,KSQ,ME005
114450,KR7114450000,그린생명과학,KOSDAQ,벤처기업부,2230,2,-10,-0.45,2240,2240,2190,18303,40670525,44600000000,20000000,KSQ,ME005
033340,KR7033340001,좋은사람들,KOSDAQ,관리종목(소속부없음),460,3,0,0.0,0,0,0,0,0,44597256680,96950558,KSQ,ME005
471820,KR7471820001,셀로맥스사이언스,KOSDAQ,벤처기업부,3945,2,-10,-0.25,4015,4065,3925,327,1298930,44589857655,11302879,KSQ,ME005
277070,KR7277070009,린드먼아시아,KOSDAQ,중견기업부,3250,2,-90,-2.69,3350,3350,3120,1604,5172895,44499000000,13692000,KSQ,ME005
317690,KR7317690006,퀀타매트릭스,KOSDAQ,기술성장기업부,2205,2,-80,-3.5,2355,2375,2185,49876,111091245,44397738945,20135029,KSQ,ME005
094970,KR7094970001,제이엠티,KOSDAQ,벤처기업부,2650,2,-25,-0.93,2650,2670,2625,21537,56870900,44382836000,16748240,KSQ,ME005
382150,KR7382150001,온코크로스,KOSDAQ,기술성장기업부,3395,3,0,0.0,3450,3450,3295,27741,92621590,44292371830,13046354,KSQ,ME005
084870,KR7084870005,TBH글로벌,KOSPI,,2165,2,-60,-2.7,2225,2230,2130,6457,13950065,44292124240,20458256,STK,ME005
317830,KR7317830008,에스피시스템스,KOSDAQ,벤처기업부,4110,2,-55,-1.32,4205,4255,4085,6060,24991410,44280391980,10773818,KSQ,ME005
208860,KR7208860007,다산디엠씨,KOSDAQ,벤처기업부,1303,3,0,0.0,0,0,0,0,0,44236814819,33949973,KSQ,ME005
35320K,KR735320K011,대덕전자1우,KOSPI,,21100,2,-150,-0.71,21650,21650,20800,942,19780825,44215450900,2095519,STK,ME005
017180,KR7017180001,명문제약,KOSPI,,1302,2,-6,-0.46,1301,1347,1266,281659,366416425,44207397108,33953454,STK,ME005
288330,KR7288330004,파라택시스코리아,KOSDAQ,관리종목(소속부없음),416,3,0,0.0,0,0,0,0,0,44129674368,106080948,KSQ,ME005
258610,KR7258610005,케일럼,KOSDAQ,중견기업부,1206,1,26,2.2,1156,1233,1156,8733,10341040,44000985978,36485063,KSQ,ME005
007680,KR7007680002,대원,KOSDAQ,중견기업부,3315,1,5,0.15,3310,3330,3310,490,1625045,43833376470,13222738,KSQ,ME005
224110,KR7224110007,에이텍모빌리티,KOSDAQ,벤처기업부,8620,2,-40,-0.46,8660,8680,8610,917,7909120,43792927320,5080386,KSQ,ME005
180060,KR7180060006,탑선,KONEX,일반기업부,4680,3,0,0.0,4680,4680,4670,104,486320,43747076880,9347666,KNX,ME005
278650,KR7278650007,HLB바이오스텝,KOSDAQ,중견기업부,2505,2,-95,-3.65,2680,2685,2475,102730,260048720,43668151980,17432396,KSQ,ME005
053450,KR7053450003,세코닉스,KOSDAQ,우량기업부,2950,1,10,0.34,2940,2960,2900,23516,68677583,43638768850,14792803,KSQ,ME005
026940,KR7026940007,부국철강,KOSPI,,2180,2,-30,-1.36,2205,2210,2165,58575,127741745,43600000000,20000000,STK,ME005
072990,KR7072990005,에이치시티,KOSDAQ,우량기업부,3005,1,80,2.74,2970,3050,2945,3673,11029637,43567109030,14498206,KSQ,ME005
072470,KR7072470008,우리산업홀딩스,KOSDAQ,중견기업부,2305,2,-20,-0.86,2325,2335,2300,4505,10448135,43535321005,18887341,KSQ,ME005
065130,KR7065130007,탑엔지니어링,KOSDAQ,중견기업부,2720,3,0,0.0,2730,2760,2685,10285,27859378,43530880000,16004000,KSQ,ME005
023350,KR7023350002,한국종합기술,KOSPI,,3975,2,-15,-0.38,3955,4050,3950,2646,10493833,43526250000,10950000,STK,ME005
004060,KR7004060000,SG세계물산,KOSPI,,2145,2,-25,-1.15,2165,2200,2125,81430,174726139,43420153920,20242496,STK,ME005
479960,KR7479960007,위너스일렉,KOSDAQ,중견기업부,6090,2,-70,-1.14,6100,6160,6000,1846,11156220,43397340000,7126000,KSQ,ME005
011330,KR7011330008,유니켐,KOSPI,,4330,1,85,2.0,4245,4470,4205,38748,169394662,43381334720,10018784,STK,ME005
050120,KR7050120005,ES큐브,KOSDAQ,중견기업부,3195,2,-155,-4.63,3375,3375,3165,4062,13030080,43337254770,13564086,KSQ,ME005
066130,KR7066130006,하츠,KOSDAQ,우량기업부,3385,2,-5,-0.15,3415,3415,3350,2200,7408940,43328000000,12800000,KSQ,ME005
317870,KR7317870004,엔바이오니아,KOSDAQ,기술성장기업부,4880,3,0,0.0,5030,5030,4800,3987,19350245,43148447600,8841895,KSQ,ME005
466410,KR7466410008,사이냅소프트,KOSDAQ,벤처기업부,8530,3,0,0.0,8500,8730,8500,385,3289420,42965806190,5037023,KSQ,ME005
263020,KR7263020000,디케이앤디,KOSDAQ,벤처기업부,3105,1,15,0.49,3130,3130,3080,6044,18662710,42961233330,13836146,KSQ,ME005
900250,KYG2115T1076,크리스탈신소재,KOSDAQ,외국기업(소속부없음),1199,1,10,0.84,1189,1209,1172,38245,45584580,42942186199,35815001,KSQ,ME005
129890,KR7129890000,앱코,KOSDAQ,벤처기업부,939,2,-15,-1.57,961,961,933,41693,39154712,42767320278,45545602,KSQ,ME005
122830,KR7122830003,원포유,KONEX,일반기업부,1302,1,10,0.77,1347,1347,1253,622,786512,42643084470,32751985,KNX,ME005
112190,KR7112190004,KC산업,KONEX,일반기업부,1193,1,1,0.08,1199,1199,1051,264,290986,42565604131,35679467,KNX,ME005
009835,KR7009831009,한화솔루션우,KOSPI,,16670,2,-160,-0.95,17250,17250,16550,5137,87398400,42418748720,2544616,STK,ME005
481850,KR7481850006,신한글로벌액티브리츠,KOSPI,,975,1,11,1.14,964,975,964,8360,8065840,42390722400,43477664,STK,ME005
140520,KR7140520008,대창스틸,KOSDAQ,중견기업부,2005,1,13,0.65,2010,2050,1994,9961,20163044,42324032215,21109243,KSQ,ME005
014910,KR7014910004,성문전자,KOSPI,,1934,2,-16,-0.82,1970,1970,1922,114076,220599540,42271935038,21857257,STK,ME005
159580,KR7159580000,제로투세븐,KOSDAQ,중견기업부,2110,2,-65,-2.99,2155,2170,2075,26346,55603111,42268861960,20032636,KSQ,ME005
000215,KR7000211003,DL우,KOSPI,,24900,2,-100,-0.4,25000,25450,24900,431,10869100,41984263500,1686115,STK,ME005
037230,KR7037230000,한국팩키지,KOSDAQ,우량기업부,1408,2,-3,-0.21,1411,1453,1403,18761,26512230,41958860416,29800327,KSQ,ME005
189690,KR7189690001,포시에스,KOSDAQ,벤처기업부,1535,2,-15,-0.97,1559,1559,1503,16723,25411532,41939222415,27321969,KSQ,ME005
307280,KR7307280008,원바이오젠,KOSDAQ,벤처기업부,5910,3,0,0.0,6090,6090,5840,5827,34414160,41929245570,7094627,KSQ,ME005
136410,KR7136410008,아셈스,KOSDAQ,벤처기업부,3800,2,-25,-0.65,3825,3845,3795,2882,11035160,41872602800,11019106,KSQ,ME005
190650,KR7190650002,코리아에셋투자증권,KOSDAQ,우량기업부,6550,2,-40,-0.61,6590,6590,6550,657,4311960,41841400000,6388000,KSQ,ME005
005320,KR7005320007,온타이드,KOSPI,,1223,1,5,0.41,1222,1249,1210,82733,101685289,41811734435,34187845,STK,ME005
184230,KR7184230001,SGA솔루션즈,KOSDAQ,벤처기업부,2220,2,-90,-3.9,2310,2350,2160,172350,384144247,41811373440,18833952,KSQ,ME005
413640,KR7413640004,비아이매트릭스,KOSDAQ,벤처기업부,5800,2,-20,-0.34,5880,5880,5720,1389,8011970,41800252000,7206940,KSQ,ME005
373160,KR7373160001,데이원컴퍼니,KOSDAQ,기술성장기업부,3020,2,-30,-0.98,3050,3055,3010,1387,4227350,41698556380,13807469,KSQ,ME005
460470,KR7460470008,아이빔테크놀로지,KOSDAQ,기술성장기업부,2755,2,-65,-2.3,2875,2875,2750,3408,9455140,41653864350,15119370,KSQ,ME005
452200,KR7452200009,민테크,KOSDAQ,기술성장기업부,1707,1,12,0.71,1685,1714,1673,30673,52164674,41536089600,24332800,KSQ,ME005
450330,KR7450330006,하스,KOSDAQ,기술성장기업부,5060,2,-60,-1.17,5020,5190,5020,1384,7035330,41425425580,8186843,KSQ,ME005
019490,KR7019490002,엑시큐어하이트론,KOSPI,,541,3,0,0.0,0,0,0,0,0,41349858070,76432270,STK,ME005
002290,KR7002290005,삼일기업공사,KOSDAQ,우량기업부,3325,1,5,0.15,3260,3365,3260,6467,21531360,41230000000,12400000,KSQ,ME005
056700,KR7056700008,신화인터텍,KOSDAQ,중견기업부,1414,2,-9,-0.63,1420,1423,1411,14506,20497368,41197018674,29135091,KSQ,ME005
263810,KR7263810004,상신전자,KOSDAQ,중견기업부,2585,1,15,0.58,2570,2590,2460,18823,48252370,41165672625,15924825,KSQ,ME005
476040,KR7476040001,오가노이드사이언스,KOSDAQ,기술성장기업부,6230,2,-40,-0.64,6200,6300,6100,3723,22991780,41029284800,6585760,KSQ,ME005
256150,KR7256150004,한독크린텍,KOSDAQ,벤처기업부,4880,2,-20,-0.41,4900,4935,4850,1088,5334840,40967600000,8395000,KSQ,ME005
238120,KR7238120000,얼라인드,KOSDAQ,기술성장기업부,2875,2,-60,-2.04,2930,2945,2840,9074,26106170,40877537750,14218274,KSQ,ME005
261200,KR7261200000,덴티스,KOSDAQ,중견기업부,2580,1,25,0.98,2595,2600,2540,4875,12514455,40789026000,15809700,KSQ,ME005
226340,KR7226340008,본느,KOSDAQ,관리종목(소속부없음),4860,2,-120,-2.41,4985,5050,4740,128590,626299746,40777752240,8390484,KSQ,ME005
011300,KR7011300001,우성머티리얼스,KOSPI,,2365,2,-115,-4.64,2440,2495,2350,20438,49093210,40770010325,17238905,STK,ME005
218150,KR7218150001,미래생명자원,KOSDAQ,벤처기업부,1996,1,2,0.1,2005,2020,1973,64354,127970331,40749940792,20415802,KSQ,ME005
234100,KR7234100006,폴라리스세원,KOSDAQ,우량기업부,2770,2,-40,-1.42,2810,2825,2740,3875,10740055,40446531720,14601636,KSQ,ME005
092780,KR7092780006,DYP,KOSPI,,3070,2,-10,-0.32,3170,3170,3045,7423,22862470,40427172200,13168460,STK,ME005
008870,KR7008870008,금비,KOSPI,,40400,3,0,0.0,41100,41100,40150,132,5328750,40400000000,1000000,STK,ME005
017040,KR7017040007,광명전기,KOSPI,,932,3,0,0.0,0,0,0,0,0,40390657180,43337615,STK,ME005
086060,KR7086060001,진바이오텍,KOSDAQ,중견기업부,4690,2,-95,-1.99,4830,4830,4660,1238,5816445,40383653030,8610587,KSQ,ME005
446070,KR7446070005,유니드비티플러스,KOSPI,,3795,2,-75,-1.94,3895,3940,3795,33234,127919825,40269560925,10611215,STK,ME005
065440,KR7065440000,이루온,KOSDAQ,벤처기업부,1469,1,49,3.45,1424,1627,1421,844487,1279852917,40067004380,27275020,KSQ,ME005
002870,KR7002870004,신풍,KOSPI,,1146,1,35,3.15,1120,1162,1119,343253,397242348,40062670200,34958700,STK,ME005
052220,KR7052220001,iMBC,KOSDAQ,중견기업부,1740,2,-139,-7.4,1877,1886,1734,604632,1077453018,40020000000,23000000,KSQ,ME005
066900,KR7066900002,디에이피,KOSDAQ,관리종목(소속부없음),1753,2,-45,-2.5,1798,1798,1726,15382,27580177,39871113759,22744503,KSQ,ME005
199480,KR7199480005,뱅크웨어글로벌,KOSDAQ,기술성장기업부,3905,2,-115,-2.86,3985,3985,3790,21784,83700195,39817676140,10196588,KSQ,ME005
286750,KR7286750005,나노실리칸첨단소재,KOSDAQ,투자주의환기종목(소속부없음),2485,2,-80,-3.12,2690,2690,2435,7490,18578855,39795853580,16014428,KSQ,ME005
064090,KR7064090004,인크레더블버즈,KOSDAQ,관리종목(소속부없음),798,3,0,0.0,0,0,0,0,0,39694710510,49742745,KSQ,ME005
196300,KR7196300008,HLB펩,KOSDAQ,관리종목(소속부없음),4155,1,5,0.12,4230,4230,4150,161,676845,39447349785,9493947,KSQ,ME005
191600,KR7191600006,블루탑,KONEX,일반기업부,13750,1,1760,14.68,13750,13750,13750,1,13750,39310260000,2858928,KNX,ME005
025880,KR7025880006,케이씨피드,KOSDAQ,우량기업부,2345,2,-5,-0.21,2335,2350,2330,12954,30288986,39198687010,16715858,KSQ,ME005
200580,KR7200580009,메디쎄이,KONEX,일반기업부,10490,1,320,3.15,10010,10490,9910,111,1100870,39086568710,3726079,KNX,ME005
263770,KR7263770000,유에스티,KOSDAQ,우량기업부,1649,1,33,2.04,1649,1650,1649,13,21438,39081583628,23700172,KSQ,ME005
101240,KR7101240000,씨큐브,KOSDAQ,우량기업부,3440,1,15,0.44,3425,3450,3325,12080,41150695,39068258880,11357052,KSQ,ME005
044960,KR7044960003,이글벳,KOSDAQ,중견기업부,3090,2,-45,-1.44,3135,3135,3070,26910,83206110,39063418470,12641883,KSQ,ME005
042040,KR7042040006,케이피엠테크,KOSDAQ,중견기업부,4505,2,-35,-0.77,4535,4630,4490,1156,5229505,39062814455,8670991,KSQ,ME005
043340,KR7043340009,에쎈테크,KOSDAQ,중견기업부,822,1,2,0.24,822,843,816,16330,13517641,39045000000,47500000,KSQ,ME005
023960,KR7023960008,에쓰씨엔지니어링,KOSPI,,1024,2,-17,-1.63,1040,1041,1015,23174,23591748,38948836352,38035973,STK,ME005
042940,KR7042940007,상지건설,KOSDAQ,중견기업부,5690,2,-40,-0.7,5900,5900,5650,5704,32463250,38855371280,6828712,KSQ,ME005
296160,KR7296160005,프로젠,KONEX,일반기업부,2525,2,-60,-2.32,2580,2580,2465,2011,5008850,38822074475,15375079,KNX,ME005
273060,KR7273060004,와이즈버즈,KOSDAQ,중견기업부,3945,1,95,2.47,3850,4030,3850,6847,27039925,38774836920,9828856,KSQ,ME005
009810,KR7009810003,MDS스피어,KOSPI,,1896,1,31,1.66,1865,1910,1853,818,1550199,38586739776,20351656,STK,ME005
049830,KR7049830003,승일,KOSDAQ,중견기업부,6290,2,-70,-1.1,6360,6390,6290,28,176910,38570984480,6132112,KSQ,ME005
065500,KR7065500001,오리엔트정공,KOSDAQ,중견기업부,1078,1,28,2.67,1031,1079,1031,25881,27617888,38530859136,35742912,KSQ,ME005
011420,KR7011420007,갤럭시아에스엠,KOSPI,,1397,2,-57,-3.92,1455,1455,1393,26574,37549043,38486852668,27549644,STK,ME005
097870,KR7097870000,효성오앤비,KOSDAQ,중견기업부,4530,2,-35,-0.77,4570,4570,4465,3182,14306830,38459700000,8490000,KSQ,ME005
263700,KR7263700007,케어랩스,KOSDAQ,중견기업부,1978,1,49,2.54,1930,1986,1930,2089,4093911,38401287600,19414200,KSQ,ME005
352700,KR7352700009,씨앤투스,KOSDAQ,벤처기업부,1461,2,-21,-1.42,1483,1492,1461,4263,6258603,38390549439,26276899,KSQ,ME005
047400,KR7047400007,유니온머티리얼,KOSPI,,913,2,-25,-2.67,954,954,905,38737,35603705,38346000000,42000000,STK,ME005
250000,KR7250000007,보라티알,KOSDAQ,우량기업부,5680,2,-50,-0.87,5780,5780,5620,775,4431130,38344163440,6750733,KSQ,ME005
051490,KR7051490001,나라엠앤디,KOSDAQ,우량기업부,2700,2,-10,-0.37,2710,2710,2670,3294,8842980,38340000000,14200000,KSQ,ME005
153460,KR7153460001,네이블,KOSDAQ,중견기업부,5870,1,60,1.03,5810,6000,5740,864,5016680,38331182180,6530014,KSQ,ME005
134790,KR7134790005,시디즈,KOSPI,,19150,1,110,0.58,19050,19350,19050,17,326070,38300000000,2000000,STK,ME005
219420,KR7219420007,링크제니시스,KOSDAQ,기술성장기업부,3335,1,10,0.3,3280,3345,3275,6188,20456895,38250805845,11469507,KSQ,ME005
060540,KR7060540002,에스에이티,KOSDAQ,중견기업부,1463,2,-7,-0.48,1456,1475,1423,50881,73736766,38232482442,26132934,KSQ,ME005
100660,KR7100660000,서암기계공업,KOSDAQ,중견기업부,3030,2,-40,-1.3,3070,3090,3020,7729,23651010,38178000000,12600000,KSQ,ME005
207760,KR7207760000,미스터블루,KOSDAQ,중견기업부,2295,2,-25,-1.08,2370,2370,2250,24208,55352450,38133619020,16615956,KSQ,ME005
221840,KR7221840002,하이즈항공,KOSDAQ,중견기업부,2035,3,0,0.0,2085,2085,2015,4111,8435880,38055641635,18700561,KSQ,ME005
035460,KR7035460005,기산텔레콤,KOSDAQ,벤처기업부,2550,1,215,9.21,2400,2815,2365,1131341,2956257944,38046867000,14920340,KSQ,ME005
221980,KR7221980006,케이디켐,KOSDAQ,우량기업부,9400,3,0,0.0,9280,9400,9240,116,1084360,37927120000,4034800,KSQ,ME005
145270,KR7145270005,케이탑리츠,KOSPI,,787,2,-2,-0.25,795,795,782,2686,2119590,37823829138,48060774,STK,ME005
006490,KR7006490007,프리티,KOSPI,,2130,2,-120,-5.33,2270,2440,2110,88994,204976025,37799689290,17746333,STK,ME005
019770,KR7019770007,서연탑메탈,KOSDAQ,우량기업부,3240,2,-20,-0.61,3230,3255,3230,1337,4325735,37746000000,11650000,KSQ,ME005
050860,KR7050860006,아세아텍,KOSDAQ,우량기업부,1676,2,-4,-0.24,1680,1707,1674,422,708319,37710000000,22500000,KSQ,ME005
465480,KR7465480002,인스피언,KOSDAQ,벤처기업부,3715,2,-90,-2.37,3825,3825,3600,13046,48050645,37661822980,10137772,KSQ,ME005
026040,KR7026040006,제이에스티나,KOSDAQ,중견기업부,2270,1,25,1.11,2185,2300,2185,15363,34588570,37463603300,16503790,KSQ,ME005
122690,KR7122690001,서진오토모티브,KOSDAQ,중견기업부,1622,1,1,0.06,1634,1634,1621,3845,6247764,37434407252,23079166,KSQ,ME005
038070,KR7038070009,서린바이오,KOSDAQ,중견기업부,4015,2,-45,-1.11,4060,4060,3980,4980,19933590,37342214140,9300676,KSQ,ME005
133820,KR7133820001,화인베스틸,KOSPI,,1006,2,-19,-1.85,1038,1038,1001,35176,35402002,37337189012,37114502,STK,ME005
208710,KR7208710004,포톤,KOSDAQ,중견기업부,2830,1,15,0.53,2815,2960,2705,79218,224094740,37299773560,13180132,KSQ,ME005
171010,KR7171010002,램테크놀러지,KOSDAQ,벤처기업부,2605,2,-20,-0.76,2670,2670,2585,1536,4009590,37248248960,14298752,KSQ,ME005
043910,KR7043910009,자연과환경,KOSDAQ,벤처기업부,3280,2,-80,-2.38,3360,3385,3250,25630,84269985,37192395600,11339145,KSQ,ME005
014570,KR7014570006,고려제약,KOSDAQ,중견기업부,3380,2,-20,-0.59,3395,3440,3365,432,1467040,37180000000,11000000,KSQ,ME005
032960,KR7032960007,동일기연,KOSDAQ,중견기업부,2110,3,0,0.0,2095,2150,2080,2881,6063165,37121177250,17592975,KSQ,ME005
084650,KR7084650001,랩지노믹스,KOSDAQ,관리종목(소속부없음),500,3,0,0.0,0,0,0,0,0,37119995000,74239990,KSQ,ME005
086040,KR7086040003,바이오톡스텍,KOSDAQ,벤처기업부,2325,3,0,0.0,2325,2330,2295,591,1366735,37102924275,15958247,KSQ,ME005
060850,KR7060850005,영림원소프트랩,KOSDAQ,벤처기업부,4555,1,20,0.44,4535,4565,4495,1052,4760720,37036705000,8131000,KSQ,ME005
260660,KR7260660006,알리코제약,KOSDAQ,중견기업부,2415,1,15,0.63,2445,2445,2330,31502,75542749,37014755715,15327021,KSQ,ME005
365590,KR7365590009,하이딥,KOSDAQ,기술성장기업부,1999,1,433,27.65,1874,2035,1603,1474111,2806085498,36796142725,18407275,KSQ,ME005
215380,KR7215380007,콜마바이오텍,KOSDAQ,중견기업부,2185,1,105,5.05,2140,2210,2080,20231,43378197,36772623560,16829576,KSQ,ME005
123570,KR7123570004,이엠넷,KOSDAQ,중견기업부,1645,2,-5,-0.3,1640,1645,1601,1724,2803431,36644148310,22276078,KSQ,ME005
203450,KR7203450002,유니온바이오메트릭스,KOSDAQ,벤처기업부,2600,1,30,1.17,2590,2620,2550,1432,3691455,36605418200,14079007,KSQ,ME005
000890,KR7000890004,보해양조,KOSPI,,1323,2,-10,-0.75,1326,1341,1307,82236,108462045,36546585075,27624025,STK,ME005
046310,KR7046310009,백금T&A,KOSDAQ,우량기업부,2225,1,55,2.53,2175,2225,2130,12558,27139205,36531476225,16418641,KSQ,ME005
000760,KR7000760009,이화산업,KOSPI,,13020,2,-330,-2.47,13300,13300,13020,466,6125290,36456000000,2800000,STK,ME005
434480,KR7434480000,모니터랩,KOSDAQ,기술성장기업부,2960,2,-10,-0.34,2965,3260,2920,569702,1768132306,36438488000,12310300,KSQ,ME005
109670,KR7109670000,씨싸이트,KOSDAQ,중견기업부,6230,1,330,5.59,5970,6300,5780,11710,70362790,36362030460,5836602,KSQ,ME005
224060,KR7224060004,더코디,KOSDAQ,투자주의환기종목(소속부없음),7000,2,-20,-0.28,7020,8000,6630,589539,4297739605,36125054000,5160722,KSQ,ME005
037370,KR7037370004,EG,KOSDAQ,벤처기업부,4185,1,20,0.48,4190,4250,4000,20449,83111072,36095507820,8624972,KSQ,ME005
049800,KR7049800006,우진플라임,KOSPI,,1803,2,-47,-2.54,1823,1823,1795,11996,21636311,36060000000,20000000,STK,ME005
284620,KR7284620002,카이노스메드,KOSDAQ,투자주의환기종목(소속부없음),1087,3,0,0.0,0,0,0,0,0,35965517911,33086953,KSQ,ME005
075130,KR7075130005,플랜티넷,KOSDAQ,벤처기업부,2230,1,50,2.29,2130,2245,2130,44438,98148370,35952773600,16122320,KSQ,ME005
046390,KR7046390001,삼화네트웍스,KOSDAQ,중견기업부,2075,1,5,0.24,2095,2100,2045,1433,2986970,35833533975,17269173,KSQ,ME005
068940,KR7068940006,셀피글로벌,KOSDAQ,관리종목(소속부없음),778,3,0,0.0,0,0,0,0,0,35720093048,45912716,KSQ,ME005
461030,KR7461030009,아이엠비디엑스,KOSDAQ,기술성장기업부,2485,2,-135,-5.15,2645,2695,2480,28328,71717050,35621274745,14334517,KSQ,ME005
186230,KR7186230009,그린플러스,KOSDAQ,벤처기업부,3252,1,2,0.06,3280,3300,3200,4592,14882642,35512451376,10920188,KSQ,ME005
006370,KR7006370001,대구백화점,KOSPI,,3280,2,-35,-1.06,3320,3340,3255,9766,32083820,35494884080,10821611,STK,ME005
066360,KR7066360009,체리부로,KOSDAQ,우량기업부,1480,2,-7,-0.47,1500,1500,1473,43294,64293368,35484490360,23976007,KSQ,ME005
012280,KR7012280004,영화금속,KOSPI,,3580,2,-75,-2.05,3740,3740,3580,12752,45968475,35459545580,9904901,STK,ME005
045060,KR7045060001,오공,KOSDAQ,우량기업부,2090,2,-10,-0.48,2100,2110,2080,2029,4244220,35408725660,16941974,KSQ,ME005
318410,KR7318410008,비비씨,KOSDAQ,중견기업부,6370,2,-10,-0.16,6380,6380,6270,72,455770,35386897910,5555243,KSQ,ME005
121890,KR7121890008,에스디시스템,KOSDAQ,중견기업부,2660,2,-35,-1.3,2685,2690,2610,3716,9890770,35355246360,13291446,KSQ,ME005
263050,KR7263050007,유틸렉스,KOSDAQ,관리종목(소속부없음),959,3,0,0.0,0,0,0,0,0,35324626904,36834856,KSQ,ME005
196450,KR7196450001,코아시아씨엠,KOSDAQ,중견기업부,3895,1,55,1.43,3840,3895,3755,6930,26332175,35304280000,9064000,KSQ,ME005
045510,KR7045510005,정원엔시스,KOSDAQ,중견기업부,1121,2,-10,-0.88,1105,1145,1105,8040,9020762,35289031797,31479957,KSQ,ME005
081580,KR7081580003,성우전자,KOSDAQ,중견기업부,2275,2,-25,-1.09,2300,2310,2270,11753,26825455,35281025325,15508143,KSQ,ME005
348080,KR7348080003,큐라티스,KOSDAQ,중견기업부,2745,2,-105,-3.68,2845,2845,2710,4469,12327755,35212181985,12827753,KSQ,ME005
024120,KR7024120008,KB오토시스,KOSDAQ,중견기업부,3055,2,-10,-0.33,3085,3085,3055,1359,4160070,35132500000,11500000,KSQ,ME005
363250,KR7363250002,진시스템,KOSDAQ,기술성장기업부,4125,2,-55,-1.32,4290,4290,3900,6862,28198640,35097075750,8508382,KSQ,ME005
016600,KR7016600009,큐캐피탈,KOSDAQ,중견기업부,2500,1,40,1.63,2500,2535,2465,5607,13960330,34904002500,13961601,KSQ,ME005
310870,KR7310870001,디와이씨,KOSDAQ,벤처기업부,1588,1,34,2.19,1604,1670,1490,114013,176884434,34813091976,21922602,KSQ,ME005
033170,KR7033170002,시그네틱스,KOSDAQ,중견기업부,2030,1,100,5.18,1993,2155,1911,56253,113578198,34805695890,17145663,KSQ,ME005
204020,KR7204020002,그리티,KOSDAQ,우량기업부,1788,2,-6,-0.33,1807,1817,1768,5327,9471436,34778087616,19450832,KSQ,ME005
140430,KR7140430000,카티스,KOSDAQ,중견기업부,3245,1,415,14.66,2645,3675,2590,4600236,15225937938,34687450215,10689507,KSQ,ME005
290090,KR7290090000,트윔,KOSDAQ,벤처기업부,4660,2,-10,-0.21,4670,4765,4530,1763,8149370,34673046880,7440568,KSQ,ME005
009140,KR7009140005,경인전자,KOSPI,,22050,2,-100,-0.45,22150,22450,21650,1316,29031650,34636073850,1570797,STK,ME005
270870,KR7270870009,뉴트리,KOSDAQ,중견기업부,3845,1,5,0.13,3825,3850,3800,761,2900010,34585182870,8994846,KSQ,ME005
104200,KR7104200001,NHN벅스,KOSDAQ,중견기업부,2320,2,-70,-2.93,2320,2370,2310,12613,29313205,34399916000,14827550,KSQ,ME005
013000,KR7013000005,세우글로벌,KOSPI,,1198,1,37,3.19,1166,1200,1150,8888,10340371,34388627138,28705031,STK,ME005
239890,KR7239890007,피엔에이치테크,KOSDAQ,기술성장기업부,3460,2,-40,-1.14,3555,3555,3435,2215,7685940,34377712300,9935755,KSQ,ME005
039290,KR7039290002,인포뱅크,KOSDAQ,중견기업부,3950,1,120,3.13,3830,3955,3790,2578,9967315,34341213100,8693978,KSQ,ME005
057030,KR7057030009,YBM넷,KOSDAQ,중견기업부,2105,3,0,0.0,2130,2130,2065,1351,2839560,34338227185,16312697,KSQ,ME005
387570,KR7387570005,파인메딕스,KOSDAQ,기술성장기업부,6100,2,-200,-3.17,6300,6300,6000,1213,7397550,34317990000,5625900,KSQ,ME005
008250,KR7008250003,이건산업,KOSPI,,3130,2,-15,-0.48,3145,3165,3100,11577,36103535,34281747550,10952635,STK,ME005
177900,KR7177900008,쓰리에이로직스,KOSDAQ,기술성장기업부,3560,2,-60,-1.66,3615,3680,3510,1476,5264930,34274256000,9627600,KSQ,ME005
004365,KR7004361002,세방우,KOSPI,,9290,1,20,0.22,9210,9290,9210,20,184380,34273132500,3689250,STK,ME005
006920,KR7006920003,모헨즈,KOSDAQ,중견기업부,3135,2,-15,-0.48,3175,3175,3090,19700,61237945,34234200000,10920000,KSQ,ME005
332290,KR7332290006,누보,KOSDAQ,벤처기업부,4305,2,-135,-3.04,4450,4460,4265,12244,53127320,34178466945,7939249,KSQ,ME005
432430,KR7432430007,와이랩,KOSDAQ,기술성장기업부,2070,1,5,0.24,2085,2085,2045,2120,4357070,34172222400,16508320,KSQ,ME005
469750,KR7469750004,아이비젼웍스,KOSDAQ,벤처기업부,991,3,0,0.0,0,0,0,0,0,34146372671,34456481,KSQ,ME005
057540,KR7057540007,옴니시스템,KOSDAQ,관리종목(소속부없음),574,2,-3,-0.52,580,580,566,41368,23624209,34092309832,59394268,KSQ,ME005
397810,KR7397810003,애드포러스,KOSDAQ,벤처기업부,6570,1,40,0.61,6870,6880,6460,420,2855820,33906258900,5160770,KSQ,ME005
393210,KR7393210000,토마토시스템,KOSDAQ,기술성장기업부,2170,2,-30,-1.36,2160,2190,2160,5009,10892355,33883560480,15614544,KSQ,ME005
052600,KR7052600004,한네트,KOSDAQ,중견기업부,2930,2,-55,-1.84,2965,2980,2900,4917,14376705,33881641000,11563700,KSQ,ME005
408900,KR7408900009,스튜디오미르,KOSDAQ,중견기업부,1025,1,2,0.2,1044,1044,1014,6079,6221966,33571752225,32752929,KSQ,ME005
143210,KR7143210003,핸즈코퍼레이션,KOSPI,,1199,3,0,0.0,0,0,0,0,0,33571739817,27999783,STK,ME005
159910,KR7159910009,에코글로우,KOSDAQ,중견기업부,3200,1,50,1.59,3150,3200,3095,61,192315,33494710400,10467097,KSQ,ME005
419120,KR7419120001,산돌,KOSDAQ,중견기업부,2350,2,-5,-0.21,2400,2405,2335,7228,16937915,33424259150,14223089,KSQ,ME005
452300,KR7452300007,캡스톤파트너스,KOSDAQ,중견기업부,2355,2,-5,-0.21,2360,2480,2295,83528,199933392,33369184275,14169505,KSQ,ME005
012160,KR7012160008,영흥,KOSPI,,2130,1,5,0.24,2125,2165,2090,12815,26993085,33272097390,15620703,STK,ME005
005820,KR7005820006,원림,KOSPI,,14470,1,90,0.63,14470,14470,14400,5,72280,33251625900,2297970,STK,ME005
220180,KR7220180004,폴라리스AI핸디,KOSDAQ,벤처기업부,1389,2,-12,-0.86,1414,1414,1381,631,883879,33239939538,23930842,KSQ,ME005
417860,KR7417860004,오브젠,KOSDAQ,벤처기업부,7060,2,-390,-5.23,7450,7460,7020,63173,448810515,33230756360,4706906,KSQ,ME005
446840,KR7446840001,지슨,KOSDAQ,기술성장기업부,3015,2,-10,-0.33,3025,3085,2945,9688,28988265,33215097240,11016616,KSQ,ME005
038060,KR7038060000,루멘스바이오스,KOSDAQ,중견기업부,689,3,0,0.0,0,0,0,0,0,33143014541,48103069,KSQ,ME005
227420,KR7227420007,도부,KONEX,일반기업부,870,1,110,14.47,870,870,870,1,870,33098723700,38044510,KNX,ME005
133750,KR7133750000,메가엠디,KOSDAQ,중견기업부,1413,2,-32,-2.21,1445,1445,1400,5241,7367763,33074199801,23407077,KSQ,ME005
335810,KR7335810008,프리시젼바이오,KOSDAQ,기술성장기업부,1506,2,-2,-0.13,1508,1508,1494,25,37630,33055956036,21949506,KSQ,ME005
360350,KR7360350003,코셈,KOSDAQ,기술성장기업부,6060,3,0,0.0,6060,6120,5910,4543,27343090,32954098200,5437970,KSQ,ME005
215090,KR7215090002,솔디펜스,KOSDAQ,벤처기업부,1422,1,8,0.57,1415,1449,1405,22587,32214137,32927349942,23155661,KSQ,ME005
290120,KR7290120005,DH오토리드,KOSDAQ,중견기업부,2080,2,-50,-2.35,2150,2150,2070,13385,27904105,32916368160,15825177,KSQ,ME005
065950,KR7065950008,웰크론,KOSDAQ,중견기업부,1165,2,-27,-2.27,1192,1192,1161,14275,16645017,32889466830,28231302,KSQ,ME005
173940,KR7173940008,에프엔씨엔터,KOSDAQ,중견기업부,2135,2,-35,-1.61,2135,2180,2120,3578,7646530,32863645080,15392808,KSQ,ME005
090370,KR7090370008,메타랩스,KOSPI,,1203,2,-5,-0.41,1203,1239,1196,18573,22313283,32847540867,27304689,STK,ME005
495810,KR7495810004,유비씨,KONEX,일반기업부,13120,3,0,0.0,0,0,0,0,0,32800000000,2500000,KNX,ME005
009460,KR7009460007,한창제지,KOSPI,,2650,2,-20,-0.75,2625,2750,2625,3214,8514461,32700167900,12339686,STK,ME005
430690,KR7430690008,한싹,KOSDAQ,벤처기업부,2990,2,-90,-2.92,3015,3295,2960,310448,969982632,32576958960,10895304,KSQ,ME005
0203K0,KR70203K0005,송우인포텍,KONEX,일반기업부,10850,3,0,0.0,0,0,0,0,0,32550000000,3000000,KNX,ME005
068050,KR7068050004,팬엔터테인먼트,KOSDAQ,중견기업부,1175,1,3,0.26,1161,1183,1157,1659,1943936,32540539300,27694076,KSQ,ME005
148930,KR7148930001,에이치와이티씨,KOSDAQ,중견기업부,3195,1,210,7.04,3080,3230,3080,17700,56231635,32509805535,10175213,KSQ,ME005
064520,KR7064520000,테크엘,KOSDAQ,중견기업부,1454,2,-16,-1.09,1470,1470,1440,2122,3068670,32498444148,22351062,KSQ,ME005
007530,KR7007530009,와이엠,KOSDAQ,중견기업부,1458,2,-16,-1.09,1464,1480,1440,14486,20933813,32446668798,22254231,KSQ,ME005
369370,KR7369370002,블리츠웨이엔터테인먼트,KOSDAQ,벤처기업부,3240,2,-115,-3.43,3400,3400,3220,7105,23220230,32316997680,9974382,KSQ,ME005
010640,KR7010640001,진양폴리,KOSPI,,1935,1,20,1.04,1918,1948,1903,24560,47202350,32314500000,16700000,STK,ME005
087600,KR7087600003,픽셀플러스,KOSDAQ,벤처기업부,3955,1,35,0.89,3960,4075,3915,699,2790785,32298736890,8166558,KSQ,ME005
021650,KR7021650007,한국큐빅,KOSDAQ,중견기업부,1975,3,0,0.0,1975,1975,1963,2344,4605106,32292361925,16350563,KSQ,ME005
079170,KR7079170007,한창산업,KOSDAQ,우량기업부,6200,1,50,0.81,6130,6200,6090,2386,14768800,32240000000,5200000,KSQ,ME005
476080,KR7476080007,M83,KOSDAQ,중견기업부,3985,2,-40,-0.99,4125,4125,3910,4795,19062395,32186845000,8077000,KSQ,ME005
099220,KR7099220006,SDN,KOSDAQ,관리종목(소속부없음),511,3,0,0.0,0,0,0,0,0,32164562850,62944350,KSQ,ME005
200780,KR7200780005,비씨월드제약,KOSDAQ,중견기업부,3015,2,-30,-0.99,3045,3045,2990,1339,4022505,32156967915,10665661,KSQ,ME005
109820,KR7109820001,진매트릭스,KOSDAQ,기술성장기업부,1576,2,-33,-2.05,1596,1599,1564,18792,29767127,32140376640,20393640,KSQ,ME005
033830,KR7033830001,티비씨,KOSDAQ,중견기업부,1697,2,-23,-1.34,1700,1744,1697,4163,7079890,32085399610,18907130,KSQ,ME005
300120,KR7300120003,라온피플,KOSDAQ,벤처기업부,3240,1,45,1.41,3195,3465,3180,55243,182126717,32078601720,9900803,KSQ,ME005
090410,KR7090410002,덕신이피씨,KOSDAQ,우량기업부,3480,2,-50,-1.42,3530,3560,3420,18370,63500310,32074530120,9216819,KSQ,ME005
318020,KR7318020005,포인트모바일,KOSDAQ,벤처기업부,2605,2,-25,-0.95,2660,2670,2550,2477,6426330,32044813560,12301272,KSQ,ME005
031510,KR7031510001,오스템,KOSDAQ,중견기업부,1141,1,20,1.78,1112,1144,1112,26829,30357469,31948000000,28000000,KSQ,ME005
032790,KR7032790008,엠젠솔루션,KOSDAQ,벤처기업부,1243,1,41,3.41,1200,1269,1194,67198,82094822,31920371758,25680106,KSQ,ME005
131090,KR7131090003,시큐브,KOSDAQ,벤처기업부,4165,2,-10,-0.24,4165,4240,4150,6596,27577573,31896490465,7658221,KSQ,ME005
153490,KR7153490008,우리이앤엘하루틴,KOSDAQ,우량기업부,3095,1,25,0.81,3080,3215,3025,5620,17525365,31866120000,10296000,KSQ,ME005
089140,KR7089140008,넥스턴앤롤코리아,KOSDAQ,벤처기업부,2080,1,30,1.46,2035,2105,2035,36793,75897290,31857766720,15316234,KSQ,ME005
197140,KR7197140007,디지캡,KOSDAQ,벤처기업부,2445,1,5,0.2,2440,2450,2375,8066,19554360,31817161530,13013154,KSQ,ME005
900270,HK0000214814,헝셩그룹,KOSDAQ,외국기업(소속부없음),2970,2,-150,-4.81,3130,3280,2950,124759,385374090,31815495360,10712288,KSQ,ME005
002880,KR7002880003,디와이에이,KOSPI,,3395,2,-15,-0.44,3410,3425,3385,5598,19053845,31759542605,9354799,STK,ME005
263920,KR7263920001,휴엠앤씨,KOSDAQ,중견기업부,3235,2,-5,-0.15,3240,3380,3160,812,2652705,31732199110,9809026,KSQ,ME005
271830,KR7271830002,팸텍,KOSDAQ,벤처기업부,1075,1,6,0.56,1069,1108,1059,38636,41428039,31701967150,29490202,KSQ,ME005
127980,KR7127980001,화인써키트,KOSDAQ,중견기업부,2675,1,20,0.75,2640,2680,2620,874,2314690,31673829700,11840684,KSQ,ME005
296640,KR7296640006,이노에이엑스,KOSDAQ,벤처기업부,6110,2,-40,-0.65,6150,6520,6000,2110,13058760,31639119720,5178252,KSQ,ME005
064480,KR7064480007,브리지텍,KOSDAQ,벤처기업부,2645,2,-20,-0.75,2660,2660,2620,3076,8100890,31614362500,11952500,KSQ,ME005
050110,KR7050110006,캠시스,KOSDAQ,중견기업부,1079,3,0,0.0,0,0,0,0,0,31533584017,29224823,KSQ,ME005
025440,KR7025440009,DH오토웨어,KOSDAQ,투자주의환기종목(소속부없음),3230,1,25,0.78,3385,3385,3170,4307,13747594,31512668120,9756244,KSQ,ME005
160550,KR7160550000,NEW,KOSDAQ,중견기업부,1125,2,-21,-1.83,1138,1146,1110,26450,29868816,31394369250,27906106,KSQ,ME005
049120,KR7049120009,파인디앤씨,KOSDAQ,벤처기업부,2955,1,35,1.2,2905,3000,2765,5675,16405130,31327914165,10601663,KSQ,ME005
037330,KR7037330008,인지디스플레,KOSDAQ,관리종목(소속부없음),713,1,1,0.14,706,716,700,26744,18867922,31290164712,43885224,KSQ,ME005
258830,KR7258830009,세종메디칼,KOSDAQ,관리종목(소속부없음),412,3,0,0.0,0,0,0,0,0,31223976612,75786351,KSQ,ME005
010400,KR7010400000,우진아이엔에스,KOSPI,,4095,2,-5,-0.12,4245,4245,4060,6686,27416830,31212090000,7622000,STK,ME005
080520,KR7080520000,오디텍,KOSDAQ,벤처기업부,2755,1,25,0.92,2735,2815,2730,2421,6636660,31193258835,11322417,KSQ,ME005
072770,KR7072770001,멤레이비티,KOSDAQ,중견기업부,751,2,-34,-4.33,799,799,737,70708,53272569,31175585598,41512098,KSQ,ME005
356890,KR7356890004,싸이버원,KOSDAQ,벤처기업부,2600,2,-60,-2.26,2695,2780,2550,116898,311237170,31079945000,11953825,KSQ,ME005
001070,KR7001070002,대한방직,KOSPI,,5850,2,-60,-1.02,5980,5980,5830,941,5506910,31005000000,5300000,STK,ME005
099390,KR7099390007,브레인즈컴퍼니,KOSDAQ,벤처기업부,3770,2,-40,-1.05,3900,3900,3750,3899,14658725,30945226910,8208283,KSQ,ME005
036420,KR7036420008,콘텐트리중앙,KOSPI,,1603,2,-31,-1.9,1628,1630,1603,16341,26273024,30877479724,19262308,STK,ME005
020180,KR7020180006,대신정보통신,KOSDAQ,중견기업부,4015,2,-35,-0.86,4100,4170,3995,4348,17454950,30858418745,7685783,KSQ,ME005
014130,KR7014130009,한익스프레스,KOSPI,,2605,2,-50,-1.88,2650,2655,2595,7263,18993135,30785585215,11817883,STK,ME005
444530,KR7444530000,심플랫폼,KOSDAQ,기술성장기업부,4785,1,30,0.63,4950,4950,4600,6007,28384370,30776096010,6431786,KSQ,ME005
317240,KR7317240000,TS트릴리온,KOSDAQ,벤처기업부,1054,2,-5,-0.47,1059,1070,1047,10572,11148025,30752253394,29176711,KSQ,ME005
038950,KR7038950002,파인디지털,KOSDAQ,중견기업부,3010,1,5,0.17,3005,3010,2975,686,2052505,30734402650,10210765,KSQ,ME005
097780,KR7097780001,에코볼트,KOSDAQ,중견기업부,1514,1,32,2.16,1485,1600,1482,11213,17020370,30723736746,20293089,KSQ,ME005
187270,KR7187270004,신화콘텍,KOSDAQ,벤처기업부,3020,3,0,0.0,3190,3190,3005,1240,3759735,30634411900,10143845,KSQ,ME005
337840,KR7337840003,유엑스엔,KONEX,일반기업부,6150,1,10,0.16,6200,6200,6020,480,2890550,30610997700,4977398,KNX,ME005
258790,KR7258790005,소프트캠프,KOSDAQ,벤처기업부,6120,1,80,1.32,6050,6180,5900,17516,105719940,30589326720,4998256,KSQ,ME005
025750,KR7025750001,한솔홈데코,KOSPI,,1896,2,-5,-0.26,1905,1905,1896,10298,19564417,30550302984,16113029,STK,ME005
464280,KR7464280007,티디에스팜,KOSDAQ,중견기업부,5520,2,-30,-0.54,5550,5570,5440,6499,35701910,30525600000,5530000,KSQ,ME005
069640,KR7069640001,한세엠케이,KOSPI,,1400,2,-6,-0.43,1398,1406,1361,1908,2660021,30429673400,21735481,STK,ME005
071850,KR7071850002,캐스텍코리아,KOSDAQ,투자주의환기종목(소속부없음),1252,2,-5,-0.4,1251,1253,1220,1139,1416637,30374694376,24260938,KSQ,ME005
462310,KR7462310004,뉴키즈온,KOSDAQ,중견기업부,3845,2,-55,-1.41,3940,3945,3840,4735,18315420,30370136225,7898605,KSQ,ME005
003535,KR7003531001,한화투자증권우,KOSPI,,6320,2,-300,-4.53,6450,6450,6070,11958,75294910,30336000000,4800000,STK,ME005
012620,KR7012620001,원일특강,KOSDAQ,우량기업부,6880,2,-50,-0.72,6990,6990,6840,94,649240,30272000000,4400000,KSQ,ME005
093380,KR7093380004,풍강,KOSDAQ,중견기업부,3060,2,-40,-1.29,3100,3160,3050,77177,238079710,30230697780,9879313,KSQ,ME005
246250,KR7246250005,에스엘에스바이오,KOSDAQ,관리종목(소속부없음),1969,3,0,0.0,0,0,0,0,0,30220617614,15348206,KSQ,ME005
088340,KR7088340005,유라클,KOSDAQ,벤처기업부,6920,2,-80,-1.14,7040,7040,6850,2413,16662470,30201426560,4364368,KSQ,ME005
023150,KR7023150006,MH에탄올,KOSPI,,4080,2,-45,-1.09,4125,4135,4050,3000,12227022,30104386080,7378526,STK,ME005
024070,KR7024070005,WISCOM,KOSPI,,1962,1,29,1.5,1919,2005,1919,21227,42047213,30070471356,15326438,STK,ME005
006740,KR7006740005,블루산업개발,KOSPI,,5040,3,0,0.0,5100,5100,4900,2522,12505465,29992833360,5950959,STK,ME005
031310,KR7031310006,아이즈비전,KOSDAQ,중견기업부,1006,1,7,0.7,1011,1011,990,19825,19816370,29925130906,29746651,KSQ,ME005
007120,KR7007120009,미래아이앤지,KOSPI,,1095,2,-1,-0.09,1079,1112,1063,17836,19077963,29918809830,27323114,STK,ME005
388610,KR7388610008,지에프씨생명과학,KOSDAQ,기술성장기업부,5610,2,-70,-1.23,5980,5980,5520,5337,30103990,29875398630,5325383,KSQ,ME005
288620,KR7288620008,에스프리즘,KOSDAQ,벤처기업부,4280,1,70,1.66,4165,4440,4135,16989,73414595,29871472480,6979316,KSQ,ME005
106240,KR7106240005,파인테크닉스,KOSDAQ,벤처기업부,1118,1,20,1.82,1098,1138,1095,37894,42204024,29718579852,26581914,KSQ,ME005
075970,KR7075970004,동국알앤에스,KOSDAQ,중견기업부,1614,2,-1,-0.06,1612,1620,1610,5307,8550581,29697600000,18400000,KSQ,ME005
311390,KR7311390009,네오크레마,KOSDAQ,벤처기업부,2345,2,-40,-1.68,2365,2405,2315,9455,22258400,29673135205,12653789,KSQ,ME005
006570,KR7006570006,대림통상,KOSPI,,1946,2,-26,-1.32,1956,1972,1933,12449,24148558,29627850000,15225000,STK,ME005
254120,KR7254120009,자비스,KOSDAQ,기술성장기업부,962,2,-50,-4.94,1035,1035,951,64818,62812738,29585607740,30754270,KSQ,ME005
367000,KR7367000007,플래티어,KOSDAQ,벤처기업부,3515,1,25,0.72,3485,3570,3450,1081,3762760,29484547605,8388207,KSQ,ME005
376980,KR7376980009,원티드랩,KOSDAQ,기술성장기업부,3015,2,-10,-0.33,2980,3030,2975,937,2817445,29445677910,9766394,KSQ,ME005
407400,KR7407400001,꿈비,KOSDAQ,벤처기업부,2010,1,5,0.25,1987,2015,1970,11392,22685810,29415413340,14634534,KSQ,ME005
446440,KR7446440000,에피바이오텍,KONEX,일반기업부,12740,2,-10,-0.08,12580,12770,12350,211,2649860,29389638460,2306879,KNX,ME005
308170,KR7308170000,씨티알모빌리티,KOSPI,,3410,2,-45,-1.3,3455,3455,3405,2292,7841427,29360100000,8610000,STK,ME005
091970,KR7091970004,LSK아이로봇,KOSDAQ,중견기업부,3890,2,-20,-0.51,3900,4005,3825,12402,48420795,29310294200,7534780,KSQ,ME005
139670,KR7139670004,키네마스터,KOSDAQ,중견기업부,2075,1,5,0.24,2085,2085,2010,6109,12638805,29296530750,14118810,KSQ,ME005
070590,KR7070590005,인티큐브,KOSDAQ,중견기업부,2110,3,0,0.0,2155,2155,2030,3183,6601945,29285789310,13879521,KSQ,ME005
226330,KR7226330009,신테카바이오,KOSDAQ,투자주의환기종목(소속부없음),1207,2,-14,-1.15,1273,1273,1190,16524,19937825,29279979325,24258475,KSQ,ME005
078590,KR7078590007,휴림에이텍,KOSDAQ,중견기업부,2930,2,-30,-1.01,2935,2975,2905,23831,69605338,29265809830,9988331,KSQ,ME005
025890,KR7025890005,한국주강,KOSPI,,2620,1,10,0.38,2600,2625,2600,2246,5856105,29198893920,11144616,STK,ME005
188260,KR7188260004,세니젠,KOSDAQ,투자주의환기종목(소속부없음),2100,1,35,1.69,2140,2140,2100,378,795400,29192767800,13901318,KSQ,ME005
091340,KR7091340000,S&K폴리텍,KOSDAQ,중견기업부,2490,2,-25,-0.99,2485,2510,2480,10479,26107120,29142265290,11703721,KSQ,ME005
073540,KR7073540007,에프알텍,KOSDAQ,벤처기업부,2550,1,95,3.87,2440,2620,2410,135270,343145955,29070000000,11400000,KSQ,ME005
033540,KR7033540006,파라텍,KOSDAQ,중견기업부,2780,2,-10,-0.36,2790,2895,2720,13041,36151990,29048959480,10449266,KSQ,ME005
002690,KR7002690006,동일제강,KOSPI,,1429,1,29,2.07,1400,1488,1400,27553,39981933,29009214440,20300360,STK,ME005
003680,KR7003680006,한성기업,KOSPI,,4665,2,-15,-0.32,4680,4685,4605,44864,208288319,28967387475,6209515,STK,ME005
336060,KR7336060009,웨이버스,KOSDAQ,벤처기업부,3005,2,-15,-0.5,3020,3020,2925,1029,3085445,28941275200,9631040,KSQ,ME005
016920,KR7016920001,카스,KOSDAQ,중견기업부,1123,2,-20,-1.75,1144,1144,1111,14624,16373395,28859676036,25698732,KSQ,ME005
464580,KR7464580000,닷밀,KOSDAQ,기술성장기업부,1563,2,-25,-1.57,1568,1593,1554,9026,14080249,28768717107,18406089,KSQ,ME005
237820,KR7237820006,플레이디,KOSDAQ,중견기업부,2240,2,-15,-0.67,2255,2255,2225,2079,4660055,28732793600,12827140,KSQ,ME005
262840,KR7262840002,아이퀘스트,KOSDAQ,벤처기업부,2715,1,20,0.74,2695,2755,2695,5424,14680790,28689274680,10566952,KSQ,ME005
038620,KR7038620001,위즈코프,KOSDAQ,벤처기업부,1894,2,-6,-0.32,1900,1920,1884,1385,2621349,28686321342,15145893,KSQ,ME005
051630,KR7051630002,진양화학,KOSPI,,1353,2,-14,-1.02,1366,1384,1351,16727,22812900,28683600000,21200000,STK,ME005
088790,KR7088790001,진도,KOSPI,,2300,2,-10,-0.43,2400,2400,2275,5807,13375671,28629811200,12447744,STK,ME005
215790,KR7215790007,이노인스트루먼트,KOSDAQ,관리종목(소속부없음),710,1,53,8.07,657,820,657,9416736,7190792484,28601035790,40283149,KSQ,ME005
322780,KR7322780008,코퍼스코리아,KOSDAQ,중견기업부,1904,1,13,0.69,2025,2025,1834,10774,20468755,28577257856,15009064,KSQ,ME005
101670,KR7101670008,하이드로리튬,KOSDAQ,관리종목(소속부없음),503,1,13,2.65,490,523,483,545278,277957856,28558925061,56777187,KSQ,ME005
318010,KR7318010006,팜스빌,KOSDAQ,벤처기업부,3600,2,-35,-0.96,3570,3600,3420,506,1782020,28545616800,7929338,KSQ,ME005
452160,KR7452160005,제이엔비,KOSDAQ,중견기업부,2965,2,-15,-0.5,3065,3080,2920,2638,7819570,28515967555,9617527,KSQ,ME005
198940,KR7198940009,한주라이트메탈,KOSDAQ,중견기업부,1432,2,-28,-1.92,1462,1479,1401,32477,46187508,28510776320,19909760,KSQ,ME005
096630,KR7096630009,에스코넥,KOSDAQ,우량기업부,1795,2,-9,-0.5,1789,1812,1764,4002,7163429,28497999785,15876323,KSQ,ME005
236810,KR7236810008,엔비티,KOSDAQ,기술성장기업부,1678,2,-5,-0.3,1692,1696,1648,5659,9431245,28484764828,16975426,KSQ,ME005
114630,KR7114630007,폴라리스우노,KOSDAQ,우량기업부,1651,2,-56,-3.28,1659,1700,1646,31300,51917673,28455394448,17235248,KSQ,ME005
080530,KR7080530009,코디,KOSDAQ,중견기업부,2570,1,70,2.8,2635,2635,2500,3206,8100200,28454227880,11071684,KSQ,ME005
290270,KR7290270008,휴네시온,KOSDAQ,벤처기업부,2960,1,70,2.42,2945,2980,2890,6967,20536380,28438709120,9607672,KSQ,ME005
128540,KR7128540002,에코캡,KOSDAQ,우량기업부,1065,2,-5,-0.47,1070,1076,1057,13167,14081903,28425339900,26690460,KSQ,ME005
462980,KR7462980004,아이지넷,KOSDAQ,기술성장기업부,1558,2,-41,-2.56,1599,1599,1556,12902,20208445,28409252846,18234437,KSQ,ME005
115480,KR7115480006,씨유메디칼,KOSDAQ,중견기업부,2340,2,-30,-1.27,2370,2405,2300,2611,6096797,28372291740,12124911,KSQ,ME005
357430,KR7357430008,마스턴프리미어리츠,KOSPI,,930,2,-19,-2.0,955,955,930,11324,10601384,28369935510,30505307,STK,ME005
089150,KR7089150007,케이씨티,KOSDAQ,벤처기업부,1654,2,-74,-4.28,1728,1728,1652,18368,30851840,28366100000,17150000,KSQ,ME005
193250,KR7193250008,링크드,KOSDAQ,중견기업부,2120,1,40,1.92,2175,2175,2045,18212,38283480,28342137960,13368933,KSQ,ME005
045300,KR7045300001,성우테크론,KOSDAQ,중견기업부,2685,2,-20,-0.74,2705,2720,2655,1485,3979720,28318727220,10547012,KSQ,ME005
118000,KR7118000009,메타케어,KOSPI,,1283,2,-1,-0.08,1301,1313,1270,8941,11536150,28297572155,22055785,STK,ME005
079000,KR7079000006,와토스코리아,KOSDAQ,중견기업부,3930,2,-10,-0.25,3940,3955,3900,7101,27970500,28296000000,7200000,KSQ,ME005
043220,KR7043220003,티에스넥스젠,KOSDAQ,관리종목(소속부없음),1710,3,0,0.0,0,0,0,0,0,28191099330,16486023,KSQ,ME005
348030,KR7348030008,모비릭스,KOSDAQ,중견기업부,2935,1,35,1.21,2980,2980,2915,3383,9896248,28187153000,9603800,KSQ,ME005
033250,KR7033250002,체시스,KOSPI,,4400,1,200,4.76,4135,4495,4135,15201,65888840,28160000000,6400000,STK,ME005
373170,KR7373170000,엠아이큐브솔루션,KOSDAQ,벤처기업부,1863,2,-44,-2.31,1905,1905,1850,29799,55586580,28156990770,15113790,KSQ,ME005
008470,KR7008470007,부스타,KOSDAQ,벤처기업부,1673,1,6,0.36,1720,1720,1655,14059,23507290,28122460800,16809600,KSQ,ME005
007770,KR7007770001,한일화학,KOSDAQ,중견기업부,8010,2,-60,-0.74,8290,8290,7970,12,96820,28115100000,3510000,KSQ,ME005
450520,KR7450520002,인스웨이브,KOSDAQ,벤처기업부,1907,1,3,0.16,1938,1961,1884,1229,2341794,28041630246,14704578,KSQ,ME005
019175,KR7019171008,신풍제약우,KOSPI,,14080,2,-500,-3.43,14580,14580,13820,2234,31331570,28036518400,1991230,STK,ME005
311060,KR7311060008,엘에이티,KONEX,일반기업부,3560,1,60,1.71,3580,3580,3560,742,2641540,28024797040,7872134,KNX,ME005
067010,KR7067010009,이씨에스,KOSDAQ,벤처기업부,2570,2,-10,-0.39,2575,2605,2570,27511,70935607,27983445000,10888500,KSQ,ME005
066910,KR7066910001,손오공,KOSDAQ,중견기업부,1815,2,-19,-1.04,1822,1859,1812,8388,15334897,27926737080,15386632,KSQ,ME005
239610,KR7239610009,에이치엘사이언스,KOSDAQ,벤처기업부,5170,2,-80,-1.52,5220,5230,5120,32,166210,27877234550,5392115,KSQ,ME005
017000,KR7017000001,신원종합개발,KOSDAQ,우량기업부,2380,1,10,0.42,2370,2400,2360,3258,7733186,27769904260,11668027,KSQ,ME005
368970,KR7368970000,오에스피,KOSDAQ,관리종목(소속부없음),2470,2,-40,-1.59,2510,2510,2435,1529,3795170,27762103460,11239718,KSQ,ME005
068100,KR7068100007,케이웨더,KOSDAQ,기술성장기업부,2325,2,-15,-0.64,2345,2345,2260,1310,3004905,27731521200,11927536,KSQ,ME005
364950,KR7364950006,에이아이코리아,KOSDAQ,벤처기업부,3340,2,-35,-1.04,3375,3385,3335,1319,4425575,27710126300,8296445,KSQ,ME005
109960,KR7109960005,앱토크롬,KOSDAQ,투자주의환기종목(소속부없음),1827,1,1,0.05,1829,1840,1814,1072,1952791,27646589691,15132233,KSQ,ME005
038870,KR7038870002,에코심플렉스,KOSDAQ,중견기업부,1972,1,19,0.97,1948,2080,1922,18840,37423858,27637479428,14014949,KSQ,ME005
333050,KR7333050003,이노테나,KOSDAQ,벤처기업부,5590,2,-120,-2.1,5770,5770,5570,6546,36853830,27527507800,4924420,KSQ,ME005
195500,KR7195500004,마니커에프앤지,KOSDAQ,중견기업부,1710,2,-14,-0.81,1710,1724,1698,16739,28613788,27322380000,15978000,KSQ,ME005
119500,KR7119500007,포메탈,KOSDAQ,중견기업부,2305,2,-85,-3.56,2395,2395,2280,37123,85496376,27307869760,11847232,KSQ,ME005
048470,KR7048470009,대동스틸,KOSDAQ,중견기업부,2825,1,15,0.53,2810,2845,2780,16800,47383360,27261250000,9650000,KSQ,ME005
069140,KR7069140002,누리플랜,KOSDAQ,벤처기업부,1804,1,57,3.26,1747,1827,1731,4381,7827451,27232830416,15095804,KSQ,ME005
019570,KR7019570001,GMI벤처,KOSDAQ,중견기업부,2850,2,-30,-1.04,2990,2990,2845,5009,14509090,27203261400,9545004,KSQ,ME005
026910,KR7026910000,광진실업,KOSDAQ,중견기업부,3430,1,65,1.93,3520,3535,3330,28402,97570370,27194158180,7928326,KSQ,ME005
225220,KR7225220003,제놀루션,KOSDAQ,벤처기업부,1414,2,-33,-2.28,1405,1443,1405,8746,12340067,27134689694,19190021,KSQ,ME005
131220,KR7131220006,대한과학,KOSDAQ,벤처기업부,3640,3,0,0.0,3635,3645,3615,5558,20128075,27134343600,7454490,KSQ,ME005
406820,KR7406820001,뷰티스킨,KOSDAQ,벤처기업부,1919,2,-37,-1.89,1942,1973,1900,42833,82024037,27127285283,14136157,KSQ,ME005
351330,KR7351330006,이삭엔지니어링,KOSDAQ,벤처기업부,3265,2,-60,-1.8,3390,3410,3195,9262,30348270,27062017800,8288520,KSQ,ME005
432980,KR7432980001,엠에프씨,KOSDAQ,기술성장기업부,3145,1,725,29.96,3145,3145,2845,106452,333295945,27021028590,8591742,KSQ,ME005
900070,KYG3931T1076,글로벌에스엠,KOSDAQ,외국기업(소속부없음),1005,1,2,0.2,1005,1138,983,132166,137371382,27006343920,26871984,KSQ,ME005
148250,KR7148250004,알엔투테크놀로지,KOSDAQ,벤처기업부,1980,2,-80,-3.88,2085,2135,1964,30567,61853482,26949193920,13610704,KSQ,ME005
001380,KR7001380005,SG글로벌,KOSPI,,1195,2,-25,-2.05,1239,1239,1195,26105,31467946,26866074845,22482071,STK,ME005
363260,KR7363260001,모비데이즈,KOSDAQ,벤처기업부,4175,1,5,0.12,4175,4355,4145,3908,16416500,26856743775,6432753,KSQ,ME005
013720,KR7013720008,청보,KOSDAQ,중견기업부,2200,2,-65,-2.87,2255,2255,2190,625,1381345,26764381600,12165628,KSQ,ME005
297570,KR7297570004,아틀라스링크,KOSDAQ,벤처기업부,3860,2,-235,-5.74,4080,4080,3805,4260,16674195,26727577980,6924243,KSQ,ME005
096690,KR7096690003,에이루트,KOSDAQ,중견기업부,6640,2,-10,-0.15,6650,6750,6510,3187,20877360,26711670880,4022842,KSQ,ME005
900310,HK0000341732,컬러레이,KOSDAQ,외국기업(소속부없음),2085,2,-20,-0.95,2265,2275,2080,2731,5838870,26705378475,12808335,KSQ,ME005
069410,KR7069410009,엔텔스,KOSDAQ,벤처기업부,2605,2,-45,-1.7,2670,2670,2570,5332,13830945,26687766520,10244824,KSQ,ME005
032750,KR7032750002,삼진,KOSDAQ,우량기업부,2950,2,-10,-0.34,3010,3010,2930,2253,6653690,26641809900,9031122,KSQ,ME005
0010F0,KR70010F0005,보원케미칼,KOSDAQ,벤처기업부,2390,1,100,4.37,2370,2685,2290,444093,1121381731,26633206390,11143601,KSQ,ME005
047080,KR7047080007,한빛소프트,KOSDAQ,중견기업부,1068,2,-21,-1.93,1085,1105,1050,23526,24955487,26510282616,24822362,KSQ,ME005
130500,KR7130500002,GH신소재,KOSDAQ,중견기업부,1822,2,-27,-1.46,1849,1923,1811,2363,4352530,26501084744,14545052,KSQ,ME005
005110,KR7005110002,한창,KOSPI,,1254,3,0,0.0,0,0,0,0,0,26467434378,21106407,STK,ME005
071950,KR7071950000,코아스,KOSPI,,1829,1,40,2.24,1858,1858,1766,14036,25497328,26445867655,14459195,STK,ME005
021880,KR7021880000,메이슨캐피탈,KOSDAQ,중견기업부,1240,2,-6,-0.48,1260,1293,1234,8762,10928299,26310865600,21218440,KSQ,ME005
003060,KR7003060001,에이프로젠바이오로직스,KOSPI,,1617,2,-23,-1.4,1640,1650,1591,55629,89322395,26294365251,16261203,STK,ME005
328380,KR7328380001,솔트웨어,KOSDAQ,벤처기업부,3835,2,-45,-1.16,4070,4070,3770,8667,33102789,26279548425,6852555,KSQ,ME005
123840,KR7123840001,뉴온,KOSDAQ,투자주의환기종목(소속부없음),1687,1,40,2.43,1647,1744,1630,6602,10984137,26237995350,15553050,KSQ,ME005
351870,KR7351870001,차이커뮤니케이션,KOSDAQ,중견기업부,2350,2,-135,-5.43,2465,2470,2325,4328,10320775,26227508700,11160642,KSQ,ME005
123750,KR7123750002,알톤,KOSDAQ,중견기업부,1895,1,165,9.54,1810,2100,1775,157561,306035988,26187495805,13819259,KSQ,ME005
103840,KR7103840005,우양,KOSDAQ,중견기업부,1600,2,-4,-0.25,1604,1628,1596,18991,30472555,26186284800,16366428,KSQ,ME005
138070,KR7138070008,신진에스엠,KOSDAQ,중견기업부,1493,2,-9,-0.6,1502,1539,1450,2220,3276361,26132283572,17503204,KSQ,ME005
290560,KR7290560002,파라택시스이더리움,KOSDAQ,벤처기업부,1164,2,-77,-6.2,1236,1236,1133,87156,102931212,26030217720,22362730,KSQ,ME005
105550,KR7105550008,엣지파운드리,KOSDAQ,중견기업부,1661,2,-72,-4.15,1734,1734,1640,50561,84926065,26013602010,15661410,KSQ,ME005
458350,KR7458350006,에스팀,KOSDAQ,중견기업부,2995,2,-45,-1.48,3040,3095,2945,11887,35599037,26006184000,8683200,KSQ,ME005
053290,KR7053290003,NE능률,KOSDAQ,중견기업부,1573,1,15,0.96,1537,1595,1537,570,883245,25995880911,16526307,KSQ,ME005
134060,KR7134060003,이퓨쳐,KOSDAQ,벤처기업부,5450,3,0,0.0,5380,5450,5380,24,129960,25992412500,4769250,KSQ,ME005
033050,KR7033050006,제이엠아이,KOSDAQ,관리종목(소속부없음),815,3,0,0.0,815,825,798,10157,8179299,25949052320,31839328,KSQ,ME005
038530,KR7038530002,케이바이오랩스,KOSDAQ,중견기업부,999,3,0,0.0,0,0,0,0,0,25864231878,25890122,KSQ,ME005
146060,KR7146060009,율촌,KOSDAQ,중견기업부,1074,2,-21,-1.92,1095,1095,1072,24839,26833595,25792749030,24015595,KSQ,ME005
054090,KR7054090006,삼진엘앤디,KOSDAQ,중견기업부,1032,2,-5,-0.48,1037,1037,1000,76613,77673776,25757927424,24959232,KSQ,ME005
001810,KR7001810001,무림SP,KOSDAQ,중견기업부,1163,1,21,1.84,1135,1181,1135,6831,7977121,25745912500,22137500,KSQ,ME005
475660,KR7475660007,에스켐,KOSDAQ,기술성장기업부,3240,1,75,2.37,3230,3250,3115,269,858810,25692665400,7929835,KSQ,ME005
060380,KR7060380003,동양에스텍,KOSDAQ,중견기업부,1301,1,16,1.25,1339,1339,1271,5137,6756547,25629700000,19700000,KSQ,ME005
076080,KR7076080001,웰크론한텍,KOSDAQ,중견기업부,1133,1,38,3.47,1095,1178,1095,13734,15629323,25599178748,22594156,KSQ,ME005
083660,KR7083660001,CSA 코스믹,KOSDAQ,중견기업부,1469,2,-17,-1.14,1524,1524,1455,4883,7191443,25596089571,17424159,KSQ,ME005
002355,KR7002351005,넥센타이어1우B,KOSPI,,3935,1,5,0.13,3905,3935,3905,5,19605,25577500000,6500000,STK,ME005
054780,KR7054780002,키이스트,KOSDAQ,중견기업부,1301,2,-4,-0.31,1299,1318,1278,4086,5312443,25574788693,19657793,KSQ,ME005
057680,KR7057680001,티사이언티픽,KOSDAQ,벤처기업부,1615,2,-117,-6.76,1683,1721,1607,58353,95544215,25505548035,15792909,KSQ,ME005
431190,KR7431190008,케이쓰리아이,KOSDAQ,기술성장기업부,3405,2,-305,-8.22,3665,3665,3370,33073,113999382,25491335010,7486442,KSQ,ME005
377030,KR7377030002,비트맥스,KOSDAQ,관리종목(소속부없음),1781,2,-69,-3.73,1750,1846,1750,13101,23215468,25453521262,14291702,KSQ,ME005
044780,KR7044780005,에이치케이,KOSDAQ,벤처기업부,1374,2,-8,-0.58,1382,1386,1353,20771,28351736,25426951338,18505787,KSQ,ME005
115160,KR7115160004,휴맥스,KOSDAQ,중견기업부,5880,1,200,3.52,5670,6090,5610,12842,75340970,25328294040,4307533,KSQ,ME005
415380,KR7415380005,스튜디오삼익,KOSDAQ,중견기업부,2210,1,5,0.23,2220,2225,2205,17301,38306120,25288974750,11442975,KSQ,ME005
238490,KR7238490007,힘스,KOSDAQ,벤처기업부,2235,2,-15,-0.67,2325,2325,2235,2516,5734560,25282847460,11312236,KSQ,ME005
462510,KR7462510009,라메디텍,KOSDAQ,기술성장기업부,2870,1,320,12.55,2550,3200,2550,228172,677881982,25264509550,8802965,KSQ,ME005
039740,KR7039740006,한국정보공학,KOSDAQ,벤처기업부,3150,2,-20,-0.63,3170,3230,3125,2964,9341745,25257950550,8018397,KSQ,ME005
006345,KR7006341002,대원전선우,KOSPI,,9620,2,-80,-0.82,10090,10090,9600,14303,138774760,25215944000,2621200,STK,ME005
101680,KR7101680007,한국정밀기계,KOSDAQ,중견기업부,2995,2,-15,-0.5,3005,3005,2950,4686,14028440,25169980000,8404000,KSQ,ME005
354390,KR7354390007,바스칸바이오제약,KONEX,일반기업부,3580,3,0,0.0,0,0,0,0,0,25125324260,7018247,KNX,ME005
33637K,KR733637K010,솔루스첨단소재1우,KOSPI,,1485,1,3,0.2,1482,1497,1441,1665,2424309,25107034590,16907094,STK,ME005
200350,KR7200350007,아티스트스튜디오,KOSDAQ,기술성장기업부,2510,2,-190,-7.04,2695,2700,2450,52171,131444685,25090022750,9996025,KSQ,ME005
054940,KR7054940002,엑사이엔씨,KOSDAQ,중견기업부,3765,2,-45,-1.18,3780,3810,3735,26614,100067665,24979679385,6634709,KSQ,ME005
004270,KR7004270005,남성,KOSPI,,5470,3,0,0.0,5410,5580,5390,3534,19306440,24943900160,4560128,STK,ME005
002070,KR7002070001,비비안,KOSPI,,5190,2,-240,-4.42,5400,5480,5000,69105,359707010,24921342000,4801800,STK,ME005
376180,KR7376180006,피코그램,KOSDAQ,벤처기업부,1339,1,3,0.22,1374,1380,1308,4949,6606643,24853229882,18561038,KSQ,ME005
267790,KR7267790004,배럴,KOSDAQ,중견기업부,3230,2,-55,-1.67,3290,3290,3185,4136,13242180,24836468070,7689309,KSQ,ME005
276730,KR7276730009,한울앤제주,KOSDAQ,투자주의환기종목(소속부없음),1051,2,-1,-0.1,1052,1062,1035,26505,27783277,24811986980,23607980,KSQ,ME005
030720,KR7030720007,동원수산,KOSPI,,5330,1,20,0.38,5310,5390,5250,17137,91527215,24804780650,4653805,STK,ME005
090150,KR7090150004,아이윈,KOSDAQ,중견기업부,5920,2,-80,-1.33,6060,6060,5840,10414,61301980,24790171680,4187529,KSQ,ME005
368600,KR7368600003,아이씨에이치,KOSDAQ,기술성장기업부,956,3,0,0.0,0,0,0,0,0,24660416740,25795415,KSQ,ME005
206400,KR7206400004,베노티앤알,KOSDAQ,중견기업부,657,2,-21,-3.1,678,678,646,18281,12054445,24644173806,37510158,KSQ,ME005
290520,KR7290520006,신도기연,KOSDAQ,벤처기업부,1564,2,-4,-0.26,1548,1568,1521,921,1432358,24611360496,15736164,KSQ,ME005
206950,KR7206950008,볼빅,KONEX,일반기업부,1746,1,225,14.79,1746,1746,1746,1,1746,24578904690,14077265,KNX,ME005
035200,KR7035200005,프럼파스트,KOSDAQ,벤처기업부,2665,1,20,0.76,2680,2725,2615,41964,111427671,24571249365,9219981,KSQ,ME005
131180,KR7131180002,딜리,KOSDAQ,벤처기업부,4175,2,-30,-0.71,4205,4275,4170,569,2388380,24507250000,5870000,KSQ,ME005
004870,KR7004870002,티웨이홀딩스,KOSPI,,1080,2,-6,-0.55,1109,1125,1058,8164,8938100,24443313840,22632698,STK,ME005
083640,KR7083640003,인콘,KOSDAQ,벤처기업부,5310,1,160,3.11,5150,5320,5130,2197,11473050,24381757080,4591668,KSQ,ME005
177830,KR7177830007,파버나인,KOSDAQ,벤처기업부,2150,2,-35,-1.6,2185,2190,2140,810,1743785,24350884950,11325993,KSQ,ME005
301300,KR7301300000,바이브컴퍼니,KOSDAQ,기술성장기업부,1851,2,-529,-22.23,2260,2265,1803,206806,402444337,24349371912,13154712,KSQ,ME005
222980,KR7222980005,한국맥널티,KOSDAQ,벤처기업부,2205,2,-5,-0.23,2130,2255,2130,7212,15829445,24324420015,11031483,KSQ,ME005
003495,KR7003491008,대한항공우,KOSPI,,21850,3,0,0.0,21850,21850,21650,258,5619150,24270783350,1110791,STK,ME005
005360,KR7005360003,모나미,KOSPI,,1281,1,3,0.23,1258,1295,1258,68649,87795894,24207450267,18897307,STK,ME005
278990,KR7278990007,EMB,KONEX,일반기업부,3000,3,0,0.0,3000,3000,3000,1,3000,24194331000,8064777,KNX,ME005
043200,KR7043200005,파루,KOSDAQ,벤처기업부,1156,2,-14,-1.2,1193,1193,1150,61780,71650039,24162893492,20902157,KSQ,ME005
102950,KR7102950003,아하,KONEX,일반기업부,1840,2,-29,-1.55,2095,2095,1677,8,14686,24144301520,13121903,KNX,ME005
359090,KR7359090008,씨엔알리서치,KOSDAQ,중견기업부,2100,1,30,1.45,2075,2100,2030,3118,6415120,24137700300,11494143,KSQ,ME005
038880,KR7038880001,아이에이,KOSDAQ,중견기업부,3205,2,-60,-1.84,3380,3380,3150,3228,10368358,24083725715,7514423,KSQ,ME005
051380,KR7051380004,피씨디렉트,KOSDAQ,중견기업부,1564,2,-8,-0.51,1555,1574,1555,3743,5851189,23991872608,15340072,KSQ,ME005
016670,KR7016670002,디모아,KOSDAQ,중견기업부,2350,2,-15,-0.63,2350,2350,2305,7802,18203615,23956449900,10194234,KSQ,ME005
027040,KR7027040005,서울전자통신,KOSDAQ,중견기업부,1712,1,10,0.59,1742,1742,1661,41007,68994699,23827220528,13917769,KSQ,ME005
058110,KR7058110008,멕아이씨에스,KOSDAQ,기술성장기업부,1484,2,-34,-2.24,1535,1535,1440,46028,68407590,23818986520,16050530,KSQ,ME005
208350,KR7208350009,지란지교시큐리티,KOSDAQ,벤처기업부,2940,2,-50,-1.67,3015,3025,2925,1442,4293200,23818615800,8101570,KSQ,ME005
344860,KR7344860002,이노진,KOSDAQ,기술성장기업부,1580,1,56,3.67,1560,1639,1513,79963,127725528,23747400000,15030000,KSQ,ME005
016100,KR7016100000,리더스코스메틱,KOSDAQ,중견기업부,1243,1,23,1.89,1256,1258,1202,3465,4241028,23742411242,19100894,KSQ,ME005
148780,KR7148780000,비큐AI,KOSDAQ,기술성장기업부,3775,2,-40,-1.05,3850,3850,3720,24184,90742640,23741522375,6289145,KSQ,ME005
318000,KR7318000007,KBG,KOSDAQ,벤처기업부,2715,2,-5,-0.18,2815,2815,2710,910,2492665,23729705445,8740223,KSQ,ME005
378800,KR7378800007,샤페론,KOSDAQ,관리종목(소속부없음),510,3,0,0.0,0,0,0,0,0,23583945810,46243031,KSQ,ME005
417180,KR7417180007,핑거스토리,KOSDAQ,중견기업부,4120,1,25,0.61,4120,4295,4020,2052,8443000,23545342680,5714889,KSQ,ME005
023770,KR7023770001,플레이위드,KOSDAQ,중견기업부,2620,2,-20,-0.76,2640,2675,2550,5018,13234995,23439816900,8946495,KSQ,ME005
257370,KR7257370007,피엔티엠에스,KOSDAQ,벤처기업부,1870,2,-41,-2.15,1912,1921,1808,4471,8361312,23384090070,12504861,KSQ,ME005
009310,KR7009310004,참엔지니어링,KOSPI,,5330,3,0,0.0,0,0,0,0,0,23329484620,4377014,STK,ME005
352940,KR7352940001,인바이오,KOSDAQ,벤처기업부,2145,1,10,0.47,2155,2155,2080,8208,17328735,23311280850,10867730,KSQ,ME005
169330,KR7169330008,엠브레인,KOSDAQ,중견기업부,1271,2,-25,-1.93,1289,1289,1270,3905,4980178,23280802778,18316918,KSQ,ME005
206560,KR7206560005,덱스터,KOSDAQ,기술성장기업부,916,2,-25,-2.66,936,949,915,36465,33736168,23277150176,25411736,KSQ,ME005
036480,KR7036480002,대성미생물,KOSDAQ,중견기업부,6100,2,-10,-0.16,6060,6220,6060,210,1280360,23180000000,3800000,KSQ,ME005
403360,KR7403360001,라피치,KONEX,일반기업부,6150,2,-250,-3.91,6200,6400,6000,2180,13207110,23170955250,3767635,KNX,ME005
013810,KR7013810007,스페코,KOSDAQ,중견기업부,1581,3,0,0.0,1619,1627,1522,9907,15273756,23170298070,14655470,KSQ,ME005
032860,KR7032860009,더라미,KOSDAQ,중견기업부,2860,2,-40,-1.38,2840,2990,2835,1715,4905135,23106431920,8079172,KSQ,ME005
207490,KR7207490004,에이펙스인텍,KONEX,일반기업부,6410,3,0,0.0,0,0,0,0,0,23076000000,3600000,KNX,ME005
052300,KR7052300001,오션인더블유,KOSDAQ,중견기업부,1417,1,4,0.28,1422,1444,1401,90990,129104394,23017929376,16244128,KSQ,ME005
007720,KR7007720006,소노스퀘어,KOSDAQ,중견기업부,1141,2,-18,-1.55,1194,1194,1135,4809,5512181,23002662690,20160090,KSQ,ME005
243870,KR7243870003,아이티센코어,KONEX,일반기업부,7940,2,-240,-2.93,7980,7980,7600,265,2055680,22967490140,2892631,KNX,ME005
001420,KR7001420009,태원물산,KOSPI,,3015,1,40,1.34,2975,3065,2930,17216,51787055,22914000000,7600000,STK,ME005
073570,KR7073570004,리튬포어스,KOSDAQ,관리종목(소속부없음),1902,1,37,1.98,1865,1935,1740,17397,32970507,22894997856,12037328,KSQ,ME005
084440,KR7084440007,유비온,KOSDAQ,기술성장기업부,1196,3,0,0.0,0,0,0,0,0,22882375516,19132421,KSQ,ME005
187220,KR7187220009,디티앤씨,KOSDAQ,중견기업부,1982,1,12,0.61,1980,1990,1939,911,1792150,22842417206,11524933,KSQ,ME005
033200,KR7033200007,모아텍,KOSDAQ,투자주의환기종목(소속부없음),2480,2,-25,-1.0,2505,2560,2450,1808,4468660,22827231920,9204529,KSQ,ME005
154040,KR7154040000,다산솔루에타,KOSDAQ,중견기업부,1055,3,0,0.0,0,0,0,0,0,22804472770,21615614,KSQ,ME005
331660,KR7331660001,한국미라클피플사,KONEX,일반기업부,4135,1,115,2.86,3905,4135,3905,102,399230,22742500000,5500000,KNX,ME005
33626L,KR733626K021,두산퓨얼셀2우B,KOSPI,,7600,2,-150,-1.94,7790,7790,7450,1324,9931770,22695880000,2986300,STK,ME005
331520,KR7331520007,밸로프,KOSDAQ,중견기업부,2315,3,0,0.0,2420,2420,2295,3690,8535470,22689745590,9801186,KSQ,ME005
018700,KR7018700005,졸스,KOSDAQ,투자주의환기종목(소속부없음),1356,2,-28,-2.02,1384,1384,1320,18993,25427440,22675384560,16722260,KSQ,ME005
188040,KR7188040000,바이오포트,KOSDAQ,벤처기업부,4845,1,25,0.52,4900,4975,4800,7303,35720755,22671247260,4679308,KSQ,ME005
044480,KR7044480002,빌리언스,KOSDAQ,중견기업부,3405,2,-15,-0.44,3420,4350,3360,168748,659498649,22643873115,6650183,KSQ,ME005
018680,KR7018680009,서울제약,KOSDAQ,벤처기업부,1940,2,-36,-1.82,1976,1990,1940,2348,4593198,22619078860,11659319,KSQ,ME005
405920,KR7405920000,나라셀라,KOSDAQ,중견기업부,1752,1,21,1.21,1731,1820,1729,2601,4594660,22562389152,12878076,KSQ,ME005
298060,KR7298060005,풍전약품,KOSDAQ,관리종목(소속부없음),2340,1,50,2.18,2290,2375,2290,3141,7276695,22551625980,9637447,KSQ,ME005
398120,KR7398120006,에스지헬스케어,KOSDAQ,벤처기업부,1902,1,80,4.39,1822,1950,1819,32528,60901972,22522553922,11841511,KSQ,ME005
060230,KR7060230000,제이케이시냅스,KOSDAQ,중견기업부,1149,2,-23,-1.96,1206,1206,1130,56804,65387442,22457455482,19545218,KSQ,ME005
032800,KR7032800005,판타지오,KOSDAQ,중견기업부,1486,1,7,0.47,1488,1510,1472,12377,18486987,22449037664,15107024,KSQ,ME005
043360,KR7043360007,디지아이,KOSDAQ,벤처기업부,2490,2,-35,-1.39,2455,2525,2455,3132,7775075,22410000000,9000000,KSQ,ME005
317120,KR7317120004,라닉스,KOSDAQ,기술성장기업부,1463,1,4,0.27,1459,1473,1430,10177,14731098,22325380000,15260000,KSQ,ME005
383930,KR7383930005,디티앤씨알오,KOSDAQ,중견기업부,1745,1,19,1.1,1714,1781,1677,18904,32710306,22308303360,12784128,KSQ,ME005
464500,KR7464500008,아이언디바이스,KOSDAQ,기술성장기업부,1589,2,-33,-2.03,1600,1631,1580,7970,12649473,22235294907,13993263,KSQ,ME005
465770,KR7465770006,STX그린로지스,KOSPI,,3070,2,-85,-2.69,3200,3255,3050,123537,381895430,22160426600,7218380,STK,ME005
900110,HK0000057197,딥커머스,KOSDAQ,외국기업(소속부없음),1201,3,0,0.0,0,0,0,0,0,22142994331,18437131,KSQ,ME005
017250,KR7017250002,인터엠,KOSDAQ,중견기업부,1052,2,-1,-0.09,1058,1058,1036,3068,3205567,22139831284,21045467,KSQ,ME005
039310,KR7039310008,세중,KOSDAQ,중견기업부,1221,2,-59,-4.61,1279,1311,1221,11126,13927300,22126555407,18121667,KSQ,ME005
289220,KR7289220006,자이언트스텝,KOSDAQ,기술성장기업부,991,2,-8,-0.8,1004,1004,981,13453,13370068,22111411011,22312221,KSQ,ME005
065690,KR7065690000,파커스,KOSDAQ,투자주의환기종목(소속부없음),1839,2,-6,-0.33,1845,1845,1796,14625,26627004,22094678373,12014507,KSQ,ME005
303530,KR7303530000,이노뎁,KOSDAQ,벤처기업부,3010,2,-25,-0.82,3095,3095,2970,5826,17840620,22091289990,7339299,KSQ,ME005
270210,KR7270210008,에스알바이오텍,KONEX,일반기업부,12900,1,400,3.2,12000,12900,10700,32,354600,22077679200,1711448,KNX,ME005
440320,KR7440320000,오픈놀,KOSDAQ,기술성장기업부,2210,1,5,0.23,2265,2265,2170,4118,9125115,22055800000,9980000,KSQ,ME005
377330,KR7377330006,이지트로닉스,KOSDAQ,기술성장기업부,2705,2,-95,-3.39,2880,2880,2690,6769,18843090,22018575570,8139954,KSQ,ME005
336040,KR7336040001,타스컴,KONEX,일반기업부,3800,2,-100,-2.56,3600,3890,3600,51,189700,22001730200,5789929,KNX,ME005
032280,KR7032280000,삼일,KOSDAQ,중견기업부,1353,2,-10,-0.73,1363,1363,1352,1057,1437998,21936987270,16213590,KSQ,ME005
053060,KR7053060000,세동,KOSDAQ,중견기업부,1238,2,-11,-0.88,1235,1238,1230,24661,30364916,21859884722,17657419,KSQ,ME005
275630,KR7275630002,에스에스알,KOSDAQ,벤처기업부,4160,2,-40,-0.95,4300,4305,4135,16105,67803155,21855841280,5253808,KSQ,ME005
115530,KR7115530008,씨엔플러스,KOSDAQ,중견기업부,2540,1,35,1.4,2580,2585,2440,9565,24007355,21798419700,8582055,KSQ,ME005
237750,KR7237750005,피앤씨테크,KOSDAQ,벤처기업부,3355,2,-20,-0.59,3450,3450,3210,4232,14057685,21796093000,6496600,KSQ,ME005
192390,KR7192390003,윈하이텍,KOSDAQ,벤처기업부,1820,2,-9,-0.49,1829,1904,1819,2976,5431462,21780387720,11967246,KSQ,ME005
130740,KR7130740004,티피씨글로벌,KOSDAQ,중견기업부,1927,2,-8,-0.41,1916,1932,1915,4725,9061227,21730160433,11276679,KSQ,ME005
032080,KR7032080004,아즈텍WB,KOSDAQ,중견기업부,1010,3,0,0.0,0,0,0,0,0,21705939290,21491029,KSQ,ME005
241840,KR7241840008,에이스토리,KOSDAQ,중견기업부,2275,2,-45,-1.94,2320,2320,2235,2577,5835295,21703486350,9539994,KSQ,ME005
011090,KR7011090008,에넥스,KOSPI,,1821,1,51,2.88,1819,1847,1755,109281,197123309,21591695334,11857054,STK,ME005
012170,KR7012170007,아센디오,KOSPI,,2955,1,30,1.03,2925,3005,2890,8617,25480940,21561810555,7296721,STK,ME005
389680,KR7389680000,유디엠텍,KOSDAQ,관리종목(소속부없음),2590,1,60,2.37,2580,2620,2470,39844,101293565,21550594870,8320693,KSQ,ME005
095910,KR7095910006,에스에너지,KOSDAQ,관리종목(소속부없음),591,2,-15,-2.48,606,612,589,67562,40202417,21534050694,36436634,KSQ,ME005
238200,KR7238200000,비피도,KOSDAQ,벤처기업부,2625,2,-35,-1.32,2630,2670,2585,268,699800,21472500000,8180000,KSQ,ME005
340440,KR7340440007,세림B&G,KOSDAQ,관리종목(소속부없음),756,3,0,0.0,0,0,0,0,0,21454043184,28378364,KSQ,ME005
065370,KR7065370009,위세아이텍,KOSDAQ,벤처기업부,2905,2,-20,-0.68,2925,2925,2845,1180,3415972,21450386370,7383954,KSQ,ME005
000040,KR7000040006,KR모터스,KOSPI,,1089,2,-17,-1.54,1144,1144,1062,3990,4361826,21426114204,19675036,STK,ME005
067730,KR7067730002,로지시스,KOSDAQ,중견기업부,2210,2,-35,-1.56,2260,2260,2190,2897,6394860,21379367620,9673922,KSQ,ME005
424760,KR7424760007,벨로크,KOSDAQ,벤처기업부,2125,2,-70,-3.19,2185,2190,2075,28701,60675930,21365532000,10054368,KSQ,ME005
045520,KR7045520004,크린앤사이언스,KOSDAQ,관리종목(소속부없음),3285,1,45,1.39,3240,3380,3190,22319,73873275,21352500000,6500000,KSQ,ME005
215480,KR7215480005,토박스코리아,KOSDAQ,중견기업부,1982,2,-28,-1.39,2015,2015,1900,2535,5006626,21286680000,10740000,KSQ,ME005
008775,KR7008771008,호텔신라우,KOSPI,,28300,1,100,0.35,28000,28400,27900,321,9013200,21278175700,751879,STK,ME005
085810,KR7085810000,알티캐스트,KOSDAQ,중견기업부,1499,1,54,3.74,1451,1500,1441,9456,13978074,21191292547,14136953,KSQ,ME005
219750,KR7219750007,한국비티비,KOSDAQ,중견기업부,1619,2,-19,-1.16,1639,1687,1615,7797,12944372,21185225363,13085377,KSQ,ME005
059180,KR7059180000,엔더블유시,KONEX,일반기업부,3985,3,0,0.0,0,0,0,0,0,21176648650,5314090,KNX,ME005
069330,KR7069330009,유아이디,KOSDAQ,벤처기업부,1249,1,85,7.3,1187,1278,1129,44953,54841383,21173764926,16952574,KSQ,ME005
115570,KR7115570004,스타플렉스,KOSDAQ,중견기업부,2645,2,-65,-2.4,2690,2710,2635,685,1819030,21119023660,7984508,KSQ,ME005
063760,KR7063760003,이엘피,KOSDAQ,벤처기업부,2260,2,-40,-1.74,2300,2300,2250,3978,9029200,21074793800,9325130,KSQ,ME005
076340,KR7076340009,지에이이노더스,KONEX,일반기업부,4295,2,-50,-1.15,4100,4295,4100,2,8395,20922920700,4871460,KNX,ME005
024940,KR7024940009,PN풍년,KOSDAQ,벤처기업부,2090,1,30,1.46,2060,2095,2030,31372,64574540,20900000000,10000000,KSQ,ME005
291810,KR7291810000,핀텔,KOSDAQ,관리종목(소속부없음),1832,1,9,0.49,1820,1890,1800,18925,34644858,20827480384,11368712,KSQ,ME005
277410,KR7277410007,인산가,KOSDAQ,벤처기업부,5390,2,-10,-0.19,5590,5590,5380,1265,6854240,20703798500,3841150,KSQ,ME005
362990,KR7362990004,드림인사이트,KOSDAQ,벤처기업부,1226,2,-7,-0.57,1234,1234,1211,13132,15943832,20597503724,16800574,KSQ,ME005
403810,KR7403810005,아이엘로보틱스,KONEX,일반기업부,2070,3,0,0.0,2380,2380,1921,164,325585,20570306220,9937346,KNX,ME005
027580,KR7027580000,상보,KOSDAQ,중견기업부,1737,2,-18,-1.03,1755,1801,1722,31223,54912986,20559574935,11836255,KSQ,ME005
032680,KR7032680001,소프트센,KOSDAQ,중견기업부,891,2,-19,-2.09,912,930,866,10176,9061505,20542789971,23055881,KSQ,ME005
019660,KR7019660000,글로본,KOSDAQ,중견기업부,1469,2,-41,-2.72,1494,1500,1449,14077,20661982,20484225177,13944333,KSQ,ME005
200230,KR7200230001,텔콘RF제약,KOSDAQ,중견기업부,2160,2,-25,-1.14,2200,2200,2120,2465,5272265,20481701040,9482269,KSQ,ME005
227610,KR7227610003,아우딘퓨쳐스,KOSDAQ,벤처기업부,1057,1,4,0.38,1076,1077,1040,13700,14371735,20478921547,19374571,KSQ,ME005
353590,KR7353590003,오토앤,KOSDAQ,중견기업부,1590,1,1,0.06,1590,1590,1541,1842,2884863,20472156300,12875570,KSQ,ME005
101000,KR7101000008,KS인더스트리,KOSDAQ,관리종목(소속부없음),2065,3,0,0.0,0,0,0,0,0,20465155655,9910487,KSQ,ME005
429270,KR7429270002,시지트로닉스,KOSDAQ,기술성장기업부,3170,2,-210,-6.21,3275,3375,3145,114746,367148005,20444062270,6449231,KSQ,ME005
051780,KR7051780005,큐로홀딩스,KOSDAQ,중견기업부,2685,2,-10,-0.37,2730,2780,2630,5728,15432477,20406064440,7600024,KSQ,ME005
065150,KR7065150005,대산F&B,KOSDAQ,중견기업부,1279,1,16,1.27,1280,1295,1270,6634,8522196,20385008960,15938240,KSQ,ME005
247660,KR7247660004,나노씨엠에스,KOSDAQ,관리종목(소속부없음),3895,2,-85,-2.14,3950,3960,3850,6737,26342340,20374433400,5230920,KSQ,ME005
191410,KR7191410000,육일씨엔에쓰,KOSDAQ,관리종목(소속부없음),1816,2,-12,-0.66,1841,1841,1803,39364,71609373,20346927080,11204255,KSQ,ME005
361670,KR7361670003,삼영에스앤씨,KOSDAQ,기술성장기업부,3585,2,-5,-0.14,3595,3595,3530,195,699565,20318553930,5667658,KSQ,ME005
342870,KR7342870003,오아,KOSDAQ,중견기업부,3725,2,-85,-2.23,3880,3955,3720,2185,8331005,20301983825,5450197,KSQ,ME005
060900,KR7060900008,에이전트AI,KOSDAQ,중견기업부,3100,2,-230,-6.91,3320,3330,3090,3431,10980685,20285736600,6543786,KSQ,ME005
353190,KR7353190002,휴럼,KOSDAQ,중견기업부,2575,2,-20,-0.77,2575,2655,2540,3530,9222143,20279886300,7875684,KSQ,ME005
054220,KR7054220009,비츠로시스,KOSDAQ,벤처기업부,1602,1,5,0.31,1597,1628,1590,24776,39736330,20170166832,12590616,KSQ,ME005
372800,KR7372800003,아이티아이즈,KOSDAQ,벤처기업부,2860,1,30,1.06,2830,2860,2760,4196,11893755,20126360540,7037189,KSQ,ME005
065060,KR7065060006,지엔코,KOSDAQ,중견기업부,3355,1,5,0.15,3470,3470,3280,4315,14459565,20097745030,5990386,KSQ,ME005
154030,KR7154030001,아시아종묘,KOSDAQ,벤처기업부,1665,2,-32,-1.89,1697,1697,1650,4067,6760186,20083008555,12061867,KSQ,ME005
347770,KR7347770000,핌스,KOSDAQ,중견기업부,886,2,-8,-0.89,886,894,876,18162,16024598,20076495972,22659702,KSQ,ME005
093240,KR7093240000,형지엘리트,KOSPI,,327,1,15,4.81,305,339,305,682417,221858163,20074614693,61390259,STK,ME005
043590,KR7043590009,웰킵스하이텍,KOSDAQ,중견기업부,1474,2,-5,-0.34,1479,1479,1470,2445,3604668,19999793594,13568381,KSQ,ME005
050090,KR7050090000,비케이홀딩스,KOSDAQ,관리종목(소속부없음),848,2,-52,-5.78,905,950,833,64338,56049491,19957455280,23534735,KSQ,ME005
014100,KR7014100002,메디앙스,KOSDAQ,중견기업부,1689,2,-1,-0.06,1690,1690,1655,840,1404284,19930200000,11800000,KSQ,ME005
00499K,KR700499K014,롯데지주우,KOSPI,,24700,3,0,0.0,24700,24750,24350,67,1654500,19898394100,805603,STK,ME005
080470,KR7080470008,성창오토텍,KOSDAQ,벤처기업부,2725,2,-40,-1.45,2815,2815,2715,2216,6081410,19892500000,7300000,KSQ,ME005
015020,KR7015020001,이스타코,KOSPI,,928,3,0,0.0,0,0,0,0,0,19883142400,21425800,STK,ME005
098660,KR7098660004,에스티오,KOSDAQ,중견기업부,1590,2,-10,-0.63,1589,1592,1572,420,667455,19876551840,12500976,KSQ,ME005
001685,KR7001681006,대상우,KOSPI,,14500,1,10,0.07,14700,14700,14440,272,3932970,19868233500,1370223,STK,ME005
322970,KR7322970005,무진메디,KONEX,일반기업부,1965,3,0,0.0,0,0,0,0,0,19818378885,10085689,KNX,ME005
438700,KR7438700007,버넥트,KOSDAQ,기술성장기업부,1775,2,-30,-1.66,1805,1816,1756,12205,21813559,19782179750,11144890,KSQ,ME005
355390,KR7355390006,크라우드웍스,KOSDAQ,기술성장기업부,1244,1,40,3.32,1204,1495,1204,865933,1158892821,19747683936,15874344,KSQ,ME005
113810,KR7113810006,디젠스,KOSDAQ,중견기업부,3020,1,20,0.67,2985,3040,2945,4901,14655122,19707342200,6525610,KSQ,ME005
455180,KR7455180000,케이지에이,KOSDAQ,벤처기업부,1339,1,29,2.21,1309,1363,1232,27762,35880793,19695263965,14708935,KSQ,ME005
021040,KR7021040001,대호특수강,KOSDAQ,중견기업부,907,2,-20,-2.16,927,946,900,2753,2548898,19686230018,21704774,KSQ,ME005
115610,KR7115610008,이미지스,KOSDAQ,벤처기업부,1650,1,20,1.23,1630,1723,1619,56372,94343112,19500968850,11818769,KSQ,ME005
054410,KR7054410006,케이피티유,KOSDAQ,중견기업부,3405,2,-5,-0.15,3375,3420,3375,175,594615,19498541820,5726444,KSQ,ME005
274400,KR7274400001,이노시뮬레이션,KOSDAQ,기술성장기업부,2145,1,80,3.87,2100,2170,2075,4140,8761821,19490527485,9086493,KSQ,ME005
403490,KR7403490006,우듬지팜,KOSDAQ,벤처기업부,2115,2,-30,-1.4,2230,2230,2110,3269,6997700,19429430580,9186492,KSQ,ME005
073190,KR7073190001,듀오백,KOSDAQ,관리종목(소속부없음),1622,3,0,0.0,0,0,0,0,0,19412160880,11968040,KSQ,ME005
365900,KR7365900000,브이씨,KOSDAQ,벤처기업부,2640,2,-45,-1.68,2605,2670,2605,16673,43885595,19299192000,7310300,KSQ,ME005
050760,KR7050760008,에스폴리텍,KOSDAQ,중견기업부,1178,2,-52,-4.23,1230,1230,1177,49133,58459970,19242250684,16334678,KSQ,ME005
067770,KR7067770008,세진티에스,KOSDAQ,관리종목(소속부없음),2290,2,-90,-3.78,2260,2390,2070,65670,145060458,19228197970,8396593,KSQ,ME005
195990,KR7195990007,루트K,KOSDAQ,관리종목(소속부없음),1180,1,5,0.43,1209,1209,1174,5196,6147226,19219691320,16287874,KSQ,ME005
023790,KR7023790009,동일스틸럭스,KOSDAQ,중견기업부,1470,2,-40,-2.65,1500,1530,1469,120182,178548868,19212617760,13069808,KSQ,ME005
214610,KR7214610008,롤링스톤,KOSDAQ,관리종목(소속부없음),2290,3,0,0.0,0,0,0,0,0,19197807380,8383322,KSQ,ME005
037400,KR7037400009,우리엔터프라이즈,KOSDAQ,관리종목(소속부없음),3660,2,-15,-0.41,3680,3685,3650,5457,19994805,19195488540,5244669,KSQ,ME005
079950,KR7079950002,인베니아,KOSDAQ,관리종목(소속부없음),1389,2,-19,-1.35,1408,1408,1341,24949,34292378,19166949900,13799100,KSQ,ME005
434190,KR7434190005,탈로스,KONEX,일반기업부,2595,3,0,0.0,2590,2595,2590,31,80295,19123681230,7369434,KNX,ME005
006050,KR7006050009,국영지앤엠,KOSDAQ,중견기업부,5480,1,130,2.43,5450,5600,5450,14764,81284510,19122591520,3489524,KSQ,ME005
196700,KR7196700009,웹스,KOSDAQ,벤처기업부,1331,1,38,2.94,1315,1350,1315,28714,38122406,19118675664,14364144,KSQ,ME005
137940,KR7137940003,넥스트아이,KOSDAQ,중견기업부,1944,2,-8,-0.41,1945,1952,1936,2083,4055776,19074658248,9812067,KSQ,ME005
419540,KR7419540000,비스토스,KOSDAQ,벤처기업부,3200,1,65,2.07,3140,3270,3075,4733,14907019,19066409600,5958253,KSQ,ME005
101400,KR7101400000,엔시트론,KOSDAQ,중견기업부,1622,2,-18,-1.1,1642,1660,1600,21523,34888751,19045180136,11741788,KSQ,ME005
096870,KR7096870001,엘디티,KOSDAQ,벤처기업부,2270,1,35,1.57,2235,2295,2195,4074,9134775,18949957730,8347999,KSQ,ME005
048830,KR7048830004,엔피케이,KOSDAQ,중견기업부,1004,1,1,0.1,1039,1039,990,7161,7182412,18798818692,18723923,KSQ,ME005
252500,KR7252500004,세화피앤씨,KOSDAQ,중견기업부,2265,2,-20,-0.88,2300,2300,2255,5908,13422485,18793334670,8297278,KSQ,ME005
031860,KR7031860000,디에이치엑스컴퍼니,KOSDAQ,관리종목(소속부없음),6930,3,0,0.0,0,0,0,0,0,18714756060,2700542,KSQ,ME005
069920,KR7069920007,엑시온그룹,KOSDAQ,관리종목(소속부없음),1213,2,-1,-0.08,1210,1259,1190,56112,67896395,18705133215,15420555,KSQ,ME005
108675,KR7108671009,LX하우시스우,KOSPI,,18110,2,-280,-1.52,18340,18400,18040,436,7939660,18695496300,1032330,STK,ME005
006200,KR7006200000,한국전자홀딩스,KOSPI,,1997,1,139,7.48,1858,2070,1778,152861,302298160,18693172119,9360627,STK,ME005
222670,KR7222670002,플럼라인생명과학,KONEX,일반기업부,4635,3,0,0.0,0,0,0,0,0,18692639820,4032932,KNX,ME005
056730,KR7056730005,CNT85,KOSDAQ,중견기업부,1261,1,6,0.48,1244,1261,1240,7210,9008721,18690840857,14822237,KSQ,ME005
110020,KR7110020005,전진바이오팜,KOSDAQ,기술성장기업부,2050,1,5,0.24,2045,2095,2025,1145,2338135,18570462100,9058762,KSQ,ME005
018620,KR7018620005,우진비앤지,KOSDAQ,벤처기업부,2652,1,12,0.45,2645,2675,2645,1173,3111599,18386268264,6932982,KSQ,ME005
317860,KR7317860005,노드메이슨,KONEX,일반기업부,4000,3,0,0.0,0,0,0,0,0,18052860000,4513215,KNX,ME005
083470,KR7083470005,이엠앤아이,KOSDAQ,벤처기업부,844,3,0,0.0,843,873,824,38470,32449356,18011237676,21340329,KSQ,ME005
060480,KR7060480001,국일신동,KOSDAQ,관리종목(소속부없음),1620,1,20,1.25,1600,1626,1560,50017,80132707,17965800000,11090000,KSQ,ME005
279600,KR7279600001,미디어젠,KOSDAQ,벤처기업부,3820,2,-10,-0.26,3830,3830,3780,134,513160,17895863420,4684781,KSQ,ME005
088290,KR7088290002,이원컴포텍,KOSDAQ,관리종목(소속부없음),2240,2,-15,-0.67,2345,2345,2140,4467,9670075,17866401280,7976072,KSQ,ME005
373110,KR7373110006,엑셀세라퓨틱스,KOSDAQ,기술성장기업부,1028,1,11,1.08,1017,1030,1003,14524,14774472,17778637032,17294394,KSQ,ME005
405000,KR7405000001,플라즈맵,KOSDAQ,벤처기업부,3300,2,-155,-4.49,3480,3675,3260,23657,81500730,17732655600,5373532,KSQ,ME005
008600,KR7008600009,윌비스,KOSPI,,2620,3,0,0.0,0,0,0,0,0,17615839860,6723603,STK,ME005
009440,KR7009440009,KC그린홀딩스,KOSPI,,756,3,0,0.0,0,0,0,0,0,17568790596,23239141,STK,ME005
052960,KR7052960002,태양3C,KONEX,일반기업부,3585,3,0,0.0,0,0,0,0,0,17520174630,4887078,KNX,ME005
0197V0,KR70197V0000,엔에이치스팩34호,KOSDAQ,SPAC(소속부없음),1931,2,-3,-0.16,1937,1938,1930,202556,391193180,17475550000,9050000,KSQ,ME005
335870,KR7335870002,윙스풋,KOSDAQ,중견기업부,5180,1,110,2.17,5070,5560,5050,1202,6326230,17353486920,3350094,KSQ,ME005
900120,KYG2114A1094,씨엑스아이,KOSDAQ,관리종목(소속부없음),1040,3,0,0.0,0,0,0,0,0,17336446400,16669660,KSQ,ME005
309930,KR7309930006,조이웍스앤코,KOSDAQ,중견기업부,890,1,4,0.45,878,946,862,37244,33243978,17137741210,19255889,KSQ,ME005
002820,KR7002820009,SUN&L,KOSPI,,1414,2,-58,-3.94,1486,1486,1410,41483,59221036,17057370456,12063204,STK,ME005
034940,KR7034940007,조아제약,KOSDAQ,중견기업부,2740,2,-25,-0.9,2825,2825,2690,31139,85247567,16976944100,6195965,KSQ,ME005
482680,KR7482680006,미래에셋비전스팩7호,KOSDAQ,SPAC(소속부없음),2055,3,0,0.0,0,0,0,0,0,16881825000,8215000,KSQ,ME005
002360,KR7002360006,SH에너지화학,KOSPI,,1519,1,4,0.26,1577,1577,1505,6590,9986704,16881213587,11113373,STK,ME005
210120,KR7210120002,캔버스엔,KOSDAQ,중견기업부,1741,1,125,7.74,1675,1955,1654,151587,278059917,16878979331,9694991,KSQ,ME005
477380,KR7477380000,미래에셋비전스팩4호,KOSDAQ,SPAC(소속부없음),2075,3,0,0.0,2075,2075,2070,433,896900,16807500000,8100000,KSQ,ME005
241820,KR7241820000,피씨엘,KOSDAQ,관리종목(소속부없음),6040,3,0,0.0,0,0,0,0,0,16803871920,2782098,KSQ,ME005
225590,KR7225590009,패션플랫폼,KOSDAQ,관리종목(소속부없음),3260,2,-45,-1.36,3225,3395,3195,12198,39879439,16695685760,5121376,KSQ,ME005
377220,KR7377220009,프롬바이오,KOSDAQ,기술성장기업부,2945,1,30,1.03,2900,2975,2855,9999,29041373,16674590000,5662000,KSQ,ME005
002680,KR7002680007,한탑,KOSDAQ,관리종목(소속부없음),2575,2,-95,-3.56,2670,2790,2510,33569,86652535,16643149425,6463359,KSQ,ME005
065650,KR7065650004,하이퍼코퍼레이션,KOSDAQ,중견기업부,1518,2,-8,-0.52,1516,1519,1511,2649,4015602,16616008266,10945987,KSQ,ME005
020400,KR7020400008,대동금속,KOSDAQ,중견기업부,2735,2,-65,-2.32,2825,2825,2720,9074,25176780,16611110020,6073532,KSQ,ME005
0070X0,KR70070X0000,에스테크엠,KONEX,일반기업부,11000,3,0,0.0,12000,12650,9380,156,1607950,16610000000,1510000,KNX,ME005
254160,KR7254160005,제이엠멀티,KONEX,일반기업부,3200,3,0,0.0,3200,3200,3200,2,6400,16512000000,5160000,KNX,ME005
476710,KR7476710009,타조이엔터테인먼트,KONEX,일반기업부,16510,3,0,0.0,0,0,0,0,0,16510000000,1000000,KNX,ME005
103230,KR7103230009,에스앤더블류,KOSDAQ,관리종목(소속부없음),2290,2,-30,-1.29,2290,2330,2245,14047,32106310,16488000000,7200000,KSQ,ME005
376930,KR7376930004,노을,KOSDAQ,관리종목(소속부없음),1593,1,168,11.79,1480,1705,1425,281463,445985253,16341414552,10258264,KSQ,ME005
18064K,KR718064K016,한진칼우,KOSPI,,30200,2,-800,-2.58,30250,31000,30200,416,12607850,16014969400,530297,STK,ME005
078860,KR7078860004,아이오케이이엔엠,KOSDAQ,투자주의환기종목(소속부없음),2590,1,5,0.19,2640,2690,2500,13850,35755770,15998916920,6177188,KSQ,ME005
289010,KR7289010001,아이스크림에듀,KOSDAQ,관리종목(소속부없음),1144,1,4,0.35,1131,1148,1131,50131,57259522,15953372864,13945256,KSQ,ME005
009730,KR7009730003,이렘,KOSDAQ,투자주의환기종목(소속부없음),1999,1,9,0.45,1978,2050,1975,14770,29528979,15943030497,7975503,KSQ,ME005
379390,KR7379390008,이성씨엔아이,KONEX,일반기업부,5600,3,0,0.0,0,0,0,0,0,15912176000,2841460,KNX,ME005
131100,KR7131100000,티엔엔터테인먼트,KOSDAQ,중견기업부,2445,2,-55,-2.2,2480,2480,2430,3815,9377765,15768646080,6449344,KSQ,ME005
351020,KR7351020003,미쥬,KONEX,일반기업부,7570,2,-220,-2.82,7570,7570,7570,133,1006810,15707750000,2075000,KNX,ME005
223310,KR7223310004,사토시홀딩스,KOSDAQ,투자주의환기종목(소속부없음),3000,2,-70,-2.28,3260,3260,2925,14062,42427490,15613926000,5204642,KSQ,ME005
0072Z0,KR70072Z0006,KB제33호스팩,KOSDAQ,SPAC(소속부없음),1969,2,-4,-0.2,1984,1984,1968,5670,11207251,15525565000,7885000,KSQ,ME005
477340,KR7477340004,에이치엠씨제7호스팩,KOSDAQ,SPAC(소속부없음),2060,3,0,0.0,2060,2065,2060,1440,2969500,15470600000,7510000,KSQ,ME005
005725,KR7005721006,넥센우,KOSPI,,4295,2,-5,-0.12,4295,4295,4295,501,2151795,15464577000,3600600,STK,ME005
306040,KR7306040007,에스제이그룹,KOSDAQ,관리종목(소속부없음),1665,2,-25,-1.48,1690,1690,1605,39001,63817964,15462928260,9287044,KSQ,ME005
179720,KR7179720008,머니무브,KONEX,일반기업부,5600,2,-400,-6.67,5600,5600,5600,10,56000,15400100800,2750018,KNX,ME005
0101C0,KR70101C0008,하나36호스팩,KOSDAQ,SPAC(소속부없음),1970,3,0,0.0,1970,1974,1970,423,833428,15247800000,7740000,KSQ,ME005
0130H0,KR70130H0008,엔에이치스팩33호,KOSDAQ,SPAC(소속부없음),1975,2,-7,-0.35,1982,1982,1970,753,1487757,15207500000,7700000,KSQ,ME005
009620,KR7009620006,삼보산업,KOSDAQ,투자주의환기종목(소속부없음),870,3,0,0.0,0,0,0,0,0,15201551760,17473048,KSQ,ME005
002025,KR7002021004,코오롱우,KOSPI,,13080,2,-110,-0.83,13180,13180,12920,63,819590,15178515960,1160437,STK,ME005
030350,KR7030350003,드래곤플라이,KOSDAQ,관리종목(소속부없음),973,3,0,0.0,0,0,0,0,0,15171092867,15592079,KSQ,ME005
177350,KR7177350006,베셀,KOSDAQ,투자주의환기종목(소속부없음),1517,2,-110,-6.76,1634,1634,1488,58121,88788178,15042345967,9915851,KSQ,ME005
354200,KR7354200008,엔젠바이오,KOSDAQ,기술성장기업부,1683,1,34,2.06,1765,1886,1496,3436963,5857377780,15040269189,8936583,KSQ,ME005
0044K0,KR70044K0008,삼성스팩10호,KOSDAQ,SPAC(소속부없음),1988,2,-2,-0.1,1991,1992,1982,1259,2504878,14949760000,7520000,KSQ,ME005
169670,KR7169670007,코스텍시스템,KONEX,일반기업부,5200,1,200,4.0,5200,5200,5190,105,545550,14915685200,2868401,KNX,ME005
475460,KR7475460002,미트박스,KOSDAQ,벤처기업부,2635,2,-130,-4.7,2900,3370,2625,711235,2148172155,14878593375,5646525,KSQ,ME005
473050,KR7473050003,유안타제15호스팩,KOSDAQ,관리종목(소속부없음),2105,3,0,0.0,2100,2105,2100,2526,5304925,14756050000,7010000,KSQ,ME005
005257,KR7005252002,녹십자홀딩스2우,KOSPI,,17400,2,-490,-2.74,17900,17900,17400,11,192900,14720226000,845990,STK,ME005
0115H0,KR70115H0007,삼성스팩13호,KOSDAQ,SPAC(소속부없음),1997,1,11,0.55,1986,1998,1980,535,1062322,14677950000,7350000,KSQ,ME005
176590,KR7176590008,코나솔,KONEX,일반기업부,2500,1,100,4.17,2400,2700,2400,121,305195,14590957500,5836383,KNX,ME005
489480,KR7489480004,키움제11호스팩,KOSDAQ,SPAC(소속부없음),2200,3,0,0.0,0,0,0,0,0,14520000000,6600000,KSQ,ME005
208850,KR7208850008,이비테크,KONEX,일반기업부,5100,3,0,0.0,0,0,0,0,0,14383275000,2820250,KNX,ME005
478440,KR7478440001,미래에셋비전스팩6호,KOSDAQ,SPAC(소속부없음),2070,1,5,0.24,2060,2070,2055,3474,7156480,14345100000,6930000,KSQ,ME005
479880,KR7479880007,한국제15호스팩,KOSDAQ,SPAC(소속부없음),2070,2,-5,-0.24,2075,2075,2070,180,372995,14220900000,6870000,KSQ,ME005
0165X0,KR70165X0006,메리츠제2호스팩,KOSDAQ,SPAC(소속부없음),1949,2,-1,-0.05,1953,1953,1945,2039,3970391,14110760000,7240000,KSQ,ME005
000087,KR7000082008,하이트진로2우B,KOSPI,,12360,2,-50,-0.4,12400,12400,12360,73,902920,13968505680,1130138,STK,ME005
079190,KR7079190005,케스피온,KOSDAQ,관리종목(소속부없음),1448,2,-25,-1.7,1473,1539,1350,23758,33570959,13884695344,9588878,KSQ,ME005
001795,KR7001791003,대한제당우,KOSPI,,2140,3,0,0.0,2140,2195,2140,8083,17331015,13873106400,6482760,STK,ME005
0099W0,KR70099W0008,미래에셋비전스팩11호,KOSDAQ,SPAC(소속부없음),1970,1,1,0.05,1983,1983,1969,1675,3299366,13790000000,7000000,KSQ,ME005
285800,KR7285800009,진영,KOSDAQ,벤처기업부,3805,2,-270,-6.63,3960,4000,3795,33683,130754419,13674340510,3593782,KSQ,ME005
304840,KR7304840002,피플바이오,KOSDAQ,벤처기업부,561,3,0,0.0,0,0,0,0,0,13643890260,24320660,KSQ,ME005
352770,KR7352770002,셀레스트라,KOSDAQ,관리종목(소속부없음),5250,3,0,0.0,0,0,0,0,0,13610136750,2592407,KSQ,ME005
239340,KR7239340003,이스트에이드,KOSDAQ,관리종목(소속부없음),504,3,0,0.0,0,0,0,0,0,13597735536,26979634,KSQ,ME005
418620,KR7418620001,E8,KOSDAQ,관리종목(소속부없음),683,2,-58,-7.83,741,778,624,923511,625391153,13557875791,19850477,KSQ,ME005
015260,KR7015260003,에이엔피,KOSPI,,286,1,3,1.06,283,299,283,396401,114274858,13475431684,47116894,STK,ME005
024890,KR7024890006,대원화성,KOSPI,,1633,2,-32,-1.92,1639,1674,1576,9079,14676095,13471972390,8249830,STK,ME005
028080,KR7028080000,휴맥스홀딩스,KOSDAQ,관리종목(소속부없음),5310,1,210,4.12,4950,5380,4950,2554,13475690,13436137260,2530346,KSQ,ME005
244460,KR7244460002,올리패스,KOSDAQ,관리종목(소속부없음),1651,3,0,0.0,0,0,0,0,0,13415218661,8125511,KSQ,ME005
0134X0,KR70134X0004,대신밸런스제20호스팩,KOSDAQ,SPAC(소속부없음),1978,1,3,0.15,1979,1979,1972,3816,7530285,13331720000,6740000,KSQ,ME005
456190,KR7456190008,큐라켐,KONEX,일반기업부,7210,3,0,0.0,0,0,0,0,0,13225202060,1834286,KNX,ME005
0164H0,KR70164H0007,한국제16호스팩,KOSDAQ,SPAC(소속부없음),1954,2,-4,-0.2,1957,1959,1953,871,1702855,13189500000,6750000,KSQ,ME005
060260,KR7060260007,뉴보텍,KOSDAQ,관리종목(소속부없음),985,2,-14,-1.4,999,1015,975,8951,8776484,13142220660,13342356,KSQ,ME005
481890,KR7481890002,엔에이치스팩31호,KOSDAQ,SPAC(소속부없음),2070,3,0,0.0,2075,2075,2070,43,89020,13134150000,6345000,KSQ,ME005
0096B0,KR70096B0006,삼성스팩12호,KOSDAQ,SPAC(소속부없음),1988,1,1,0.05,1987,1988,1980,1542,3062544,13081040000,6580000,KSQ,ME005
233990,KR7233990001,질경이,KONEX,일반기업부,809,1,105,14.91,809,809,704,215,173630,13047984006,16128534,KNX,ME005
0099X0,KR70099X0007,IBKS제25호스팩,KOSDAQ,SPAC(소속부없음),2180,3,0,0.0,0,0,0,0,0,13036400000,5980000,KSQ,ME005
45226K,KR745226K018,한화갤러리아우,KOSPI,,4450,1,170,3.97,4320,4450,4230,1606,7071480,12924891500,2904470,STK,ME005
478390,KR7478390008,KB제29호스팩,KOSDAQ,SPAC(소속부없음),2075,3,0,0.0,2070,2075,2060,226,467615,12906500000,6220000,KSQ,ME005
0097F0,KR70097F0001,미래에셋비전스팩10호,KOSDAQ,SPAC(소속부없음),1983,3,0,0.0,1972,1983,1972,10669,21041564,12889500000,6500000,KSQ,ME005
489730,KR7489730002,디비금융제13호스팩,KOSDAQ,SPAC(소속부없음),2035,3,0,0.0,2030,2035,2030,1314,2668990,12885620000,6332000,KSQ,ME005
303030,KR7303030001,지니틱스,KOSDAQ,관리종목(소속부없음),1397,2,-15,-1.06,1478,1478,1356,11708,16159307,12792993972,9157476,KSQ,ME005
054180,KR7054180005,메디콕스,KOSDAQ,관리종목(소속부없음),2295,3,0,0.0,0,0,0,0,0,12686716395,5527981,KSQ,ME005
492220,KR7492220009,KB제31호스팩,KOSDAQ,SPAC(소속부없음),2035,3,0,0.0,2035,2035,2020,252,510540,12637350000,6210000,KSQ,ME005
0093G0,KR70093G0004,미래에셋비전스팩8호,KOSDAQ,SPAC(소속부없음),1971,3,0,0.0,1971,1987,1971,10550,20795540,12614400000,6400000,KSQ,ME005
482520,KR7482520004,교보16호스팩,KOSDAQ,SPAC(소속부없음),2065,3,0,0.0,2065,2065,2050,139,285840,12596500000,6100000,KSQ,ME005
0037T0,KR70037T0008,KB제32호스팩,KOSDAQ,SPAC(소속부없음),1987,2,-1,-0.05,1992,1992,1985,280,557125,12577710000,6330000,KSQ,ME005
00806K,KR700806K010,대덕1우,KOSPI,,10370,2,-70,-0.67,10440,10440,10350,710,7375640,12572142090,1212357,STK,ME005
145995,KR7145991006,삼양사우,KOSPI,,33650,3,0,0.0,33600,33650,33600,378,12717100,12452855500,370070,STK,ME005
0131D0,KR70131D0001,키움히어로제2호스팩,KOSDAQ,SPAC(소속부없음),1965,2,-1,-0.05,1966,1973,1958,1791,3517848,12399150000,6310000,KSQ,ME005
0054V0,KR70054V0002,엔에이치스팩32호,KOSDAQ,SPAC(소속부없음),1992,1,1,0.05,2005,2005,1991,1913,3811698,12383268000,6216500,KSQ,ME005
065570,KR7065570004,삼영이엔씨,KOSDAQ,관리종목(소속부없음),764,3,0,0.0,0,0,0,0,0,12295692232,16093838,KSQ,ME005
0091W0,KR70091W0006,신영스팩11호,KOSDAQ,SPAC(소속부없음),2015,2,-10,-0.49,2020,2020,2015,24520,49408435,12227020000,6068000,KSQ,ME005
477760,KR7477760003,DB금융스팩12호,KOSDAQ,SPAC(소속부없음),2070,3,0,0.0,2070,2070,2065,135,279330,12088800000,5840000,KSQ,ME005
0088D0,KR70088D0004,메리츠제1호스팩,KOSDAQ,SPAC(소속부없음),2075,1,10,0.48,2075,2075,2075,7,14525,12024625000,5795000,KSQ,ME005
0041L0,KR70041L0000,하나35호스팩,KOSDAQ,SPAC(소속부없음),1992,1,1,0.05,1994,1994,1992,32,63746,12011760000,6030000,KSQ,ME005
0132G0,KR70132G0007,교보20호스팩,KOSDAQ,SPAC(소속부없음),1988,1,9,0.45,1979,1997,1977,1646,3257335,11868360000,5970000,KSQ,ME005
251280,KR7251280004,안지오랩,KONEX,일반기업부,3390,2,-155,-4.37,3300,3390,3100,183,581180,11837439300,3491870,KNX,ME005
469900,KR7469900005,하나31호스팩,KOSDAQ,관리종목(소속부없음),2100,3,0,0.0,2100,2105,2100,16793,35266352,11770500000,5605000,KSQ,ME005
482690,KR7482690005,대신밸런스제19호스팩,KOSDAQ,SPAC(소속부없음),2075,1,5,0.24,2065,2075,2065,1806,3746475,11651125000,5615000,KSQ,ME005
035620,KR7035620004,바른손이앤에이,KOSDAQ,관리종목(소속부없음),624,1,7,1.13,670,678,618,124173,78771913,11612588832,18609918,KSQ,ME005
084695,KR7084691005,대상홀딩스우,KOSPI,,12650,2,-30,-0.24,12680,12810,12650,1385,17549670,11555547300,913482,STK,ME005
217320,KR7217320001,썬테크,KONEX,일반기업부,11000,3,0,0.0,0,0,0,0,0,11550000000,1050000,KNX,ME005
474660,KR7474660008,신한제12호스팩,KOSDAQ,SPAC(소속부없음),2090,3,0,0.0,2085,2090,2085,67,140000,11536800000,5520000,KSQ,ME005
131760,KR7131760001,파인텍,KOSDAQ,관리종목(소속부없음),1321,1,20,1.54,1290,1380,1273,50432,67344604,11474623436,8686316,KSQ,ME005
474490,KR7474490000,유안타제16호스팩,KOSDAQ,SPAC(소속부없음),2080,1,5,0.24,2075,2080,2075,63,131030,11460800000,5510000,KSQ,ME005
487360,KR7487360000,신한제14호스팩,KOSDAQ,SPAC(소속부없음),2030,1,10,0.5,2025,2030,2025,639,1295075,11449200000,5640000,KSQ,ME005
0071M0,KR70071M0002,삼성스팩11호,KOSDAQ,SPAC(소속부없음),1987,1,6,0.3,1981,1988,1975,493,977510,11445120000,5760000,KSQ,ME005
477470,KR7477470009,미래에셋비전스팩5호,KOSDAQ,SPAC(소속부없음),2075,3,0,0.0,2075,2075,2075,12,24900,11371000000,5480000,KSQ,ME005
0105P0,KR70105P0009,유진스팩12호,KOSDAQ,SPAC(소속부없음),1989,1,7,0.35,1979,1998,1979,44,87365,11257740000,5660000,KSQ,ME005
004105,KR7004101002,태양금속우,KOSPI,,3405,3,0,0.0,3410,3435,3355,2908,9836740,11236500000,3300000,STK,ME005
496070,KR7496070004,신한제16호스팩,KOSDAQ,SPAC(소속부없음),1993,2,-1,-0.05,1994,1995,1992,10385,20697682,11200660000,5620000,KSQ,ME005
149010,KR7149010001,아이케이세미콘,KONEX,일반기업부,3585,3,0,0.0,0,0,0,0,0,11185200000,3120000,KNX,ME005
288980,KR7288980006,모아데이타,KOSDAQ,관리종목(소속부없음),305,1,53,21.03,256,320,253,6707402,2004492780,11096320595,36381379,KSQ,ME005
0129K0,KR70129K0006,신한제18호스팩,KOSDAQ,SPAC(소속부없음),1969,1,2,0.1,1964,1970,1962,5351,10505705,11065780000,5620000,KSQ,ME005
086220,KR7086220001,광동헬스바이오,KONEX,일반기업부,870,3,0,0.0,870,870,870,1,870,11038442550,12687865,KNX,ME005
217880,KR7217880004,틸론,KONEX,일반기업부,1025,2,-2,-0.19,1095,1095,974,3413,3384675,10995472250,10727290,KNX,ME005
486630,KR7486630007,KB제30호스팩,KOSDAQ,SPAC(소속부없음),2050,3,0,0.0,2055,2055,2040,1350,2767350,10885500000,5310000,KSQ,ME005
092600,KR7092600006,앤씨앤,KOSDAQ,관리종목(소속부없음),2165,1,30,1.41,2135,2300,2005,66381,145399133,10861161995,5016703,KSQ,ME005
38380K,KR738380K012,LX홀딩스1우,KOSPI,,7400,1,80,1.09,7440,7440,7290,299,2182720,10843109000,1465285,STK,ME005
0096D0,KR70096D0004,미래에셋비전스팩9호,KOSDAQ,SPAC(소속부없음),1964,2,-11,-0.56,1982,1982,1957,1788,3517711,10802000000,5500000,KSQ,ME005
00781K,KR700781K015,코리아써키트2우B,KOSPI,,13730,2,-20,-0.15,13550,13730,13550,26,352480,10760187270,783699,STK,ME005
493790,KR7493790000,유안타제17호스팩,KOSDAQ,SPAC(소속부없음),2020,3,0,0.0,2020,2020,2020,90,181800,10726200000,5310000,KSQ,ME005
0098T0,KR70098T0004,교보19호스팩,KOSDAQ,SPAC(소속부없음),1986,2,-1,-0.05,1991,1991,1986,575,1144629,10724400000,5400000,KSQ,ME005
0004Y0,KR70004Y0000,디비금융제14호스팩,KOSDAQ,SPAC(소속부없음),2000,1,7,0.35,2005,2005,2000,82,164185,10630000000,5315000,KSQ,ME005
142760,KR7142760008,모아라이프플러스,KOSDAQ,관리종목(소속부없음),504,1,1,0.2,502,551,476,212045,110598453,10626078960,21083490,KSQ,ME005
489210,KR7489210005,교보17호스팩,KOSDAQ,SPAC(소속부없음),2035,3,0,0.0,2035,2040,2030,1991,4051760,10541300000,5180000,KSQ,ME005
0130D0,KR70130D0002,신한제17호스팩,KOSDAQ,SPAC(소속부없음),1970,1,3,0.15,1970,1970,1970,3,5910,10519800000,5340000,KSQ,ME005
043100,KR7043100007,알파AI,KOSDAQ,관리종목(소속부없음),520,3,0,0.0,0,0,0,0,0,10457241600,20110080,KSQ,ME005
012340,KR7012340006,뉴인텍,KOSDAQ,관리종목(소속부없음),471,1,25,5.61,475,520,462,842146,414497677,10383097503,22044793,KSQ,ME005
478110,KR7478110000,이베스트스팩6호,KOSDAQ,SPAC(소속부없음),2055,3,0,0.0,2055,2055,2055,54,110970,10316100000,5020000,KSQ,ME005
466690,KR7466690005,키움히어로제1호스팩,KOSDAQ,SPAC(소속부없음),2005,3,0,0.0,2005,2005,1990,1792,3576790,10215475000,5095000,KSQ,ME005
001067,KR7001062009,JW중외제약2우B,KOSPI,,48350,3,0,0.0,0,0,0,0,0,10152194550,209973,STK,ME005
0041B0,KR70041B0002,교보18호스팩,KOSDAQ,SPAC(소속부없음),2005,3,0,0.0,2005,2005,2000,1924,3857540,10105200000,5040000,KSQ,ME005
498390,KR7498390004,한화플러스제5호스팩,KOSDAQ,SPAC(소속부없음),2035,3,0,0.0,0,0,0,0,0,10093600000,4960000,KSQ,ME005
305090,KR7305090003,마이크로디지탈,KOSDAQ,투자주의환기종목(소속부없음),538,3,0,0.0,0,0,0,0,0,10087410692,18749834,KSQ,ME005
189350,KR7189350002,코셋,KONEX,일반기업부,2100,1,150,7.69,2100,2100,2100,5,10500,10080000000,4800000,KNX,ME005
900100,USU652221081,파이온엑스,KOSDAQ,관리종목(소속부없음),1905,3,0,0.0,1950,1974,1905,7244,13835397,10050875250,5276050,KSQ,ME005
001770,KR7001770007,SHD,KOSPI,,8270,2,-1530,-15.61,11500,12460,8010,420010,4341109960,10047041060,1214878,STK,ME005
289170,KR7289170003,바이오텐,KONEX,일반기업부,2800,2,-100,-3.45,3100,3100,2800,3,8700,10014729200,3576689,KNX,ME005
224760,KR7224760009,엔에스컴퍼니,KONEX,일반기업부,2535,3,0,0.0,0,0,0,0,0,9987139500,3939700,KNX,ME005
003075,KR7003071008,코오롱글로벌우,KOSPI,,13480,1,10,0.07,13480,13740,13380,70,945240,9985134760,740737,STK,ME005
114920,KR7114920002,대주이엔티,KONEX,일반기업부,2855,1,365,14.66,2855,2855,2855,1,2855,9905422500,3469500,KNX,ME005
208640,KR7208640003,썸에이지,KOSDAQ,관리종목(소속부없음),711,2,-11,-1.52,722,766,701,41544,30421532,9899981775,13924025,KSQ,ME005
238500,KR7238500003,솔루믹스,KONEX,일반기업부,475,3,0,0.0,0,0,0,0,0,9883469400,20807304,KNX,ME005
004255,KR7004251005,NPC우,KOSPI,,1870,1,18,0.97,1857,1880,1857,477,891380,9873600000,5280000,STK,ME005
019685,KR7019681006,대교우B,KOSPI,,1007,1,3,0.3,1003,1028,1002,8232,8327044,9781489465,9713495,STK,ME005
250930,KR7250930005,예선테크,KOSDAQ,관리종목(소속부없음),1473,2,-12,-0.81,1355,1485,1355,3715,5214151,9721929624,6600088,KSQ,ME005
488060,KR7488060005,유진스팩11호,KOSDAQ,SPAC(소속부없음),2040,3,0,0.0,2040,2045,2030,565,1153845,9628800000,4720000,KSQ,ME005
106080,KR7106080005,케이이엠텍,KOSDAQ,관리종목(소속부없음),1650,3,0,0.0,0,0,0,0,0,9506998050,5761817,KSQ,ME005
145210,KR7145210001,다이나믹디자인,KOSPI,,2240,3,0,0.0,0,0,0,0,0,9461011840,4223666,STK,ME005
065770,KR7065770000,CS,KOSDAQ,관리종목(소속부없음),881,2,-11,-1.23,892,900,832,177109,151945150,9263771384,10515064,KSQ,ME005
001000,KR7001000009,신라섬유,KOSDAQ,관리종목(소속부없음),1899,1,105,5.85,1796,1909,1796,50644,94888328,9220609692,4855508,KSQ,ME005
484130,KR7484130000,하나34호스팩,KOSDAQ,SPAC(소속부없음),2035,3,0,0.0,2035,2055,2035,1584,3223710,9198200000,4520000,KSQ,ME005
216400,KR7216400002,인바이츠바이오코아,KONEX,일반기업부,1190,1,110,10.19,1242,1242,1000,87,103432,9176464850,7711315,KNX,ME005
240600,KR7240600007,유진테크놀로지,KOSDAQ,관리종목(소속부없음),1101,2,-180,-14.05,1287,1373,1002,207912,231424262,9137650410,8299410,KSQ,ME005
001755,KR7001751007,한양증권우,KOSPI,,19310,2,-90,-0.46,19400,19400,19150,128,2465760,9131119700,472870,STK,ME005
302920,KR7302920004,더콘텐츠온,KONEX,일반기업부,2000,3,0,0.0,2000,2000,2000,64,128000,9104718000,4552359,KNX,ME005
473950,KR7473950004,에스케이증권제13호스팩,KOSDAQ,SPAC(소속부없음),2055,1,5,0.24,2055,2055,2050,65,133570,9083100000,4420000,KSQ,ME005
103660,KR7103660007,씨앗,KONEX,일반기업부,1499,2,-1,-0.07,1499,1499,1499,1,1499,9020189029,6017471,KNX,ME005
469480,KR7469480008,IBKS제24호스팩,KOSDAQ,SPAC(소속부없음),2130,3,0,0.0,0,0,0,0,0,9009900000,4230000,KSQ,ME005
487830,KR7487830002,신한제15호스팩,KOSDAQ,SPAC(소속부없음),2045,1,10,0.49,2030,2045,2025,3735,7583015,8895750000,4350000,KSQ,ME005
468760,KR7468760004,유진스팩10호,KOSDAQ,SPAC(소속부없음),2080,3,0,0.0,0,0,0,0,0,8819200000,4240000,KSQ,ME005
472230,KR7472230002,에스케이증권제11호스팩,KOSDAQ,관리종목(소속부없음),2105,1,5,0.24,2105,2105,2100,10239,21552095,8746275000,4155000,KSQ,ME005
487720,KR7487720005,키움제10호스팩,KOSDAQ,SPAC(소속부없음),2030,1,5,0.25,2020,2030,2020,2984,6051410,8586900000,4230000,KSQ,ME005
318660,KR7318660008,타임기술,KONEX,일반기업부,3990,2,-10,-0.25,4000,4000,3800,45,178950,8586882990,2152101,KNX,ME005
33637L,KR733637K028,솔루스첨단소재2우B,KOSPI,,2270,2,-40,-1.73,2310,2310,2205,1410,3125300,8575814840,3777892,STK,ME005
0068Y0,KR70068Y0003,비엔케이제3호스팩,KOSDAQ,SPAC(소속부없음),1970,3,0,0.0,1970,1970,1970,49,96530,8490700000,4310000,KSQ,ME005
000225,KR7000221002,유유제약1우,KOSPI,,3700,2,-50,-1.33,3730,3740,3640,1711,6279785,8387641000,2266930,STK,ME005
233250,KR7233250000,메디안디노스틱,KONEX,일반기업부,4800,3,0,0.0,0,0,0,0,0,8383363200,1746534,KNX,ME005
185190,KR7185190006,수프로,KONEX,일반기업부,900,1,1,0.11,900,900,765,72,55900,8314762500,9238625,KNX,ME005
0041J0,KR70041J0004,엘에스스팩1호,KOSDAQ,SPAC(소속부없음),1989,2,-5,-0.25,1994,1994,1989,4231,8421151,8174790000,4110000,KSQ,ME005
03481K,KR703481K019,해성산업1우,KOSDAQ,중견기업부,5890,2,-10,-0.17,5850,5890,5850,358,2104180,8113198170,1377453,KSQ,ME005
244880,KR7244880001,나눔테크,KONEX,일반기업부,1607,2,-283,-14.97,1800,1868,1607,9648,15547882,8067140000,5020000,KNX,ME005
087260,KR7087260006,모바일어플라이언스,KOSDAQ,관리종목(소속부없음),247,3,0,0.0,0,0,0,0,0,8040556667,32552861,KSQ,ME005
001515,KR7001511005,SK증권우,KOSPI,,3990,2,-70,-1.72,3985,4080,3985,885,3543010,7805465430,1956257,STK,ME005
475250,KR7475250007,하나33호스팩,KOSDAQ,SPAC(소속부없음),2090,1,5,0.24,2090,2090,2085,108,225600,7733000000,3700000,KSQ,ME005
079970,KR7079970000,투비소프트,KOSDAQ,관리종목(소속부없음),596,3,0,0.0,0,0,0,0,0,7646223464,12829234,KSQ,ME005
474930,KR7474930005,신한제13호스팩,KOSDAQ,SPAC(소속부없음),2110,2,-5,-0.24,2110,2110,2080,10,20995,7638200000,3620000,KSQ,ME005
178600,KR7178600003,대동고려삼,KONEX,일반기업부,1699,1,59,3.6,1885,1885,1450,3,5034,7559870400,4449600,KNX,ME005
001065,KR7001061001,JW중외제약우,KOSPI,,22000,2,-350,-1.57,22000,22000,22000,7,154000,7522922000,341951,STK,ME005
212310,KR7212310007,오건에코텍,KONEX,일반기업부,635,3,0,0.0,0,0,0,0,0,7514663025,11834115,KNX,ME005
044380,KR7044380004,주연테크,KOSPI,,530,1,35,7.07,495,598,494,808346,428303693,7365047480,13896316,STK,ME005
066830,KR7066830001,제노텍,KONEX,일반기업부,1299,3,0,0.0,0,0,0,0,0,7361666820,5667180,KNX,ME005
276240,KR7276240009,엘리비젼,KONEX,일반기업부,595,1,68,12.9,606,606,491,15,8749,7326317110,12313138,KNX,ME005
065420,KR7065420002,에스아이리소스,KOSDAQ,중견기업부,940,3,0,0.0,0,0,0,0,0,7283384140,7748281,KSQ,ME005
199150,KR7199150004,데이터스트림즈,KONEX,일반기업부,1700,1,12,0.71,1700,1700,1700,4,6800,7256642100,4268613,KNX,ME005
308100,KR7308100007,형지글로벌,KOSDAQ,관리종목(소속부없음),279,1,1,0.36,278,302,271,306220,87618522,7203779442,25819998,KSQ,ME005
276040,KR7276040003,스코넥,KOSDAQ,관리종목(소속부없음),327,3,0,0.0,0,0,0,0,0,7073119545,21630335,KSQ,ME005
473000,KR7473000008,에스케이증권제12호스팩,KOSDAQ,SPAC(소속부없음),2080,1,5,0.24,2075,2080,2075,6371,13220025,6884800000,3310000,KSQ,ME005
000325,KR7000321000,노루홀딩스우,KOSPI,,28050,3,0,0.0,0,0,0,0,0,6831829950,243559,STK,ME005
199290,KR7199290008,바이오프로테크,KONEX,일반기업부,400,1,50,14.29,400,400,400,1,400,6810076800,17025192,KNX,ME005
006380,KR7006380000,카프로,KOSPI,,40,2,-4,-9.09,45,45,40,1019623,42714972,6759999840,168999996,STK,ME005
475240,KR7475240008,하나32호스팩,KOSDAQ,SPAC(소속부없음),2095,3,0,0.0,2095,2095,2085,5,10455,6704000000,3200000,KSQ,ME005
299480,KR7299480004,지앤이헬스케어,KONEX,일반기업부,595,3,0,0.0,0,0,0,0,0,6604942085,11100743,KNX,ME005
234070,KR7234070001,에이원큐브텍,KONEX,일반기업부,924,2,-1,-0.11,924,924,924,2,1848,6431689572,6960703,KNX,ME005
004985,KR7004981007,성신양회우,KOSPI,,8730,1,110,1.28,8890,8890,8730,72,638230,6422180850,735645,STK,ME005
236340,KR7236340006,메디젠휴먼케어,KONEX,일반기업부,2100,1,100,5.0,2000,2100,2000,11,22100,6330758700,3014647,KNX,ME005
012205,KR7012201000,계양전기우,KOSPI,,5180,2,-110,-2.08,5290,5290,5180,2791,14502240,6055829220,1169079,STK,ME005
004835,KR7004831004,덕성우,KOSPI,,4280,2,-5,-0.12,4325,4365,4225,999,4325730,5957760000,1392000,STK,ME005
26490K,KR726490K013,크라운제과우,KOSPI,,7540,2,-10,-0.13,7540,7560,7400,62,468100,5832642400,773560,STK,ME005
253610,KR7253610000,루트락,KONEX,일반기업부,565,2,-99,-14.91,565,565,565,1,565,5795810115,10258071,KNX,ME005
447690,KR7447690009,아이오바이오,KONEX,일반기업부,2090,2,-355,-14.52,2565,2565,2080,6,13915,5795060040,2772756,KNX,ME005
136660,KR7136660008,큐엠씨,KONEX,일반기업부,2450,1,150,6.52,2400,2450,2400,11,26450,5784327500,2360950,KNX,ME005
267080,KR7267080000,세븐브로이맥주,KONEX,일반기업부,486,3,0,0.0,0,0,0,0,0,5769504288,11871408,KNX,ME005
224810,KR7224810002,엄지하우스,KONEX,일반기업부,1320,2,-40,-2.94,1564,1564,1320,2,2884,5544000000,4200000,KNX,ME005
202960,KR7202960001,판도라티비,KONEX,일반기업부,460,1,60,15.0,400,460,400,8,3260,5481167720,11915582,KNX,ME005
044180,KR7044180008,KD,KOSDAQ,관리종목(소속부없음),205,3,0,0.0,0,0,0,0,0,5477148795,26717799,KSQ,ME005
090355,KR7090351008,노루페인트우,KOSPI,,11800,2,-190,-1.58,12000,12000,11800,4,47400,5464886800,463126,STK,ME005
058450,KR7058450008,한주에이알티,KOSDAQ,관리종목(소속부없음),1000,2,-189,-15.9,1125,1160,885,209891,202936623,5397972000,5397972,KSQ,ME005
236030,KR7236030003,씨알푸드,KONEX,일반기업부,2600,2,-100,-3.7,2600,2600,2600,10,26000,5286663200,2033332,KNX,ME005
313760,KR7313760001,캐리,KOSDAQ,관리종목(소속부없음),468,3,0,0.0,0,0,0,0,0,5244963048,11207186,KSQ,ME005
341170,KR7341170009,퓨쳐메디신,KONEX,일반기업부,496,3,0,0.0,0,0,0,0,0,5224469680,10533205,KNX,ME005
002995,KR7002991008,금호건설우,KOSPI,,17800,2,-220,-1.22,18230,18230,17580,2734,48414680,5202334800,292266,STK,ME005
266350,KR7266350008,팡스카이,KONEX,일반기업부,398,3,0,0.0,0,0,0,0,0,5026568860,12629570,KNX,ME005
258050,KR7258050004,테크트랜스,KONEX,일반기업부,449,3,0,0.0,0,0,0,0,0,5004531101,11145949,KNX,ME005
346010,KR7346010002,타이드,KONEX,일반기업부,1000,3,0,0.0,0,0,0,0,0,4860062000,4860062,KNX,ME005
011080,KR7011080009,형지I&C,KOSDAQ,관리종목(소속부없음),661,1,18,2.8,622,749,622,193864,132378171,4690629182,7096262,KSQ,ME005
052770,KR7052770005,아이톡시,KOSDAQ,관리종목(소속부없음),312,3,0,0.0,0,0,0,0,0,4545457488,14568774,KSQ,ME005
225430,KR7225430008,케이엠제약,KOSDAQ,관리종목(소속부없음),698,3,0,0.0,0,0,0,0,0,4527001150,6485675,KSQ,ME005
000545,KR7000541003,흥국화재우,KOSPI,,5880,3,0,0.0,5880,5880,5880,3,17640,4515840000,768000,STK,ME005
121060,KR7121060008,유니포인트,KONEX,일반기업부,850,1,45,5.59,924,925,701,50007,46255046,4414715550,5193783,KNX,ME005
092590,KR7092590009,럭스피아,KONEX,일반기업부,599,2,-21,-3.39,620,620,527,6,3426,4367367702,7291098,KNX,ME005
000145,KR7000141002,하이트진로홀딩스우,KOSPI,,9250,3,0,0.0,9250,9250,9250,3,27750,4354992500,470810,STK,ME005
199730,KR7199730003,바이오인프라,KOSDAQ,관리종목(소속부없음),893,2,-182,-16.93,1130,1130,872,107025,103489084,4343879731,4864367,KSQ,ME005
025870,KR7025870007,신라에스지,KOSDAQ,관리종목(소속부없음),1059,3,0,0.0,0,0,0,0,0,4236000000,4000000,KSQ,ME005
402420,KR7402420004,켈스,KONEX,일반기업부,1799,1,74,4.29,1600,1799,1600,31,50799,4225424637,2348763,KNX,ME005
009415,KR7009411000,태영건설우,KOSPI,,6210,2,-20,-0.32,6200,6220,6200,258,1603170,4036338540,649974,STK,ME005
116100,KR7116100009,태양기계,KONEX,일반기업부,533,3,0,0.0,0,0,0,0,0,3965512538,7439986,KNX,ME005
005965,KR7005961008,동부건설우,KOSPI,,17300,1,300,1.76,17000,17300,17000,137,2331650,3905163600,225732,STK,ME005
332190,KR7332190008,오션스바이오,KONEX,일반기업부,2625,2,-430,-14.08,2625,2625,2625,1,2625,3879327375,1477839,KNX,ME005
014825,KR7014821003,동원시스템즈우,KOSPI,,14490,3,0,0.0,13980,14490,13980,12,169800,3826968390,264111,STK,ME005
046070,KR7046070009,코다코,KOSDAQ,관리종목(소속부없음),270,1,41,17.9,235,270,235,1026942,252401028,3806885520,14099576,KSQ,ME005
311960,KR7311960009,인터로이드,KONEX,일반기업부,1228,2,-216,-14.96,1444,1500,1228,1127,1385287,3760951392,3062664,KNX,ME005
208890,KR7208890004,미래엔에듀파트너,KONEX,일반기업부,903,3,0,0.0,0,0,0,0,0,3616984560,4005520,KNX,ME005
215570,KR7215570003,크로넥스,KONEX,일반기업부,510,2,-90,-15.0,650,650,510,22993,11727080,3396677010,6660151,KNX,ME005
217910,KR7217910009,에스제이켐,KONEX,일반기업부,238,2,-42,-15.0,238,238,238,22,5236,3329744236,13990522,KNX,ME005
007575,KR7007571003,일양약품우,KOSPI,,7400,2,-140,-1.86,7410,7420,7400,277,2049940,3293592000,445080,STK,ME005
36328K,KR736328K013,티와이홀딩스우,KOSPI,,2790,2,-95,-3.29,2815,2865,2770,7617,21405175,3278107710,1174949,STK,ME005
296520,KR7296520000,가이아코퍼레이션,KONEX,일반기업부,702,3,0,0.0,0,0,0,0,0,3276239616,4667008,KNX,ME005
014285,KR7014281000,금강공업우,KOSPI,,5530,2,-190,-3.32,5720,5720,5530,227,1261520,3262008750,589875,STK,ME005
005745,KR7005741004,크라운해태홀딩스우,KOSPI,,5190,1,180,3.59,5110,5190,5110,564,2923800,3117767940,600726,STK,ME005
093510,KR7093510006,엔지브이아이,KONEX,일반기업부,503,3,0,0.0,0,0,0,0,0,3028060000,6020000,KNX,ME005
245450,KR7245450002,씨앤에스링크,KONEX,일반기업부,1900,1,55,2.98,1998,1998,1601,217,355068,3001924000,1579960,KNX,ME005
014915,KR7014911002,성문전자우,KOSPI,,4750,1,20,0.42,4730,4765,4730,85,402255,2850000000,600000,STK,ME005
266470,KR7266470004,바이오인프라생명과학,KONEX,일반기업부,98,1,6,6.52,79,103,79,62,5102,2730869862,27866019,KNX,ME005
084180,KR7084180009,수성웹툰,KOSDAQ,관리종목(소속부없음),150,1,9,6.38,141,183,141,6066497,1029952554,2711142450,18074283,KSQ,ME005
312610,KR7312610009,에이에프더블류,KOSDAQ,관리종목(소속부없음),131,1,2,1.55,126,148,123,541438,71181565,2653652328,20256888,KSQ,ME005
413300,KR7413300005,티엘엔지니어링,KONEX,일반기업부,1948,1,248,14.59,1948,1948,1948,1,1948,2632751220,1351515,KNX,ME005
000227,KR7000222000,유유제약2우B,KOSPI,,7710,2,-50,-0.64,7740,7740,7690,269,2077580,2490021600,322960,STK,ME005
390110,KR7390110005,애니메디솔루션,KONEX,일반기업부,249,2,-3,-1.19,248,249,248,176,43760,2414564703,9697047,KNX,ME005
001525,KR7001521004,동양우,KOSPI,,8800,3,0,0.0,8800,8800,8800,5,44000,2311012000,262615,STK,ME005
008355,KR7008351009,남선알미우,KOSPI,,7100,3,0,0.0,7100,7100,7080,72,511160,2186019000,307890,STK,ME005
035290,KR7035290006,골드앤에스,KOSDAQ,관리종목(소속부없음),417,1,3,0.72,426,538,400,2768747,1369046597,1988109216,4767648,KSQ,ME005
021045,KR7021041009,대호특수강우,KOSDAQ,중견기업부,2215,2,-290,-11.58,2405,2505,1980,5348,10984015,1879409780,848492,KSQ,ME005
448780,KR7448780007,마이크로엔엑스,KONEX,일반기업부,696,1,11,1.61,700,700,627,3,2023,1863665280,2677680,KNX,ME005
140660,KR7140660002,위월드,KONEX,일반기업부,701,3,0,0.0,0,0,0,0,0,1743563652,2487252,KNX,ME005
008290,KR7008290009,원풍물산,KOSDAQ,관리종목(소속부없음),83,1,13,18.57,74,83,60,1903542,134985273,1688787637,20346839,KSQ,ME005
266170,KR7266170000,레드우즈,KONEX,일반기업부,1050,3,0,0.0,0,0,0,0,0,1366092000,1301040,KNX,ME005
011155,KR7011151008,CJ씨푸드1우,KOSPI,,6130,2,-160,-2.54,6290,6290,6130,37,228760,1226000000,200000,STK,ME005
004545,KR7004541009,깨끗한나라우,KOSPI,,3300,1,60,1.85,3475,3475,3300,151,513410,1208328000,366160,STK,ME005
001527,KR7001522002,동양2우B,KOSPI,,5800,2,-620,-9.66,6310,6310,5800,372,2171660,1193089000,205705,STK,ME005
002785,KR7002781003,진흥기업우B,KOSPI,,11900,2,-550,-4.42,12100,12290,11900,218,2620550,1020079900,85721,STK,ME005
004415,KR7004411005,서울식품우,KOSPI,,4575,2,-55,-1.19,4600,4600,4575,137,630035,1017708750,222450,STK,ME005
223220,KR7223220005,로지스몬,KONEX,일반기업부,104,2,-4,-3.7,108,108,94,11865,1189147,889655312,8554378,KNX,ME005
002787,KR7002782001,진흥기업2우B,KOSPI,,21300,2,-4100,-16.14,23800,24000,21300,1403,32533650,627924000,29480,STK,ME005
032685,KR7032681009,소프트센우,KOSDAQ,중견기업부,6610,2,-90,-1.34,6710,6710,6610,302,2020630,471702820,71362,KSQ,ME005
082660,KR7082660002,코스나인,KOSDAQ,관리종목(소속부없음),3,2,-2,-40.0,4,4,3,11592850,41017327,298922607,99640869,KSQ,ME005
279060,KR7279060008,이노벡스,KONEX,일반기업부,1,3,0,0.0,2,2,1,103183,206304,9807866,9807866,KNX,ME005
