Code,ISU_CD,Name,Market,Dept,Close,ChangeCode,Changes,ChagesRatio,Open,High,Low,Volume,Amount,Marcap,Stocks,MarketId,lateInfoMsgCd
005930,KR7005930003,삼성전자,KOSPI,,271500,1,3000,1.12,266500,272000,264500,7049773,1890612649750,1587264642072000,5846278608,STK,ME005
000660,KR7000660001,SK하이닉스,KOSPI,,1802000,1,26000,1.46,1762000,1811000,1749000,1148296,2044299610500,1316347241730000,730492365,STK,ME005
005935,KR7005931001,삼성전자우,KOSPI,,201000,1,5800,2.97,195000,202000,193300,1479021,291891218800,161276611803000,802371203,STK,ME005
402340,KR7402340004,SK스퀘어,KOSPI,,1131500,2,-7500,-0.66,1116000,1143000,1095000,269090,300411277000,149272003737000,131923998,STK,ME005
009150,KR7009150004,삼성전기,KOSPI,,1544500,1,31500,2.08,1495000,1547000,1462000,383802,576752127000,115364413472000,74693696,STK,ME005
373220,KR7373220003,LG에너지솔루션,KOSPI,,360500,1,3500,0.98,355000,361500,352000,85519,30601955250,84357000000000,234000000,STK,ME005
005380,KR7005380001,현대차,KOSPI,,346750,1,1750,0.51,348500,349000,343500,213162,73819087000,70552006101000,203466492,STK,ME005
207940,KR7207940008,삼성바이오로직스,KOSPI,,1438000,1,47000,3.38,1390000,1441000,1389000,32856,46671775500,66566387538000,46290951,STK,ME005
105560,KR7105560007,KB금융,KOSPI,,166800,2,-2000,-1.18,167100,169300,165700,658349,109993237500,59161914031200,354687734,STK,ME005
032830,KR7032830002,삼성생명,KOSPI,,279500,2,-2500,-0.89,279500,283000,276500,78944,22023746250,55900000000000,200000000,STK,ME005
028260,KR7028260008,삼성물산,KOSPI,,341500,3,0,0.0,339000,343500,336500,98238,33434223500,55380228911500,162167581,STK,ME005
012450,KR7012450003,한화에어로스페이스,KOSPI,,1037000,1,30000,2.98,1027000,1043000,1009000,45187,46334690500,53471246837000,51563401,STK,ME005
034020,KR7034020008,두산에너빌리티,KOSPI,,82600,1,1000,1.23,84000,84000,81300,1422414,117233610050,52910350659600,640561146,STK,ME005
055550,KR7055550008,신한지주,KOSPI,,105000,2,-1100,-1.04,103500,106300,103200,575187,60159352900,49292275095000,469450239,STK,ME005
329180,KR7329180004,HD현대중공업,KOSPI,,430500,2,-3000,-0.69,434000,435500,426000,69737,29952484750,45185807362500,104961225,STK,ME005
000270,KR7000270009,기아,KOSPI,,112900,1,100,0.09,112400,114700,112300,409637,46416228150,44077627474200,390412998,STK,ME005
068270,KR7068270008,셀트리온,KOSPI,,183000,1,5300,2.98,179100,184000,178200,248342,45216834700,42568943208000,232617176,STK,ME005
034730,KR7034730002,SK,KOSPI,,581000,2,-7000,-1.19,590000,591000,569000,42087,24466772500,42124070443000,72502703,STK,ME005
006400,KR7006400006,삼성SDI,KOSPI,,516500,1,1500,0.29,510000,518000,503000,96581,49361262500,41622426245000,80585530,STK,ME005
086790,KR7086790003,하나금융지주,KOSPI,,129200,2,-800,-0.62,130600,130900,128300,349300,45156880440,35009312372000,270969910,STK,ME005
066570,KR7066570003,LG전자,KOSPI,,211000,2,-1500,-0.71,211000,211500,205000,228847,47654885500,34368658618000,162884638,STK,ME005
012330,KR7012330007,현대모비스,KOSPI,,378000,1,11000,3.0,382500,391000,371500,337182,128281371250,33952181130000,89820585,STK,ME005
010120,KR7010120004,LS ELECTRIC,KOSPI,,203500,2,-1500,-0.73,202500,204000,198700,199870,40122745100,30525000000000,150000000,STK,ME005
035420,KR7035420009,NAVER,KOSPI,,191600,2,-2100,-1.08,193700,193700,191100,265748,50985425350,29141281100400,152094369,STK,ME005
000810,KR7000810002,삼성화재,KOSPI,,620000,2,-13000,-2.05,636000,636000,617000,15659,9786107000,27681433260000,44647473,STK,ME005
298040,KR7298040007,효성중공업,KOSPI,,2785000,1,12000,0.43,2755000,2787000,2705000,20598,56519485000,25968866180000,9324548,STK,ME005
042700,KR7042700005,한미반도체,KOSPI,,262500,1,6000,2.34,256500,269500,254000,400473,105081504000,25019452500000,95312200,STK,ME005
316140,KR7316140003,우리금융지주,KOSPI,,33250,2,-1650,-4.73,33450,33450,32250,22788919,759881622450,24498153020250,736786557,STK,ME005
005490,KR7005490008,POSCO홀딩스,KOSPI,,306000,3,0,0.0,308500,311500,304000,93674,28691317250,24247907262000,79241527,STK,ME005
096770,KR7096770003,SK이노베이션,KOSPI,,142700,2,-6100,-4.1,148900,149900,142100,382237,55329692450,24123832847600,169052788,STK,ME005
267260,KR7267260008,HD현대일렉트릭,KOSPI,,666000,1,4000,0.6,656000,668000,643000,70102,46035616000,24007391910000,36047135,STK,ME005
042660,KR7042660001,한화오션,KOSPI,,78200,2,-600,-0.76,78800,79100,77000,385015,29912255300,23961527410800,306413394,STK,ME005
009540,KR7009540006,HD한국조선해양,KOSPI,,324000,1,500,0.15,325500,328500,318500,50600,16325585500,22930489584000,70773116,STK,ME005
000150,KR7000150003,두산,KOSPI,,1385000,1,17000,1.24,1390000,1412000,1373000,31671,44024113000,22428461475000,16193835,STK,ME005
010130,KR7010130003,고려아연,KOSPI,,1067000,2,-3000,-0.28,1075000,1075000,1052000,4111,4364438500,22271457923000,20872969,STK,ME005
138040,KR7138040001,메리츠금융지주,KOSPI,,127300,1,1000,0.79,127100,128300,125100,66585,8454936100,21303307852900,167347273,STK,ME005
011200,KR7011200003,HMM,KOSPI,,21100,1,250,1.2,20900,21300,20800,426586,9006116950,19902321167000,943237970,STK,ME005
015760,KR7015760002,한국전력,KOSPI,,30050,1,100,0.33,30150,30350,29950,352601,10597200300,19291020513850,641964077,STK,ME005
017670,KR7017670001,SK텔레콤,KOSPI,,86000,1,400,0.47,85500,86200,84700,293887,25083003050,18471944558000,214790053,STK,ME005
196170,KR7196170005,알테오젠,KOSDAQ GLOBAL,우량기업부,264250,1,9750,3.83,253500,266000,251500,257148,67170946500,18406368895250,69655133,KSQ,ME005
033780,KR7033780008,KT&G,KOSPI,,175900,2,-300,-0.17,176600,178000,175700,72780,12850105300,18260259210400,103810456,STK,ME005
051910,KR7051910008,LG화학,KOSPI,,256000,1,5000,1.99,250000,259000,248500,88344,22526686250,18071639808000,70592343,STK,ME005
010140,KR7010140002,삼성중공업,KOSPI,,19720,1,20,0.1,19720,19810,19350,1166537,22771972110,17353600000000,880000000,STK,ME005
018260,KR7018260000,삼성에스디에스,KOSPI,,222500,1,3500,1.6,218500,223000,216500,58992,13006589750,17216560500000,77377800,STK,ME005
010950,KR7010950004,S-Oil,KOSPI,,152900,2,-8800,-5.44,161800,162000,152100,159809,24713684200,17213908896800,112582792,STK,ME005
006800,KR7006800007,미래에셋증권,KOSPI,,31350,1,400,1.29,30750,31450,30300,421129,13016672225,17023709948850,543021051,STK,ME005
003550,KR7003550001,LG,KOSPI,,108700,2,-2100,-1.9,109800,110700,108600,49706,5430275050,16434570834800,151192004,STK,ME005
003670,KR7003670007,포스코퓨처엠,KOSPI,,180900,1,2100,1.17,178500,182200,177000,99694,17959228550,16090371198000,88946220,STK,ME005
024110,KR7024110009,기업은행,KOSPI,,20100,2,-100,-0.5,20200,20200,20000,499843,10037138175,16028259966900,797425869,STK,ME005
079550,KR7079550000,LIG디펜스앤에어로스페이스,KOSPI,,727000,1,45000,6.6,692000,728500,684000,45441,32179161500,15994000000000,22000000,STK,ME005
267250,KR7267250009,HD현대,KOSPI,,198100,2,-4400,-2.17,201000,202500,197200,77861,15469359300,15648530138500,78993085,STK,ME005
272210,KR7272210006,한화시스템,KOSPI,,79200,1,4200,5.6,75000,79500,72800,488108,37660993500,14962415608800,188919389,STK,ME005
035720,KR7035720002,카카오,KOSPI,,33450,2,-100,-0.3,33600,33750,33200,383707,12849907925,14818346755350,442999903,STK,ME005
086280,KR7086280005,현대글로비스,KOSPI,,197200,1,400,0.2,199500,201500,196500,54169,10729777600,14790000000000,75000000,STK,ME005
278470,KR7278470000,에이피알,KOSPI,,369500,1,3500,0.96,367500,370000,357500,86069,31368494250,13833398272500,37438155,STK,ME005
011070,KR7011070000,LG이노텍,KOSPI,,572000,1,8000,1.42,557000,574000,547000,96377,53831218000,13537585204000,23667107,STK,ME005
000720,KR7000720003,현대건설,KOSPI,,117500,3,0,0.0,122100,123500,113800,351641,41201504450,13084302387500,111355765,STK,ME005
030200,KR7030200000,KT,KOSPI,,51700,2,-600,-1.15,52300,52300,51500,128092,6621395050,13029521114500,252021685,STK,ME005
047810,KR7047810007,한국항공우주,KOSPI,,127600,1,1400,1.11,127200,127800,125400,79340,10065173800,12437823653200,97475107,STK,ME005
064350,KR7064350002,현대로템,KOSPI,,112700,1,1100,0.99,111600,113100,110100,172815,19251567400,12300336421100,109142293,STK,ME005
005830,KR7005830005,DB손해보험,KOSPI,,180900,2,-4100,-2.22,185200,185400,180500,68380,12450785550,11849013134100,65500349,STK,ME005
003490,KR7003490000,대한항공,KOSPI,,31000,2,-1000,-3.13,31950,31950,30900,1001311,31248312250,11414838879000,368220609,STK,ME005
086520,KR7086520004,에코프로,KOSDAQ GLOBAL,중견기업부,83500,1,2900,3.6,80000,83800,79800,409213,33687361700,11337308692000,135776152,KSQ,ME005
247540,KR7247540008,에코프로비엠,KOSDAQ GLOBAL,중견기업부,113000,1,3900,3.57,108100,113400,107500,199767,22274809750,11054839042000,97830434,KSQ,ME005
036930,KR7036930006,주성엔지니어링,KOSDAQ GLOBAL,우량기업부,237000,1,4500,1.94,230000,244500,224000,1100988,260510701750,11016025677000,46481121,KSQ,ME005
443060,KR7443060009,HD현대마린솔루션,KOSPI,,233000,2,-5000,-2.1,238500,240500,229500,31337,7292520250,10446196180000,44833460,STK,ME005
307950,KR7307950006,현대오토에버,KOSPI,,373500,1,4000,1.08,376500,377500,367500,30789,11472832000,10242857277000,27423982,STK,ME005
071050,KR7071050009,한국금융지주,KOSPI,,178200,1,1200,0.68,178200,179200,174600,49198,8700298800,9930371774400,55725992,STK,ME005
047050,KR7047050000,포스코인터내셔널,KOSPI,,55400,2,-1500,-2.64,57700,57700,54750,447227,24855695750,9746122455200,175922788,STK,ME005
005940,KR7005940002,NH투자증권,KOSPI,,26200,1,200,0.77,26150,26300,26000,179573,4694833150,9673199951000,369206105,STK,ME005
078930,KR7078930005,GS,KOSPI,,102700,2,-4500,-4.2,107200,107400,102700,134802,13977364150,9540367336500,92895495,STK,ME005
323410,KR7323410001,카카오뱅크,KOSPI,,19810,2,-80,-0.4,19880,19880,19720,208915,4135961925,9451755856970,477120437,STK,ME005
000500,KR7000500009,가온전선,KOSPI,,316500,1,1500,0.48,311500,318000,306000,37397,11643743000,9424612615500,29777607,STK,ME005
006260,KR7006260004,LS,KOSPI,,298000,2,-10500,-3.4,307000,307000,293000,97906,28985045750,9297600000000,31200000,STK,ME005
028050,KR7028050003,삼성E&A,KOSPI,,47400,2,-300,-0.63,48100,48850,46700,590542,27949974775,9290400000000,196000000,STK,ME005
0126Z0,KR70126Z0002,삼성에피스홀딩스,KOSPI,,370000,1,24000,6.94,348000,378000,345000,75900,27817165250,9206728130000,24883049,STK,ME005
003230,KR7003230000,삼양식품,KOSPI,,1222000,1,9000,0.74,1216000,1234000,1205000,12885,15781144500,9205344330000,7533015,STK,ME005
259960,KR7259960003,크래프톤,KOSPI,,198200,1,3300,1.69,196000,203000,195500,48901,9705830300,9100588461600,45916188,STK,ME005
180640,KR7180640005,한진칼,KOSPI,,132400,3,0,0.0,133500,134800,131100,20745,2752506900,8839325210000,66762275,STK,ME005
007660,KR7007660004,이수페타시스,KOSPI,,120200,1,5100,4.43,115300,120500,113400,431834,50968197300,8823788123800,73409219,STK,ME005
277810,KR7277810008,레인보우로보틱스,KOSDAQ,기술성장기업부,431500,1,13500,3.23,418000,433000,412000,27546,11663671750,8371038727000,19399858,KSQ,ME005
090430,KR7090430000,아모레퍼시픽,KOSPI,,136500,2,-1900,-1.37,137100,139300,136100,55492,7610814250,7984261603500,58492759,STK,ME005
016360,KR7016360000,삼성증권,KOSPI,,89400,1,1000,1.13,89000,89900,87200,95653,8460517000,7983420000000,89300000,STK,ME005
009830,KR7009830001,한화솔루션,KOSPI,,33750,2,-150,-0.44,33200,34700,32500,2541415,85735450350,7590123090000,224892536,STK,ME005
047040,KR7047040001,대우건설,KOSPI,,17910,1,170,0.96,18200,18200,17440,3268677,58080625825,7359355796580,410907638,STK,ME005
161390,KR7161390000,한국타이어앤테크놀로지,KOSPI,,58400,2,-600,-1.02,59600,59600,58200,98079,5759795100,7234304029600,123875069,STK,ME005
021240,KR7021240007,코웨이,KOSPI,,99400,3,0,0.0,99600,100100,98200,35721,3553442100,7034282144400,70767426,STK,ME005
353200,KR7353200009,대덕전자,KOSPI,,141700,1,9200,6.94,131300,142300,129800,749181,102116231200,7002378272500,49416925,STK,ME005
240810,KR7240810002,원익IPS,KOSDAQ GLOBAL,우량기업부,138600,1,7100,5.4,131500,139900,131000,1052210,144722330600,6803028678600,49083901,KSQ,ME005
039490,KR7039490008,키움증권,KOSPI,,259000,1,7500,2.98,253000,261000,245000,52548,13258250500,6793133844000,26228316,STK,ME005
064400,KR7064400005,LG씨엔에스,KOSPI,,70000,1,1200,1.74,69000,70000,68300,172267,11948908250,6782016360000,96885948,STK,ME005
039030,KR7039030002,이오테크닉스,KOSDAQ,우량기업부,549500,1,29500,5.67,515000,551000,510000,77736,42005154000,6769592725000,12319550,KSQ,ME005
352820,KR7352820005,하이브,KOSPI,,155800,2,-800,-0.51,156800,156800,153700,77365,12014833950,6716045048800,43106836,STK,ME005
000880,KR7000880005,한화,KOSPI,,124000,2,-1500,-1.2,126200,126400,123000,22458,2788185450,6612783228000,53328897,STK,ME005
128940,KR7128940004,한미약품,KOSPI,,513000,1,14000,2.81,498000,526000,493500,50586,25946554250,6572038383000,12810991,STK,ME005
062040,KR7062040001,산일전기,KOSPI,,207500,2,-5000,-2.35,208500,208500,203000,93778,19306239750,6358391375000,30642850,STK,ME005
032640,KR7032640005,LG유플러스,KOSPI,,14530,3,0,0.0,14580,14590,14410,238909,3458645100,6166934945960,424427732,STK,ME005
000990,KR7000990002,DB하이텍,KOSPI,,139000,1,2400,1.76,137800,141900,137500,269340,37610219750,6047137732000,43504588,STK,ME005
005387,KR7005382007,현대차2우B,KOSPI,,176200,1,1200,0.69,176200,177500,175200,41776,7367711300,6036091681400,34257047,STK,ME005
222800,KR7222800005,심텍,KOSDAQ GLOBAL,중견기업부,154850,1,4550,3.03,149200,156200,146400,398882,60452913150,5959328851100,38484526,KSQ,ME005
326030,KR7326030004,SK바이오팜,KOSPI,,75600,1,1200,1.61,74400,76200,74200,55231,4154217350,5920481700000,78313250,STK,ME005
001440,KR7001440007,대한전선,KOSPI,,29825,1,175,0.59,29650,29850,28800,950056,27757597575,5845479175700,195992596,STK,ME005
058470,KR7058470006,리노공업,KOSDAQ GLOBAL,우량기업부,75900,1,2500,3.41,73400,76300,73100,482158,36358892050,5784479415000,76211850,KSQ,ME005
267270,KR7267270007,HD건설기계,KOSPI,,120400,2,-3100,-2.51,125000,125000,120000,162244,19666885850,5718685274400,47497386,STK,ME005
000100,KR7000100008,유한양행,KOSPI,,74500,1,1700,2.34,72900,75500,72400,96176,7126611550,5484375684500,73615781,STK,ME005
403870,KR7403870009,HPSP,KOSDAQ GLOBAL,우량기업부,65900,1,2200,3.45,63600,67700,63000,2713593,179996859900,5423570000000,82300000,KSQ,ME005
377300,KR7377300009,카카오페이,KOSPI,,39700,2,-150,-0.38,39550,39850,39300,53867,2129737950,5371434693400,135300622,STK,ME005
028300,KR7028300002,HLB,KOSDAQ,중견기업부,39875,2,-1525,-3.68,40800,40800,38800,842232,33304394500,5311279142125,133198223,KSQ,ME005
175330,KR7175330000,JB금융지주,KOSPI,,28350,2,-750,-2.58,29050,29050,28300,165571,4746797850,5287893710400,186521824,STK,ME005
241560,KR7241560002,두산밥캣,KOSPI,,54700,1,100,0.18,55100,55400,54200,105504,5764958950,5243326755500,95856065,STK,ME005
036570,KR7036570000,NC,KOSPI,,231500,1,22500,10.77,226500,236500,223500,182550,42318712750,4987441093000,21544022,STK,ME005
011790,KR7011790003,SKC,KOSPI,,100300,1,1000,1.01,97400,100300,95500,173568,17111347100,4974709289400,49598298,STK,ME005
138930,KR7138930003,BNK금융지주,KOSPI,,15790,2,-130,-0.82,15980,15980,15550,240624,3792203265,4844999668290,306839751,STK,ME005
029780,KR7029780004,삼성카드,KOSPI,,41800,2,-400,-0.95,42400,42400,41550,36476,1522377475,4842901643800,115858891,STK,ME005
052690,KR7052690005,한전기술,KOSPI,,126300,1,3700,3.02,129000,129000,124300,212126,26779984450,4827186000000,38220000,STK,ME005
088980,KR7088980008,맥쿼리인프라,KOSPI,,9780,2,-10,-0.1,9790,9805,9740,266821,2609997560,4683857091540,478921993,STK,ME005
095340,KR7095340006,ISC,KOSDAQ,우량기업부,220000,1,6500,3.04,211500,221500,211000,82858,18051495750,4663352760000,21197058,KSQ,ME005
454910,KR7454910001,두산로보틱스,KOSPI,,70800,1,2200,3.21,68700,71000,68000,168340,11724652100,4589254584000,64819980,STK,ME005
088350,KR7088350004,한화생명,KOSPI,,5270,2,-60,-1.13,5350,5350,5220,1154528,6082460950,4577153100000,868530000,STK,ME005
066970,KR7066970005,엘앤에프,KOSPI,,112300,1,200,0.18,111500,113000,109700,138626,15459668250,4569058463200,40686184,STK,ME005
000250,KR7000250001,삼천당제약,KOSDAQ,중견기업부,193900,1,21100,12.21,171800,205500,170400,328441,63523616050,4548403820800,23457472,KSQ,ME005
440110,KR7440110005,파두,KOSDAQ,기술성장기업부,89400,1,7700,9.42,81900,89400,81800,548721,47692421650,4479925813800,50111027,KSQ,ME005
319660,KR7319660007,피에스케이,KOSDAQ,우량기업부,154200,1,5700,3.84,147600,155600,146900,205104,31401568100,4466667298800,28966714,KSQ,ME005
108490,KR7108490004,로보티즈,KOSDAQ,기술성장기업부,291000,1,5000,1.75,287500,291500,276500,92973,26417211250,4268105148000,14667028,KSQ,ME005
034220,KR7034220004,LG디스플레이,KOSPI,,8470,1,140,1.68,8330,8480,8230,1232251,10345985765,4235000000000,500000000,STK,ME005
271560,KR7271560005,오리온,KOSPI,,106200,2,-700,-0.65,106900,107300,105600,21602,2300067750,4197957285600,39528788,STK,ME005
010060,KR7010060002,OCI홀딩스,KOSPI,,221500,2,-2000,-0.89,219000,223500,214000,88154,19305866250,4135456388000,18670232,STK,ME005
082740,KR7082740002,한화엔진,KOSPI,,49350,1,350,0.71,48600,49500,47850,277071,13508473500,4118116457700,83447142,STK,ME005
051900,KR7051900009,LG생활건강,KOSPI,,274000,1,5000,1.86,270500,277500,268000,43634,11903955250,4103293302000,14975523,STK,ME005
004020,KR7004020004,현대제철,KOSPI,,30300,1,300,1.0,31050,31050,29950,391321,11862076550,4043407285500,133445785,STK,ME005
001450,KR7001450006,현대해상,KOSPI,,47300,2,-550,-1.15,47750,48650,47300,102044,4886237575,4032242225000,85248250,STK,ME005
084370,KR7084370006,유진테크,KOSDAQ,우량기업부,175900,1,8300,4.95,167700,183000,167600,139992,24838420150,4030931787800,22916042,KSQ,ME005
031980,KR7031980006,피에스케이홀딩스,KOSDAQ,우량기업부,186800,1,8200,4.59,178600,194300,177900,140924,26017597500,4027855386000,21562395,KSQ,ME005
002380,KR7002380004,KCC,KOSPI,,467500,2,-3000,-0.64,469500,474500,465500,4033,1890302500,4017178880000,8592896,STK,ME005
005385,KR7005381009,현대차우,KOSPI,,174900,1,1000,0.58,175800,176500,173700,20576,3599518350,3994547571300,22839037,STK,ME005
103590,KR7103590006,일진전기,KOSPI,,81500,2,-1000,-1.21,81600,81700,80100,118158,9537635600,3886359285000,47685390,STK,ME005
001040,KR7001040005,CJ,KOSPI,,131200,2,-3000,-2.24,134200,134300,130300,35570,4692649550,3828022137600,29176998,STK,ME005
018880,KR7018880005,한온시스템,KOSPI,,3615,1,95,2.7,3505,3835,3460,16026598,58978348668,3709898601330,1026251342,STK,ME005
008930,KR7008930000,한미사이언스,KOSPI,,52700,2,-100,-0.19,52500,54400,52500,66668,3557519550,3604234685000,68391550,STK,ME005
161890,KR7161890009,한국콜마,KOSPI,,148400,1,2400,1.64,146000,149400,144400,109679,16172221600,3502993426800,23605077,STK,ME005
095610,KR7095610002,테스,KOSDAQ GLOBAL,우량기업부,178200,1,10500,6.26,168700,178800,168600,221463,38755899500,3449952000000,19360000,KSQ,ME005
064760,KR7064760002,티씨케이,KOSDAQ GLOBAL,우량기업부,304000,2,-500,-0.16,301500,309500,299500,22275,6795271750,3398542464000,11179416,KSQ,ME005
067310,KR7067310003,하나마이크론,KOSDAQ,중견기업부,49800,1,2450,5.17,47200,50600,47200,1780690,87962529925,3311245276200,66490869,KSQ,ME005
357780,KR7357780006,솔브레인,KOSDAQ GLOBAL,우량기업부,420500,1,12500,3.06,403000,423000,402500,29889,12537690750,3270887003000,7778566,KSQ,ME005
131290,KR7131290009,티에스이,KOSDAQ,우량기업부,295500,1,6500,2.25,283000,301000,283000,46401,13673587750,3268652269500,11061429,KSQ,ME005
087010,KR7087010005,펩트론,KOSDAQ,기술성장기업부,140000,1,8400,6.38,131200,142600,130400,104620,14440891550,3264429000000,23317350,KSQ,ME005
214450,KR7214450009,파마리서치,KOSDAQ GLOBAL,우량기업부,311000,1,500,0.16,308500,317500,305500,55428,17239131000,3231180528000,10389648,KSQ,ME005
036460,KR7036460004,한국가스공사,KOSPI,,35000,1,200,0.57,35200,35450,34850,33321,1167101625,3230955000000,92313000,STK,ME005
012750,KR7012750006,에스원,KOSPI,,82900,1,300,0.36,83400,85700,82600,20983,1762121700,3150131856200,37999178,STK,ME005
028670,KR7028670008,팬오션,KOSPI,,5880,1,110,1.91,5780,6080,5720,2137508,12576361720,3143268730560,534569512,STK,ME005
192820,KR7192820009,코스맥스,KOSPI,,276500,1,9500,3.56,268000,278000,262500,34524,9383070250,3138139238500,11349509,STK,ME005
004170,KR7004170007,신세계,KOSPI,,331000,2,-5500,-1.63,335500,336000,323500,23304,7656679000,3126354911000,9445181,STK,ME005
141080,KR7141080002,리가켐바이오,KOSDAQ GLOBAL,기술성장기업부,84400,1,4600,5.76,79500,85300,78200,180470,14980192350,3124438879200,37019418,KSQ,ME005
022100,KR7022100002,포스코DX,KOSPI,,20350,1,440,2.21,19930,20450,19910,114215,2312632625,3093906735150,152034729,STK,ME005
035250,KR7035250000,강원랜드,KOSPI,,14260,3,0,0.0,14230,14330,14220,60587,864427920,3050791530000,213940500,STK,ME005
111770,KR7111770004,영원무역,KOSPI,,68400,2,-400,-0.58,69100,69500,68100,11298,775824800,3030904411200,44311468,STK,ME005
375500,KR7375500006,DL이앤씨,KOSPI,,76300,2,-1500,-1.93,78600,78900,75500,167825,12825124200,2952323434900,38693623,STK,ME005
031210,KR7031210008,서울보증보험,KOSPI,,42050,2,-100,-0.24,42450,42550,42000,14516,611889500,2935998195900,69821598,STK,ME005
298380,KR7298380007,에이비엘바이오,KOSDAQ GLOBAL,기술성장기업부,52300,1,3800,7.84,48300,52300,47350,306669,15437914550,2928144314900,55987463,KSQ,ME005
336260,KR7336260005,두산퓨얼셀,KOSPI,,44650,2,-900,-1.98,44450,44800,43350,312589,13761676950,2924294865900,65493726,STK,ME005
139130,KR7139130009,iM금융지주,KOSPI,,18380,1,110,0.6,18380,18510,18050,199709,3657173685,2910719439040,158363408,STK,ME005
251270,KR7251270005,넷마블,KOSPI,,34850,1,450,1.31,34750,35650,34450,108099,3796109350,2898071111250,83158425,STK,ME005
011780,KR7011780004,금호석유화학,KOSPI,,115100,2,-200,-0.17,115900,116500,114500,23266,2682804550,2895608107500,25157325,STK,ME005
007340,KR7007340003,DN오토모티브,KOSPI,,49350,1,650,1.33,48000,49800,47700,85439,4209984925,2887511187750,58510865,STK,ME005
080220,KR7080220007,제주반도체,KOSDAQ,우량기업부,83600,1,5300,6.77,77700,84500,77200,1876893,153889283150,2879420838800,34442833,KSQ,ME005
302440,KR7302440003,SK바이오사이언스,KOSPI,,36700,1,600,1.66,36400,37200,36150,42387,1555802000,2879355495100,78456553,STK,ME005
014680,KR7014680003,한솔케미칼,KOSPI,,266500,1,8000,3.09,256000,273500,255000,41180,11025722500,2876610594000,10794036,STK,ME005
006360,KR7006360002,GS건설,KOSPI,,33450,2,-500,-1.47,34450,34500,33000,521739,17462345950,2862700840500,85581490,STK,ME005
023530,KR7023530009,롯데쇼핑,KOSPI,,100200,2,-1200,-1.18,101300,102100,99200,32598,3261988650,2834533251000,28288755,STK,ME005
017800,KR7017800004,현대엘리베이터,KOSPI,,72200,2,-800,-1.1,73500,73500,71900,54783,3962598900,2822470197000,39092385,STK,ME005
310210,KR7310210000,보로노이,KOSDAQ,기술성장기업부,146000,1,12200,9.12,131900,146300,130700,67983,9588849400,2718018198000,18616563,KSQ,ME005
097950,KR7097950000,CJ제일제당,KOSPI,,178200,2,-800,-0.45,179300,179300,176700,21395,3811978450,2682655945200,15054186,STK,ME005
383220,KR7383220001,F&F,KOSPI,,69100,1,500,0.73,69700,69900,68700,18199,1261135250,2647018882500,38307075,STK,ME005
005290,KR7005290002,동진쎄미켐,KOSDAQ,우량기업부,51900,1,4250,8.92,47200,52000,47150,826987,41814100125,2645349539400,50970126,KSQ,ME005
010170,KR7010170009,대한광통신,KOSDAQ,중견기업부,16970,1,290,1.74,16700,16970,16260,2895858,48043498305,2638591650200,155485660,KSQ,ME005
226950,KR7226950004,올릭스,KOSDAQ GLOBAL,기술성장기업부,115700,1,13200,12.88,101600,116600,99900,282497,31545515950,2632237362300,22750539,KSQ,ME005
085620,KR7085620003,미래에셋생명,KOSPI,,19320,1,260,1.36,18860,19330,18800,25739,488901555,2611677600000,135180000,STK,ME005
011170,KR7011170008,롯데케미칼,KOSPI,,60600,1,600,1.0,60100,61800,59600,65170,3948960000,2592190391400,42775419,STK,ME005
004800,KR7004800009,효성,KOSPI,,154600,2,-1800,-1.15,158800,158800,153100,3280,506574200,2588066922200,16740407,STK,ME005
026960,KR7026960005,동서,KOSPI,,25850,1,500,1.97,25350,25850,25250,57889,1485245925,2577245000000,99700000,STK,ME005
450080,KR7450080007,에코프로머티,KOSPI,,36300,1,1500,4.31,34700,36600,34350,218801,7813789550,2570543481000,70813870,STK,ME005
489790,KR7489790006,한화비전,KOSPI,,50900,1,500,0.99,50000,51000,49650,87539,4423428400,2569859051000,50488390,STK,ME005
257720,KR7257720003,실리콘투,KOSDAQ,우량기업부,39000,1,850,2.23,38350,39250,37250,320878,12328455800,2557473828000,65576252,KSQ,ME005
003690,KR7003690005,코리안리,KOSPI,,14330,2,-260,-1.78,14720,14720,14320,76459,1101278255,2532412374230,176721031,STK,ME005
178320,KR7178320008,서진시스템,KOSDAQ,중견기업부,39700,1,1300,3.39,38450,40000,37700,753289,29196978100,2529822513300,63723489,KSQ,ME005
009420,KR7009420001,한올바이오파마,KOSPI,,47650,1,3550,8.05,43900,47700,43250,178402,8257846725,2489266400700,52240638,STK,ME005
004370,KR7004370003,농심,KOSPI,,404000,1,500,0.12,404000,410000,400000,10073,4082002000,2457387368000,6082642,STK,ME005
005850,KR7005850003,에스엘,KOSPI,,51600,1,2300,4.67,50700,52000,50300,67778,3493306650,2396743632000,46448520,STK,ME005
000240,KR7000240002,한국앤컴퍼니,KOSPI,,24900,2,-200,-0.8,25200,25300,24800,18951,474921625,2363887476000,94935240,STK,ME005
004990,KR7004990008,롯데지주,KOSPI,,23700,2,-350,-1.46,23950,24100,23600,36813,873575175,2362031491200,99663776,STK,ME005
457190,KR7457190007,이수스페셜티케미컬,KOSPI,,77600,2,-2100,-2.63,77700,77900,75100,225139,17215280750,2344984467200,30218872,STK,ME005
483650,KR7483650008,달바글로벌,KOSPI,,186200,2,-400,-0.21,185200,188000,182000,29420,5453536800,2332558123000,12527165,STK,ME005
005440,KR7005440003,현대지에프홀딩스,KOSPI,,12660,2,-150,-1.17,12920,12960,12600,173636,2207729500,2321808539340,183397199,STK,ME005
319400,KR7319400008,현대무벡스,KOSDAQ,우량기업부,20650,1,300,1.47,20450,20700,20050,420424,8558544650,2299915205350,111376039,KSQ,ME005
098460,KR7098460009,고영,KOSDAQ,우량기업부,33550,1,2600,8.4,30950,33900,30550,2299751,75390698050,2288251346150,68204213,KSQ,ME005
140410,KR7140410002,메지온,KOSDAQ,투자주의환기종목(소속부없음),74100,1,1200,1.65,73200,74400,70400,53573,3870152350,2269066043400,30621674,KSQ,ME005
001720,KR7001720002,신영증권,KOSPI,,137100,2,-3000,-2.14,140000,140000,136200,6597,906288150,2253924000000,16440000,STK,ME005
214370,KR7214370009,케어젠,KOSDAQ,벤처기업부,41900,1,1050,2.57,40650,42450,39900,39526,1641441375,2250658500000,53715000,KSQ,ME005
145020,KR7145020004,휴젤,KOSDAQ,우량기업부,179500,2,-200,-0.11,178200,180700,175500,35167,6267126350,2246473553500,12515173,KSQ,ME005
112610,KR7112610001,씨에스윈드,KOSPI,,53200,1,2300,4.52,51000,53700,50100,288529,15108657550,2243518639600,42171403,STK,ME005
020150,KR7020150009,롯데에너지머티리얼즈,KOSPI,,42700,1,700,1.67,41950,43300,41300,93520,3988847625,2236005270100,52365463,STK,ME005
018670,KR7018670000,SK가스,KOSPI,,239500,3,0,0.0,242000,242000,236500,1551,370352750,2219983938000,9269244,STK,ME005
282330,KR7282330000,BGF리테일,KOSPI,,128000,2,-2000,-1.54,129300,131100,127000,17265,2223793650,2212339968000,17283906,STK,ME005
058610,KR7058610007,에스피지,KOSDAQ,우량기업부,99000,1,2300,2.38,98100,99200,96500,80907,7931019850,2195558640000,22177360,KSQ,ME005
279570,KR7279570006,케이뱅크,KOSPI,,5390,3,0,0.0,5400,5420,5360,90998,489268720,2186696863890,405695151,STK,ME005
103140,KR7103140000,풍산,KOSPI,,77600,3,0,0.0,78300,78700,77000,19844,1538127100,2174683972800,28024278,STK,ME005
204320,KR7204320006,HL만도,KOSPI,,46250,1,600,1.31,46100,47000,45400,127982,5919326125,2171766800000,46957120,STK,ME005
032820,KR7032820003,우리기술,KOSDAQ,벤처기업부,12510,1,210,1.71,12640,12800,12180,1477826,18354822450,2161535496120,172784612,KSQ,ME005
030000,KR7030000004,제일기획,KOSPI,,18780,1,40,0.21,18760,19120,18730,237663,4491492895,2160474205500,115041225,STK,ME005
030530,KR7030530000,원익홀딩스,KOSDAQ,중견기업부,27200,1,800,3.03,26200,27350,26100,587211,15749382675,2100873083200,77237981,KSQ,ME005
043260,KR7043260009,성호전자,KOSDAQ,우량기업부,27800,1,1350,5.1,26650,28000,26050,3054274,83282291300,2097561374400,75451848,KSQ,ME005
009970,KR7009970005,영원무역홀딩스,KOSPI,,161200,2,-1200,-0.74,164000,164000,161200,2937,476664900,2088155300400,12953817,STK,ME005
263750,KR7263750002,펄어비스,KOSDAQ,우량기업부,33150,1,50,0.15,32300,33550,32000,139767,4611280900,2083275616500,62843910,KSQ,ME005
140860,KR7140860008,파크시스템스,KOSDAQ GLOBAL,우량기업부,294500,1,20000,7.29,272000,295000,271500,36140,10427787750,2062227120500,7002469,KSQ,ME005
347850,KR7347850000,디앤디파마텍,KOSDAQ,기술성장기업부,44500,1,2650,6.33,41500,45000,41050,407985,17805047750,2046830410500,45996189,KSQ,ME005
214150,KR7214150005,클래시스,KOSDAQ GLOBAL,우량기업부,31050,1,850,2.81,30050,31200,29700,121080,3697660400,2025567211950,65235659,KSQ,ME005
089030,KR7089030001,테크윙,KOSDAQ,중견기업부,54600,1,2700,5.2,51900,55000,51400,735947,39781014100,2023129017000,37053645,KSQ,ME005
131970,KR7131970006,두산테스나,KOSDAQ GLOBAL,우량기업부,102850,1,5150,5.27,97200,103500,97000,243825,24643285850,1987806428300,19327238,KSQ,ME005
081660,KR7081660003,미스토홀딩스,KOSPI,,37300,2,-200,-0.53,37500,38000,37200,42030,1575223450,1980325632000,53091840,STK,ME005
002790,KR7002790004,아모레퍼시픽홀딩스,KOSPI,,25800,2,-50,-0.19,25650,26050,25500,39885,1028687400,1972621044000,76458180,STK,ME005
237690,KR7237690003,에스티팜,KOSDAQ GLOBAL,우량기업부,94400,1,2700,2.94,91500,95500,91000,71424,6704605550,1970754627200,20876638,KSQ,ME005
051600,KR7051600005,한전KPS,KOSPI,,43550,2,-150,-0.34,44500,45050,43500,89105,3919288150,1959750000000,45000000,STK,ME005
073240,KR7073240004,금호타이어,KOSPI,,6820,1,150,2.25,6720,6900,6630,454567,3076402640,1959115157340,287260287,STK,ME005
139480,KR7139480008,이마트,KOSPI,,70800,2,-700,-0.98,71600,72000,70400,42830,3036441950,1953783985200,27595819,STK,ME005
229640,KR7229640008,LS에코에너지,KOSPI,,62800,1,800,1.29,62100,63000,60600,67561,4199416600,1923242401200,30624879,STK,ME005
069960,KR7069960003,현대백화점,KOSPI,,88200,2,-1400,-1.56,89700,89700,87300,20874,1840391350,1902025238400,21564912,STK,ME005
000155,KR7000151001,두산우,KOSPI,,470500,1,4500,0.97,471500,480000,466500,5668,2670324750,1880335371000,3996462,STK,ME005
089860,KR7089860001,롯데렌탈,KOSPI,,51500,1,900,1.78,50400,52100,50300,153531,7875957400,1869933482000,36309388,STK,ME005
083650,KR7083650002,비에이치아이,KOSDAQ,우량기업부,60100,1,100,0.17,62300,62400,59600,209253,12668296850,1859756937500,30944375,KSQ,ME005
323280,KR7323280008,태성,KOSDAQ,중견기업부,60800,1,2500,4.29,57100,61900,56700,400821,24000852400,1856709184000,30537980,KSQ,ME005
007070,KR7007070006,GS리테일,KOSPI,,22100,2,-350,-1.56,22400,22550,22000,48911,1086088650,1847723871500,83607415,STK,ME005
007810,KR7007810005,코리아써키트,KOSPI,,76300,1,2000,2.69,73200,76900,72600,331240,24830920700,1829873906000,23982620,STK,ME005
462870,KR7462870007,시프트업,KOSPI,,30900,1,200,0.65,30700,31300,30700,11440,354825650,1815124401000,58741890,STK,ME005
181710,KR7181710005,NHN,KOSPI,,56100,1,1100,2.0,54500,57900,54200,107348,6110314300,1813654936500,32328965,STK,ME005
183300,KR7183300003,코미코,KOSDAQ,우량기업부,35300,1,1250,3.67,33850,36200,33600,280244,9882432775,1813123607500,51363275,KSQ,ME005
041510,KR7041510009,에스엠,KOSDAQ GLOBAL,우량기업부,78600,2,-2900,-3.56,81400,81700,77600,60025,4741486300,1799522634000,22894690,KSQ,ME005
036540,KR7036540003,SFA반도체,KOSDAQ,중견기업부,10880,1,100,0.93,10780,11850,10650,10787399,122823825270,1789328096640,164460303,KSQ,ME005
281820,KR7281820001,케이씨텍,KOSPI,,89700,1,1800,2.05,87800,90700,87600,96616,8644484150,1775939891700,19798661,STK,ME005
089970,KR7089970008,브이엠,KOSDAQ,우량기업부,67200,1,4200,6.67,61600,67500,61100,484179,31944673850,1769158608000,26326765,KSQ,ME005
439260,KR7439260001,대한조선,KOSPI,,45700,1,750,1.67,45550,45700,44800,7533,341439400,1740654961000,38088730,STK,ME005
068760,KR7068760008,셀트리온제약,KOSDAQ,우량기업부,39150,1,1050,2.76,37900,39350,37800,75027,2910398025,1738351297800,44402332,KSQ,ME005
020560,KR7020560009,아시아나항공,KOSPI,,8300,2,-220,-2.58,8490,8510,8270,27608,230282690,1709722901300,205990711,STK,ME005
096530,KR7096530001,씨젠,KOSDAQ GLOBAL,우량기업부,36350,1,900,2.54,34800,36650,34750,288335,10432729825,1698795512700,46734402,KSQ,ME005
001820,KR7001820000,삼화콘덴서,KOSPI,,161100,1,11900,7.98,149500,162800,147300,884901,139134359450,1674634500000,10395000,STK,ME005
093370,KR7093370005,후성,KOSPI,,15600,1,600,4.0,14880,15920,14390,6526898,101020134295,1673183148000,107255330,STK,ME005
001430,KR7001430008,세아베스틸지주,KOSPI,,46650,1,1700,3.78,45800,46750,44750,105092,4814301775,1672967851350,35862119,STK,ME005
475150,KR7475150009,SK이터닉스,KOSPI,,49100,2,-250,-0.51,49400,49900,48550,309078,15147208275,1672689896400,34067004,STK,ME005
060370,KR7060370004,LS마린솔루션,KOSDAQ,우량기업부,31900,2,-300,-0.93,31850,32150,31250,79455,2519139325,1666419442600,52238854,KSQ,ME005
023590,KR7023590003,다우기술,KOSPI,,38200,1,700,1.87,37800,38300,37300,17779,671862700,1653575318400,43287312,STK,ME005
420770,KR7420770000,기가비스,KOSDAQ,우량기업부,129500,1,2400,1.89,127100,131000,124000,46659,6022911600,1641510661000,12675758,KSQ,ME005
120110,KR7120110002,코오롱인더,KOSPI,,54800,2,-300,-0.54,54600,55700,54400,87900,4828316500,1641042553600,29946032,STK,ME005
071970,KR7071970008,HD현대마린엔진,KOSPI,,48300,2,-300,-0.62,48550,48700,47400,52940,2537123625,1638408208500,33921495,STK,ME005
001120,KR7001120005,LX인터내셔널,KOSPI,,41900,2,-1400,-3.23,43100,43300,41750,67242,2841472575,1624044000000,38760000,STK,ME005
0009K0,KR70009K0001,에임드바이오,KOSDAQ,기술성장기업부,24700,1,2350,10.51,22100,24700,22000,124968,2973860750,1608900226700,65137661,KSQ,ME005
007390,KR7007390008,네이처셀,KOSDAQ,중견기업부,24900,1,750,3.11,24050,24900,23850,111007,2716166625,1604432894400,64435056,KSQ,ME005
437730,KR7437730005,삼현,KOSDAQ,기술성장기업부,50000,1,550,1.11,49650,50500,48400,164019,8104585625,1585378350000,31707567,KSQ,ME005
000120,KR7000120006,CJ대한통운,KOSPI,,69400,2,-600,-0.86,70200,70200,69200,23419,1628598150,1583176673600,22812344,STK,ME005
395400,KR7395400005,SK리츠,KOSPI,,5230,3,0,0.0,5240,5290,5180,88373,462378175,1574322152600,301017620,STK,ME005
218410,KR7218410009,RFHIC,KOSDAQ,우량기업부,58900,1,400,0.68,58000,58900,57300,114180,6631871600,1565293533800,26575442,KSQ,ME005
006040,KR7006040000,동원산업,KOSPI,,35300,3,0,0.0,35650,35650,35150,9682,342365475,1558170910700,44140819,STK,ME005
008770,KR7008770000,호텔신라,KOSPI,,39100,2,-250,-0.64,39250,39350,38700,123585,4815284825,1534601531100,39248121,STK,ME005
078600,KR7078600004,대주전자재료,KOSDAQ,우량기업부,97200,1,2800,2.97,93100,98000,92400,100664,9608053850,1526442213600,15704138,KSQ,ME005
009155,KR7009151002,삼성전기우,KOSPI,,520000,2,-6000,-1.14,523000,523000,484500,12550,6367221000,1511631680000,2906984,STK,ME005
006280,KR7006280002,녹십자,KOSPI,,129000,1,6000,4.88,124400,129600,123400,22969,2940523450,1507563402000,11686538,STK,ME005
294870,KR7294870001,IPARK현대산업개발,KOSPI,,22750,2,-450,-1.94,23400,23500,22750,37393,858682900,1499391757500,65907330,STK,ME005
290650,KR7290650001,엘앤씨바이오,KOSDAQ,우량기업부,55200,1,3400,6.56,50900,55300,49950,162992,8770232000,1488727660800,26969704,KSQ,ME005
012630,KR7012630000,HDC,KOSPI,,24900,2,-250,-0.99,25400,25900,24850,31331,790151200,1487568852900,59741721,STK,ME005
005070,KR7005070008,코스모신소재,KOSPI,,44250,1,1000,2.31,42800,44450,42700,58260,2557430175,1469744766750,33214571,STK,ME005
322000,KR7322000001,HD현대에너지솔루션,KOSPI,,129400,1,1100,0.86,126700,130300,123000,92877,11888875600,1449280000000,11200000,STK,ME005
011210,KR7011210002,현대위아,KOSPI,,52300,1,200,0.38,52800,53600,52100,30950,1627768550,1422302840900,27195083,STK,ME005
950260,KR8840280000,인제니아테라퓨틱스(Reg.S),KOSDAQ,기술성장기업부,28750,1,2750,10.58,26050,28950,26000,1169136,32138508375,1421532451250,49444607,KSQ,ME005
039200,KR7039200001,오스코텍,KOSDAQ,벤처기업부,37050,1,1400,3.93,35400,37550,35150,97731,3582179200,1417465420800,38258176,KSQ,ME005
001800,KR7001800002,오리온홀딩스,KOSPI,,23000,2,-200,-0.86,23400,23550,23000,27345,635821425,1383602996000,60156652,STK,ME005
950160,KR8840120008,코오롱티슈진,KOSDAQ,외국기업(소속부없음),16040,1,680,4.43,15400,16100,15030,462829,7275987040,1362921366400,84970160,KSQ,ME005
361610,KR7361610009,SK아이이테크놀로지,KOSPI,,16590,2,-760,-4.38,17440,17460,16540,195752,3286668880,1356847989000,81787100,STK,ME005
035900,KR7035900000,JYP Ent.,KOSDAQ GLOBAL,우량기업부,37550,3,0,0.0,37350,37650,36950,94234,3514584075,1334245074600,35532492,KSQ,ME005
097230,KR7097230007,HJ중공업,KOSPI,,14770,1,120,0.82,14670,14790,14520,82379,1208298065,1333662230880,90295344,STK,ME005
082920,KR7082920000,비츠로셀,KOSDAQ GLOBAL,우량기업부,28650,1,500,1.78,27900,28750,27900,66820,1899977775,1293246016050,45139477,KSQ,ME005
00680K,KR700680K019,미래에셋증권2우B,KOSPI,,10050,2,-190,-1.86,10170,10230,9900,183601,1838381755,1279075057500,127271150,STK,ME005
001740,KR7001740000,SK네트웍스,KOSPI,,6340,1,130,2.09,6210,6380,6170,351396,2202020870,1271765256260,200593889,STK,ME005
232140,KR7232140004,와이씨,KOSDAQ,우량기업부,15420,1,810,5.54,14550,15740,14520,3191283,49165896185,1265139297000,82045350,KSQ,ME005
069620,KR7069620003,대웅제약,KOSPI,,109100,1,2800,2.63,107300,110300,106000,13550,1464762150,1264095332500,11586575,STK,ME005
066575,KR7066571001,LG전자우,KOSPI,,73100,1,500,0.69,72600,73200,71700,13010,941902000,1255952956900,17181299,STK,ME005
007310,KR7007310006,오뚜기,KOSPI,,312500,2,-2500,-0.79,318000,318500,311500,1299,406968500,1252446875000,4007830,STK,ME005
204270,KR7204270003,제이앤티씨,KOSDAQ,중견기업부,21400,2,-850,-3.82,22050,22050,20700,874225,18523276800,1237957172400,57848466,KSQ,ME005
241710,KR7241710003,코스메카코리아,KOSDAQ GLOBAL,우량기업부,115300,1,1500,1.32,112800,117200,107800,93835,10671698950,1231404000000,10680000,KSQ,ME005
166090,KR7166090001,하나머티리얼즈,KOSDAQ,우량기업부,62100,1,2100,3.5,59700,62400,59300,75954,4682892350,1228193555400,19777674,KSQ,ME005
003380,KR7003380003,하림지주,KOSDAQ GLOBAL,우량기업부,10960,1,160,1.48,10750,11000,10730,113279,1234849560,1227581606160,112005621,KSQ,ME005
415640,KR7415640002,KB발해인프라,KOSPI,,10010,2,-20,-0.2,10030,10090,9950,52084,522216300,1226680935480,122545548,STK,ME005
192080,KR7192080000,더블유게임즈,KOSPI,,57800,2,-200,-0.34,58400,58500,57700,11252,653823800,1223826450400,21173468,STK,ME005
003540,KR7003540002,대신증권,KOSPI,,25250,2,-50,-0.2,25400,25400,25050,15934,400893675,1203569681500,47666126,STK,ME005
252990,KR7252990007,샘씨엔에스,KOSDAQ,우량기업부,19870,1,130,0.66,19750,20750,19610,496281,9984996855,1196529454430,60217889,KSQ,ME005
330590,KR7330590001,롯데리츠,KOSPI,,4140,1,60,1.47,4100,4150,4070,82466,339073537,1196331179760,288968884,STK,ME005
347700,KR7347700007,스피어,KOSDAQ,기술성장기업부,23050,1,950,4.3,22100,23450,21600,543250,12299109900,1188258894100,51551362,KSQ,ME005
298020,KR7298020009,효성티앤씨,KOSPI,,274500,2,-4500,-1.61,278500,281000,273500,8865,2458922250,1187948709000,4327682,STK,ME005
300720,KR7300720000,한일시멘트,KOSPI,,16080,2,-110,-0.68,16230,16250,16060,15097,243812100,1182606960720,73545209,STK,ME005
000815,KR7000811000,삼성화재우,KOSPI,,392500,2,-4500,-1.13,399000,399500,391000,4548,1787018500,1180255350000,3007020,STK,ME005
006120,KR7006120000,SK디스커버리,KOSPI,,65900,1,300,0.46,66000,66400,64300,22826,1498421950,1147566190900,17413751,STK,ME005
195940,KR7195940002,HK이노엔,KOSDAQ GLOBAL,우량기업부,40100,1,1000,2.56,38750,40250,38750,49059,1947145650,1136028629100,28329891,KSQ,ME005
280360,KR7280360009,롯데웰푸드,KOSPI,,122700,3,0,0.0,123400,123600,121500,5390,660178100,1129401229800,9204574,STK,ME005
030610,KR7030610000,교보증권,KOSPI,,9910,1,60,0.61,9910,9930,9800,9310,91662615,1129372943510,113962961,STK,ME005
127120,KR7127120004,제이에스링크,KOSDAQ,벤처기업부,30200,2,-250,-0.82,30450,30500,29900,23731,714769950,1123189038000,37191690,KSQ,ME005
356860,KR7356860007,티엘비,KOSDAQ,우량기업부,47350,1,1700,3.72,45050,47500,44950,371977,17300492025,1122254661000,23701260,KSQ,ME005
003160,KR7003160009,디아이,KOSPI,,39200,1,2500,6.81,36800,41900,36750,1795312,72093714800,1109360000000,28300000,STK,ME005
004000,KR7004000006,롯데정밀화학,KOSPI,,42600,2,-600,-1.39,43100,43450,42600,17303,740696675,1099080000000,25800000,STK,ME005
195870,KR7195870001,해성디에스,KOSPI,,64500,1,2600,4.2,61400,64700,60800,67459,4275515500,1096500000000,17000000,STK,ME005
101490,KR7101490001,에스앤에스텍,KOSDAQ GLOBAL,우량기업부,50300,1,5150,11.41,45300,50700,44950,397031,19259400900,1073144413700,21334879,KSQ,ME005
056190,KR7056190002,SFA,KOSDAQ GLOBAL,우량기업부,29450,1,850,2.97,29500,29900,29000,165312,4878863500,1057512982000,35908760,KSQ,ME005
017960,KR7017960006,한국카본,KOSPI,,20300,1,250,1.25,20350,20350,19960,54813,1104647470,1049032665800,51676486,STK,ME005
293490,KR7293490009,카카오게임즈,KOSDAQ GLOBAL,중견기업부,9750,1,540,5.86,9280,10010,9240,468322,4568326030,1040766333750,106745265,KSQ,ME005
000080,KR7000080002,하이트진로,KOSPI,,14820,1,40,0.27,14910,14980,14810,34840,519021360,1039380115020,70133611,STK,ME005
496320,KR7496320003,본시스템즈,KONEX,일반기업부,1023000,3,0,0.0,0,0,0,0,0,1039340379000,1015973,KNX,ME005
006340,KR7006340004,대원전선,KOSPI,,13070,1,80,0.62,12980,13080,12710,596550,7683604570,1024876417120,78414416,STK,ME005
445680,KR7445680002,큐리옥스바이오시스템즈,KOSDAQ,기술성장기업부,59400,1,2000,3.48,57000,60800,56500,49605,2926060650,1023147120600,17224699,KSQ,ME005
000210,KR7000210005,DL,KOSPI,,48800,2,-750,-1.51,50100,50100,48800,18673,921063250,1022647139200,20955884,STK,ME005
003570,KR7003570009,SNT다이내믹스,KOSPI,,30350,2,-550,-1.78,30750,31550,30200,57243,1753532875,1009219353950,33252697,STK,ME005
003240,KR7003240009,태광산업,KOSPI,,901000,2,-9000,-0.99,919000,920000,899000,769,695821000,1003173400000,1113400,STK,ME005
083450,KR7083450007,GST,KOSDAQ,우량기업부,54400,1,3400,6.67,51200,54600,50100,203104,10813304900,1002592000000,18430000,KSQ,ME005
086450,KR7086450004,동국제약,KOSDAQ GLOBAL,우량기업부,22100,1,600,2.79,21700,22400,21600,287228,6337106575,999592282000,45230420,KSQ,ME005
458870,KR7458870003,씨어스,KOSDAQ,기술성장기업부,25800,1,150,0.58,25400,26150,25100,101125,2605014375,989310339600,38345362,KSQ,ME005
003530,KR7003530003,한화투자증권,KOSPI,,4540,1,90,2.02,4550,4600,4400,884167,3960457653,974046898500,214547775,STK,ME005
192400,KR7192400000,쿠쿠홀딩스,KOSPI,,26950,3,0,0.0,27100,27100,26800,6749,181874000,958400885750,35562185,STK,ME005
451800,KR7451800007,한화리츠,KOSPI,,5310,2,-40,-0.75,5360,5440,5280,45887,246071130,953676000000,179600000,STK,ME005
100790,KR7100790005,미래에셋벤처투자,KOSDAQ,우량기업부,17790,1,830,4.89,16750,17800,16680,283013,4916810085,945015082620,53120578,KSQ,ME005
030190,KR7030190003,NICE평가정보,KOSPI,,16160,1,230,1.44,15930,16290,15920,22090,356865340,941622854560,58268741,STK,ME005
417200,KR7417200003,LS머트리얼즈,KOSDAQ,중견기업부,13860,2,-50,-0.36,13910,13980,13440,782178,10730205080,937665853740,67652659,KSQ,ME005
161580,KR7161580006,필옵틱스,KOSDAQ,중견기업부,39850,1,400,1.01,38500,39900,38000,263524,10348665800,934173542950,23442247,KSQ,ME005
032350,KR7032350001,롯데관광개발,KOSPI,,11710,1,160,1.39,11660,11760,11450,110072,1280360630,933585113180,79725458,STK,ME005
115180,KR7115180002,큐리언트,KOSDAQ,벤처기업부,24700,1,2700,12.27,22250,24850,22250,146034,3483778950,927093529700,37534151,KSQ,ME005
119850,KR7119850006,지엔씨에너지,KOSDAQ,우량기업부,55900,2,-1300,-2.27,55700,58200,54800,263563,14841309050,919494013100,16448909,KSQ,ME005
009240,KR7009240003,한샘,KOSPI,,38900,2,-150,-0.38,39500,39500,38650,13268,517214950,915469799200,23533928,STK,ME005
006110,KR7006110001,삼아알미늄,KOSPI,,60100,2,-1000,-1.64,60500,62100,58600,69332,4168304150,908919645500,15123455,STK,ME005
425420,KR7425420007,티에프이,KOSDAQ,우량기업부,73500,1,9600,15.02,64000,75300,64000,273551,19666025200,907517803500,12347181,KSQ,ME005
071320,KR7071320006,지역난방공사,KOSPI,,78300,2,-400,-0.51,79400,79400,78200,4011,314881200,906615655200,11578744,STK,ME005
077970,KR7077970002,STX엔진,KOSPI,,22500,1,500,2.27,22300,22650,21750,68452,1518798700,903331417500,40148063,STK,ME005
003090,KR7003090008,대웅,KOSPI,,15490,1,420,2.79,15090,15630,15090,73993,1142958840,900619270200,58141980,STK,ME005
491000,KR7491000006,리브스메드,KOSDAQ,기술성장기업부,35600,1,4950,16.15,30550,37000,30150,397362,13688193600,899087647600,25255271,KSQ,ME005
009450,KR7009450008,경동나비엔,KOSPI,,61700,1,700,1.15,61700,61900,60800,11309,695010200,898882126400,14568592,STK,ME005
160190,KR7160190005,하이젠알앤엠,KOSDAQ,중견기업부,29100,1,950,3.37,28450,29350,27700,78450,2228097225,898840800000,30888000,KSQ,ME005
036830,KR7036830008,솔브레인홀딩스,KOSDAQ GLOBAL,우량기업부,43750,1,1650,3.92,41700,44150,41350,46959,2030347925,897049168750,20503981,KSQ,ME005
185750,KR7185750007,종근당,KOSPI,,64600,1,400,0.62,64700,65400,64100,8959,580404000,891659588000,13802780,STK,ME005
388210,KR7388210007,씨엠티엑스,KOSDAQ,벤처기업부,92100,1,3500,3.95,87700,93000,87700,56950,5216106950,889173739800,9654438,KSQ,ME005
285130,KR7285130001,SK케미칼,KOSPI,,51000,2,-300,-0.58,51400,51800,50700,13473,688885300,882237066000,17298766,STK,ME005
327260,KR7327260006,RF머트리얼즈,KOSDAQ,벤처기업부,49000,2,-250,-0.51,49000,49250,47200,331936,15951384000,881382992000,17987408,KSQ,ME005
051915,KR7051911006,LG화학우,KOSPI,,114500,1,1600,1.42,112600,115000,112300,2761,315367400,880367600000,7688800,STK,ME005
005300,KR7005300009,롯데칠성,KOSPI,,94700,3,0,0.0,95500,95500,94300,5361,507912950,878710314800,9278884,STK,ME005
065350,KR7065350001,신성델타테크,KOSDAQ,우량기업부,31600,1,1000,3.27,30500,31900,30450,66826,2099859900,868492756800,27483948,KSQ,ME005
031330,KR7031330004,에스에이엠티,KOSDAQ,우량기업부,8670,1,340,4.08,8330,8670,8270,252837,2153276235,866957230890,99995067,KSQ,ME005
034230,KR7034230003,파라다이스,KOSPI,,9350,1,20,0.21,9390,9400,9250,119695,1115597905,866084721700,92629382,STK,ME005
099320,KR7099320004,쎄트렉아이,KOSDAQ,우량기업부,78700,1,3300,4.38,75700,78700,75000,27254,2095732750,861865578600,10951278,KSQ,ME005
053800,KR7053800009,안랩,KOSDAQ,우량기업부,77000,1,1600,2.12,75000,77400,74900,32613,2506393700,856740962000,11126506,KSQ,ME005
000370,KR7000370007,한화손해보험,KOSPI,,7240,2,-60,-0.82,7340,7350,7170,189202,1367729790,845189744600,116738915,STK,ME005
004490,KR7004490009,세방전지,KOSPI,,60500,1,1100,1.85,59500,60500,59200,18090,1086725300,838530000000,13860000,STK,ME005
003470,KR7003470002,유안타증권,KOSPI,,4350,2,-5,-0.11,4355,4390,4315,71627,310758175,838158443700,192680102,STK,ME005
074600,KR7074600008,원익QnC,KOSDAQ,우량기업부,31750,1,1200,3.93,30300,31850,30150,159218,5004393525,834644000000,26288000,KSQ,ME005
071055,KR7071051007,한국금융지주우,KOSPI,,142300,1,400,0.28,141900,142800,141200,3835,544373850,833629117300,5858251,STK,ME005
079160,KR7079160008,CJ CGV,KOSPI,,5020,2,-40,-0.79,5080,5120,4995,212826,1071512130,831225640940,165582797,STK,ME005
014620,KR7014620009,성광벤드,KOSDAQ GLOBAL,우량기업부,30900,1,50,0.16,32250,32250,30400,165092,5119639775,820622547600,26557364,KSQ,ME005
328130,KR7328130000,루닛,KOSDAQ,기술성장기업부,10980,1,90,0.83,10740,11030,10450,479481,5143801055,817550816400,74458180,KSQ,ME005
388720,KR7388720005,유일로보틱스,KOSDAQ,벤처기업부,69000,1,2000,2.99,66600,69000,66100,12057,815982950,812912805000,11781345,KSQ,ME005
032500,KR7032500001,케이엠더블유,KOSDAQ,중견기업부,19020,1,220,1.17,18640,19050,18380,63864,1191985260,802486153020,42191701,KSQ,ME005
085660,KR7085660009,차바이오텍,KOSDAQ,중견기업부,8530,1,340,4.15,8140,8635,8100,147366,1240807245,793058376380,92972846,KSQ,ME005
295310,KR7295310007,에이치브이엠,KOSDAQ,기술성장기업부,63800,1,4000,6.69,60000,64400,59400,114485,7183573400,792833795600,12426862,KSQ,ME005
281740,KR7281740001,레이크머티리얼즈,KOSDAQ,우량기업부,11940,1,440,3.83,11370,12050,11190,403142,4718610580,784822743120,65730548,KSQ,ME005
035760,KR7035760008,CJ ENM,KOSDAQ GLOBAL,중견기업부,35700,2,-1100,-2.99,36900,37200,35500,35443,1277444425,782870797800,21929154,KSQ,ME005
251970,KR7251970000,펌텍코리아,KOSDAQ GLOBAL,우량기업부,63000,1,1700,2.77,61300,63000,60500,23156,1441352800,781200000000,12400000,KSQ,ME005
476830,KR7476830005,알지노믹스,KOSDAQ,기술성장기업부,27750,1,3700,15.38,23700,27900,23500,427124,11202594025,778538349000,28055436,KSQ,ME005
059090,KR7059090001,미코,KOSDAQ,벤처기업부,23250,1,50,0.22,22650,23750,22500,231545,5388671475,776940088500,33416778,KSQ,ME005
033790,KR7033790007,피노,KOSDAQ,중견기업부,9000,1,130,1.47,8770,9230,8660,1048400,9386958675,774116577000,86012953,KSQ,ME005
122870,KR7122870009,와이지엔터테인먼트,KOSDAQ GLOBAL,우량기업부,41350,2,-1550,-3.61,42750,42850,41300,60415,2527207725,772874876150,18691049,KSQ,ME005
033100,KR7033100009,제룡전기,KOSDAQ GLOBAL,우량기업부,48000,1,400,0.84,47150,48000,46900,32329,1537326475,770995632000,16062409,KSQ,ME005
044490,KR7044490001,태웅,KOSDAQ,우량기업부,38200,1,250,0.66,39500,39650,38050,107792,4157073875,764281954200,20007381,KSQ,ME005
499790,KR7499790004,GS피앤엘,KOSPI,,38300,2,-100,-0.26,38550,38850,37900,32878,1261735350,759521210300,19830841,STK,ME005
365550,KR7365550003,ESR켄달스퀘어리츠,KOSPI,,3075,2,-25,-0.81,3110,3210,3060,88037,271611602,756723675000,246089000,STK,ME005
090360,KR7090360009,로보스타,KOSDAQ,중견기업부,77500,1,2200,2.92,75400,77600,74400,40694,3105958300,755625000000,9750000,KSQ,ME005
053610,KR7053610002,프로텍,KOSDAQ,우량기업부,83500,1,2300,2.83,79400,86000,79400,38487,3236607000,751500000000,9000000,KSQ,ME005
005690,KR7005690003,파미셀,KOSPI,,12520,1,360,2.96,12070,12660,12070,518302,6464932525,751250255280,60004014,STK,ME005
137310,KR7137310009,에스디바이오센서,KOSPI,,6220,1,90,1.47,6130,6270,6080,79389,493919105,751059414440,120749102,STK,ME005
005180,KR7005180005,빙그레,KOSPI,,84800,2,-900,-1.05,84900,86600,83100,37389,3180127650,749784724800,8841801,STK,ME005
000670,KR7000670000,영풍,KOSPI,,40400,2,-850,-2.06,41000,41400,40000,28478,1152287775,743791593200,18410683,STK,ME005
090710,KR7090710005,휴림로봇,KOSDAQ,중견기업부,6220,1,160,2.64,6020,6230,5960,527404,3224579580,743657160380,119559029,KSQ,ME005
036530,KR7036530004,SNT홀딩스,KOSPI,,45550,2,-750,-1.62,46300,46750,45500,8675,397563850,742642007300,16303886,STK,ME005
100090,KR7100090000,SK오션플랜트,KOSPI,,11880,1,200,1.71,11840,11940,11650,184172,2172528165,742240172520,62478129,STK,ME005
064290,KR7064290000,인텍플러스,KOSDAQ,중견기업부,57000,1,3200,5.95,53000,59000,52600,208261,11874401700,738581946000,12957578,KSQ,ME005
171090,KR7171090004,선익시스템,KOSDAQ,우량기업부,72900,1,3200,4.59,69700,73700,69100,29466,2124598250,738303935400,10127626,KSQ,ME005
213420,KR7213420003,덕산네오룩스,KOSDAQ,우량기업부,29700,1,700,2.41,29100,30000,29000,46693,1385232700,737486016300,24831179,KSQ,ME005
122640,KR7122640006,예스티,KOSDAQ,벤처기업부,34000,1,400,1.19,33100,34800,33100,283934,9750659975,736145050000,21651325,KSQ,ME005
032190,KR7032190001,다우데이타,KOSDAQ,우량기업부,19190,1,210,1.11,18980,19200,18800,41011,778374150,734977000000,38300000,KSQ,ME005
041960,KR7041960006,코미팜,KOSDAQ,벤처기업부,9840,1,20,0.2,9890,10080,9680,114320,1130377470,734243097840,74618201,KSQ,ME005
023160,KR7023160005,태광,KOSDAQ GLOBAL,우량기업부,28350,1,650,2.35,28600,28750,27450,114935,3232539600,733336310700,25867242,KSQ,ME005
100840,KR7100840008,SNT에너지,KOSPI,,36950,2,-200,-0.54,37800,37900,36750,63237,2347116950,730172940600,19761108,STK,ME005
094800,KR7094800000,맵스리얼티,KOSPI,,7840,2,-40,-0.51,7720,7850,7650,9042,70804210,727821155040,92834331,STK,ME005
036810,KR7036810000,에프에스티,KOSDAQ,중견기업부,33600,1,2400,7.69,31300,33850,31000,155956,5159449350,727432910400,21649789,KSQ,ME005
214320,KR7214320004,이노션,KOSPI,,18180,2,-30,-0.16,18240,18400,18130,28943,527472660,727200000000,40000000,STK,ME005
137400,KR7137400008,피엔티,KOSDAQ GLOBAL,우량기업부,30550,1,1000,3.38,29550,30650,29200,76358,2309418500,723751740400,23690728,KSQ,ME005
189300,KR7189300007,인텔리안테크,KOSDAQ,우량기업부,67400,1,1100,1.66,66000,67600,65500,21597,1440166950,723707297800,10737497,KSQ,ME005
041830,KR7041830001,인바디,KOSDAQ,우량기업부,53600,1,1000,1.9,52100,54300,51200,35550,1891931400,722575275200,13480882,KSQ,ME005
476060,KR7476060009,온코닉테라퓨틱스,KOSDAQ,기술성장기업부,15890,1,540,3.52,15170,15980,15170,177373,2785474575,721530577600,45407840,KSQ,ME005
003850,KR7003850005,보령,KOSPI,,8380,1,20,0.24,8360,8470,8320,27402,230039160,718896794660,85787207,STK,ME005
298050,KR7298050006,HS효성첨단소재,KOSPI,,160400,2,-1700,-1.05,163500,163500,158700,2784,446176050,718583659200,4479948,STK,ME005
038500,KR7038500005,삼표시멘트,KOSDAQ GLOBAL,우량기업부,6610,1,80,1.23,6490,6610,6460,144712,945947255,713326782660,107916306,KSQ,ME005
225570,KR7225570001,넥슨게임즈,KOSDAQ,중견기업부,10800,1,450,4.35,10260,10900,10210,128495,1371897065,711289879200,65860174,KSQ,ME005
466100,KR7466100005,클로봇,KOSDAQ,기술성장기업부,22950,1,700,3.15,22300,23000,22050,134912,3045567925,710388310050,30953739,KSQ,ME005
033640,KR7033640004,네패스,KOSDAQ,중견기업부,30800,1,1450,4.94,28900,31900,28800,299040,9259724600,710223421600,23059202,KSQ,ME005
064960,KR7064960008,SNT모티브,KOSPI,,26600,1,200,0.76,26450,26850,26350,27565,735316525,705971235200,26540272,STK,ME005
102710,KR7102710001,이엔에프테크놀로지,KOSDAQ,우량기업부,49000,1,1850,3.92,46850,49550,46850,72478,3546212375,700103964000,14287836,KSQ,ME005
248070,KR7248070005,솔루엠,KOSPI,,14560,1,1150,8.58,13400,14650,13060,397444,5640735875,696204396160,47816236,STK,ME005
006730,KR7006730006,서부T&D,KOSDAQ GLOBAL,우량기업부,10820,1,230,2.17,10610,11000,10580,195037,2102364460,695476306860,64276923,KSQ,ME005
121600,KR7121600001,나노신소재,KOSDAQ,우량기업부,56700,1,1000,1.8,55200,57000,54800,22637,1273266700,695266229700,12262191,KSQ,ME005
005090,KR7005090006,SGC에너지,KOSPI,,48200,1,200,0.42,48300,49000,47700,22738,1092889225,694529850600,14409333,STK,ME005
490470,KR7490470002,세미파이브,KOSDAQ,기술성장기업부,20350,1,2080,11.38,18480,21700,18330,8282581,166838863360,692417704000,34025440,KSQ,ME005
090460,KR7090460007,비에이치,KOSPI,,20475,1,25,0.12,20300,20600,20100,248766,5082818975,690243740550,33711538,STK,ME005
093050,KR7093050003,LF,KOSPI,,23300,1,1400,6.39,22750,24050,22750,64011,1502516200,681292000000,29240000,STK,ME005
456160,KR7456160001,지투지바이오,KOSDAQ,기술성장기업부,40500,1,5150,14.57,35250,40650,34650,304390,11839140700,673491753000,16629426,KSQ,ME005
293940,KR7293940003,신한알파리츠,KOSPI,,5560,2,-30,-0.54,5620,5620,5540,53367,296836380,672427083880,120940123,STK,ME005
002960,KR7002960003,한국쉘석유,KOSPI,,515000,2,-9000,-1.72,524000,524000,514000,318,164619000,669500000000,1300000,STK,ME005
124500,KR7124500000,아이티센글로벌,KOSDAQ,우량기업부,28850,1,150,0.52,28300,29000,28200,73912,2117548075,669450603950,23204527,KSQ,ME005
048410,KR7048410005,현대바이오,KOSDAQ,중견기업부,6900,3,0,0.0,6900,7100,6830,711086,4925387400,665888446800,96505572,KSQ,ME005
092870,KR7092870005,엑시콘,KOSDAQ,우량기업부,51000,1,2000,4.08,48700,54600,48650,459843,24015268250,665590647000,13050797,KSQ,ME005
005880,KR7005880000,대한해운,KOSPI,,2060,1,10,0.49,2050,2100,2045,416238,860974094,664859520400,322747340,STK,ME005
126340,KR7126340009,비나텍,KOSDAQ,벤처기업부,91900,2,-600,-0.65,90800,93300,89900,73375,6677145400,659880046600,7180414,KSQ,ME005
317450,KR7317450005,명인제약,KOSPI,,45050,1,2800,6.63,42250,45200,42200,24534,1085701150,657730000000,14600000,STK,ME005
456040,KR7456040005,OCI,KOSPI,,73000,2,-2600,-3.44,75100,75600,72300,24475,1791126600,653532135000,8952495,STK,ME005
000400,KR7000400002,롯데손해보험,KOSPI,,2085,1,70,3.47,2025,2095,2015,302350,621437800,647051227200,310336320,STK,ME005
069260,KR7069260008,TKG휴켐스,KOSPI,,15700,2,-50,-0.32,15800,15920,15630,27964,440755330,641793831600,40878588,STK,ME005
268280,KR7268280005,미원에스씨,KOSPI,,127100,2,-2000,-1.55,130300,130300,126400,524,66689000,635500000000,5000000,STK,ME005
000640,KR7000640003,동아쏘시오홀딩스,KOSPI,,94200,1,2500,2.73,92700,95800,92600,8545,808601600,634204043400,6732527,STK,ME005
077360,KR7077360006,덕산하이메탈,KOSDAQ,벤처기업부,13940,1,520,3.87,13350,14060,13200,706693,9703376220,633391807880,45437002,KSQ,ME005
001570,KR7001570001,금양,KOSPI,,9900,3,0,0.0,0,0,0,0,0,633275240400,63967196,STK,ME005
046890,KR7046890000,서울반도체,KOSDAQ GLOBAL,중견기업부,10850,1,490,4.73,10450,10870,10360,290918,3107041495,632613590000,58305400,KSQ,ME005
001060,KR7001060003,JW중외제약,KOSPI,,26850,1,300,1.13,26600,27000,26350,7576,202541175,625227220500,23285930,STK,ME005
004710,KR7004710000,한솔테크닉스,KOSPI,,11730,1,740,6.73,10990,11900,10650,1285871,14820429405,622200454410,53043517,STK,ME005
222080,KR7222080004,SFA넥셀,KOSDAQ GLOBAL,우량기업부,7970,1,100,1.27,7870,8050,7690,389234,3065253335,619907747680,77780144,KSQ,ME005
108320,KR7108320003,LX세미콘,KOSPI,,37800,1,1200,3.28,36500,38050,36300,47339,1774732225,614790540000,16264300,STK,ME005
001680,KR7001680008,대상,KOSPI,,17740,2,-230,-1.28,18100,18100,17700,28536,507494195,614655963500,34648025,STK,ME005
383800,KR7383800000,LX홀딩스,KOSPI,,8040,2,-20,-0.25,8100,8100,8010,24266,195008740,613296747600,76280690,STK,ME005
253450,KR7253450001,스튜디오드래곤,KOSDAQ GLOBAL,우량기업부,20400,1,250,1.24,20100,20450,20050,24067,486507600,613193359200,30058498,KSQ,ME005
014820,KR7014820005,동원시스템즈,KOSPI,,21000,1,100,0.48,21100,21250,20750,12183,255351425,608816922000,28991282,STK,ME005
453340,KR7453340002,현대그린푸드,KOSPI,,18720,2,-440,-2.3,19380,19440,18700,21066,399472600,607868108640,32471587,STK,ME005
017940,KR7017940008,E1,KOSPI,,88600,2,-3300,-3.59,92000,93000,88400,4940,440652000,607796000000,6860000,STK,ME005
253590,KR7253590004,네오셈,KOSDAQ,우량기업부,13820,1,420,3.13,13400,14360,13350,965599,13511416935,606271846480,43869164,KSQ,ME005
002840,KR7002840007,미원상사,KOSPI,,134600,2,-2200,-1.61,138600,138600,133700,1032,139331400,605700000000,4500000,STK,ME005
093320,KR7093320000,케이아이엔엑스,KOSDAQ,우량기업부,123700,2,-4500,-3.51,128200,128400,122700,4620,573869350,603656000000,4880000,KSQ,ME005
045100,KR7045100005,한양이엔지,KOSDAQ,우량기업부,34350,1,1900,5.86,32900,35450,32900,239482,8329541200,601125000000,17500000,KSQ,ME005
358570,KR7358570000,지아이이노베이션,KOSDAQ,기술성장기업부,9300,1,1350,16.98,8110,9350,8100,400120,3590986155,599998855800,64516006,KSQ,ME005
192650,KR7192650000,드림텍,KOSPI,,9090,1,1140,14.34,7980,9250,7920,2723560,24309583610,598911275610,65886829,STK,ME005
089890,KR7089890008,코세스,KOSDAQ,우량기업부,36000,1,3050,9.26,32650,36300,30850,288912,10179199600,597058632000,16584962,KSQ,ME005
050890,KR7050890003,쏠리드,KOSDAQ,우량기업부,9730,1,220,2.31,9420,9740,9360,494863,4741118730,591161075820,60756534,KSQ,ME005
079900,KR7079900007,전진건설로봇,KOSPI,,40400,1,400,1.0,40000,40475,39850,10902,437963225,589538818000,14592545,STK,ME005
219130,KR7219130002,타이거일렉,KOSDAQ,벤처기업부,93100,1,1300,1.42,93400,96000,90400,28429,2692143600,587860399000,6314290,KSQ,ME005
033240,KR7033240003,자화전자,KOSPI,,27100,1,950,3.63,26250,27150,25900,37907,1010186750,585509104200,21605502,STK,ME005
144960,KR7144960002,뉴파워프라즈마,KOSDAQ,우량기업부,13290,1,450,3.5,12830,13390,12780,820056,10720832255,580674972960,43692624,KSQ,ME005
468530,KR7468530001,프로티나,KOSDAQ,기술성장기업부,52100,1,200,0.39,52500,54500,49800,97730,5077456200,578578210800,11105148,KSQ,ME005
397030,KR7397030008,에이프릴바이오,KOSDAQ,기술성장기업부,20950,1,750,3.71,19980,21350,19620,168096,3474468220,577356482900,27558782,KSQ,ME005
006650,KR7006650006,대한유화,KOSPI,,88600,1,100,0.11,88900,90200,87700,10475,927609700,575900000000,6500000,STK,ME005
178920,KR7178920005,PI첨단소재,KOSPI,,19270,1,220,1.15,19120,19300,18920,17077,327154410,565889024940,29366322,STK,ME005
00088K,KR700088K015,한화3우B,KOSPI,,38550,2,-850,-2.16,39400,39400,37800,10830,414060525,565783431150,14676613,STK,ME005
094170,KR7094170008,동운아나텍,KOSDAQ,우량기업부,27050,1,450,1.69,26300,27400,26200,37028,997233725,565613768800,20909936,KSQ,ME005
025540,KR7025540006,한국단자,KOSPI,,55900,1,900,1.64,55500,56100,54700,9585,530770300,565428500000,10115000,STK,ME005
399720,KR7399720002,가온칩스,KOSDAQ,벤처기업부,47500,1,1900,4.17,45200,47750,45000,104484,4909031150,563295090000,11858844,KSQ,ME005
016380,KR7016380008,KG스틸,KOSPI,,5610,3,0,0.0,5820,6070,5600,1192378,6958713690,561049912170,100008897,STK,ME005
075580,KR7075580001,세진중공업,KOSPI,,9860,1,160,1.65,9750,9870,9610,38640,376052900,560535636160,56849456,STK,ME005
336370,KR7336370002,솔루스첨단소재,KOSPI,,7980,1,10,0.13,7900,8100,7860,47777,381910125,560294138040,70212298,STK,ME005
052400,KR7052400009,코나아이,KOSDAQ GLOBAL,우량기업부,38000,1,350,0.93,37650,38150,37150,15131,571521900,553405058000,14563291,KSQ,ME005
284740,KR7284740008,쿠쿠홈시스,KOSPI,,24650,1,650,2.71,24000,24800,24000,21510,529619325,553080184500,22437330,STK,ME005
002350,KR7002350007,넥센타이어,KOSPI,,5650,1,10,0.18,5630,5720,5590,59237,335447120,551823505050,97667877,STK,ME005
017900,KR7017900002,광전자,KOSPI,,9500,2,-60,-0.63,9560,9590,9150,583195,5412174100,550465748500,57943763,STK,ME005
00104K,KR700104K010,CJ4우(전환),KOSPI,,128500,2,-3400,-2.58,130600,131900,126700,3807,489050500,543106792000,4226512,STK,ME005
101160,KR7101160000,월덱스,KOSDAQ,우량기업부,32850,1,1150,3.63,31950,33250,31650,46046,1516052600,542386120050,16510993,KSQ,ME005
060250,KR7060250008,NHN KCP,KOSDAQ,우량기업부,13420,1,170,1.28,13120,13490,12980,60065,797324225,538955399620,40160611,KSQ,ME005
003300,KR7003300001,한일홀딩스,KOSPI,,17410,2,-250,-1.42,17660,17830,17400,3577,62649100,536775440040,30831444,STK,ME005
114090,KR7114090004,GKL,KOSPI,,8670,2,-110,-1.25,8830,8830,8580,69418,600118395,536288658900,61855670,STK,ME005
080580,KR7080580004,오킨스전자,KOSDAQ,벤처기업부,25250,1,600,2.43,24400,26700,24200,358528,9247604925,532546613750,21090955,KSQ,ME005
174900,KR7174900001,앱클론,KOSDAQ,벤처기업부,26600,1,4250,19.02,22350,26700,21900,303449,7615898600,530726631400,19952129,KSQ,ME005
005810,KR7005810007,풍산홀딩스,KOSPI,,36750,1,150,0.41,36650,37200,36500,4474,164283900,529835481000,14417292,STK,ME005
001530,KR7001530005,DI동일,KOSPI,,25450,1,250,0.99,25200,25650,25050,9475,240540900,527212554450,20715621,STK,ME005
052020,KR7052020005,에스티큐브,KOSDAQ,투자주의환기종목(소속부없음),7750,1,410,5.59,7300,7760,7200,105949,789596360,526870505250,67983291,KSQ,ME005
058650,KR7058650003,세아홀딩스,KOSPI,,129900,1,900,0.7,129200,129900,127800,102,13185600,526775156400,4055236,STK,ME005
001510,KR7001510007,SK증권,KOSPI,,2275,1,5,0.22,2265,2280,2200,739336,1664904157,526196318375,231295085,STK,ME005
079940,KR7079940003,가비아,KOSDAQ,우량기업부,39200,2,-750,-1.88,40550,40550,38550,10971,428942800,526090812800,13420684,KSQ,ME005
112040,KR7112040001,위메이드,KOSDAQ,중견기업부,15470,1,620,4.18,15000,15680,14930,120719,1861625180,525183032010,33948483,KSQ,ME005
104830,KR7104830005,원익머트리얼즈,KOSDAQ,우량기업부,41550,1,1200,2.97,39900,42500,39600,88327,3683204400,523862400000,12608000,KSQ,ME005
007700,KR7007700008,F&F홀딩스,KOSPI,,13380,3,0,0.0,13450,13450,13300,3264,43571250,523350230460,39114367,STK,ME005
214430,KR7214430001,아이쓰리시스템,KOSDAQ,우량기업부,71500,1,3300,4.84,66600,71800,66600,19158,1319129000,522465872500,7307215,KSQ,ME005
009520,KR7009520008,포스코엠텍,KOSDAQ GLOBAL,중견기업부,12530,1,50,0.4,12550,12640,12350,50542,632718190,521783068590,41642703,KSQ,ME005
001270,KR7001270008,부국증권,KOSPI,,50300,2,-200,-0.4,50500,50600,49900,1348,67545500,521605265800,10369886,STK,ME005
009410,KR7009410002,태영건설,KOSPI,,1632,1,33,2.06,1625,1670,1606,383518,627375843,521347519584,319453137,STK,ME005
452260,KR7452260003,한화갤러리아,KOSPI,,2685,2,-220,-7.57,2905,2920,2650,1495284,4090341486,520513052850,193859610,STK,ME005
037460,KR7037460003,삼지전자,KOSDAQ,우량기업부,31875,1,975,3.16,30900,31950,30500,27002,846005425,520152888750,16318522,KSQ,ME005
099190,KR7099190001,아이센스,KOSDAQ,중견기업부,17470,1,1660,10.5,15960,17550,15880,73760,1245715795,516651019110,29573613,KSQ,ME005
356680,KR7356680009,엑스게이트,KOSDAQ,벤처기업부,18070,2,-130,-0.71,17660,18100,17280,791658,13967577645,515780900440,28543492,KSQ,ME005
024850,KR7024850000,HLB이노베이션,KOSDAQ,중견기업부,16210,1,10,0.06,16200,16220,15460,160228,2522683080,515086431240,31775844,KSQ,ME005
078350,KR7078350006,한양디지텍,KOSDAQ,우량기업부,33650,1,1700,5.32,31150,35150,31150,487930,16486907325,512973454300,15244382,KSQ,ME005
003620,KR7003620002,KG모빌리티,KOSPI,,2505,1,15,0.6,2490,2515,2475,93806,234562555,506949154560,202374912,STK,ME005
475830,KR7475830006,오름테라퓨틱,KOSDAQ,기술성장기업부,23250,1,1100,4.97,21850,23900,21500,263799,6062357050,505755297000,21752916,KSQ,ME005
042000,KR7042000000,카페24,KOSDAQ,우량기업부,20700,1,2070,11.11,18560,20950,18560,416350,8386110800,500488098300,24178169,KSQ,ME005
082270,KR7082270000,젬백스,KOSDAQ,벤처기업부,10890,1,570,5.52,10210,10950,10200,124664,1332187580,495283592430,45480587,KSQ,ME005
475960,KR7475960001,토모큐브,KOSDAQ,기술성장기업부,36650,1,1650,4.71,34800,37500,33900,57201,2087160100,493901777100,13476174,KSQ,ME005
029460,KR7029460003,케이씨,KOSPI,,44800,1,900,2.05,44200,45500,43200,30445,1366605775,493719968000,11020535,STK,ME005
460860,KR7460860000,동국제강,KOSPI,,9930,1,480,5.08,11110,11780,9900,2819104,29967529220,492607608810,49608017,STK,ME005
161000,KR7161000005,애경케미칼,KOSPI,,10120,2,-190,-1.84,10120,10170,10040,59268,598661090,492324935080,48648709,STK,ME005
086900,KR7086900008,메디톡스,KOSDAQ,우량기업부,67000,1,500,0.75,66500,67400,66100,6820,455848300,488999299000,7298497,KSQ,ME005
003545,KR7003541000,대신증권우,KOSPI,,20050,1,70,0.35,20050,20100,19950,17008,339916835,488885846700,24383334,STK,ME005
019170,KR7019170000,신풍제약,KOSPI,,9300,1,270,2.99,9000,9390,8960,135894,1255762045,487492254600,52418522,STK,ME005
376900,KR7376900007,로킷헬스케어,KOSDAQ,기술성장기업부,27900,1,1250,4.69,26700,28100,26000,108293,2959259600,486723591000,17445290,KSQ,ME005
383310,KR7383310000,에코프로에이치엔,KOSDAQ,우량기업부,23100,1,1100,5.0,22300,23150,21900,73363,1663767800,484520929200,20974932,KSQ,ME005
025980,KR7025980004,아난티,KOSDAQ,우량기업부,4970,1,140,2.9,4835,4995,4820,656281,3224534671,483585920300,97300990,KSQ,ME005
211050,KR7211050000,인카금융서비스,KOSDAQ,우량기업부,9790,1,350,3.71,9440,9810,9330,40354,389202710,482291202030,49263657,KSQ,ME005
008060,KR7008060006,대덕,KOSPI,,15390,1,270,1.79,15000,15400,15000,36908,560547750,481508438220,31287098,STK,ME005
348340,KR7348340001,뉴로메카,KOSDAQ,기술성장기업부,20550,1,600,3.01,20250,20850,19830,165862,3371224005,481043113200,23408424,KSQ,ME005
001500,KR7001500008,현대차증권,KOSPI,,7760,3,0,0.0,7800,7800,7690,23870,184536215,479824421440,61833044,STK,ME005
484870,KR7484870001,엠앤씨솔루션,KOSPI,,17400,2,-290,-1.64,17740,17930,17310,27303,475638785,477833580000,27461700,STK,ME005
033500,KR7033500000,동성화인텍,KOSDAQ,우량기업부,15880,1,40,0.25,15960,15990,15610,53591,844652640,476233164720,29989494,KSQ,ME005
0220W0,KR70220W0000,한화머시너리앤서비스홀딩스,KOSPI,,5620,2,-90,-1.58,5650,5830,5600,561788,3180617300,474977306700,84515535,STK,ME005
377740,KR7377740006,바이오노트,KOSPI,,4640,2,-35,-0.75,4675,4720,4615,23938,111357595,472751262720,101886048,STK,ME005
145990,KR7145990008,삼양사,KOSPI,,45550,2,-450,-0.98,46000,46050,45100,2285,103591900,469777601950,10313449,STK,ME005
034950,KR7034950006,한국기업평가,KOSDAQ,우량기업부,103400,2,-900,-0.86,104300,104400,103200,341,35374400,469489147600,4540514,KSQ,ME005
002240,KR7002240000,고려제강,KOSPI,,17350,1,800,4.83,19170,19380,17240,158430,2884748760,468450000000,27000000,STK,ME005
019210,KR7019210004,와이지-원,KOSDAQ,우량기업부,12540,2,-170,-1.34,12640,12790,12320,260116,3248735320,466409349120,37193728,KSQ,ME005
027360,KR7027360007,아주IB투자,KOSDAQ,중견기업부,3847,1,107,2.86,3735,3870,3680,847150,3218531576,466046376882,121145406,KSQ,ME005
041190,KR7041190000,우리기술투자,KOSDAQ,우량기업부,5835,1,95,1.66,5680,5860,5650,471054,2717140410,465633000000,79800000,KSQ,ME005
039130,KR7039130000,하나투어,KOSPI,,30050,3,0,0.0,30200,30250,29950,5207,156531800,465472456600,15489932,STK,ME005
069540,KR7069540003,빛과전자,KOSDAQ,벤처기업부,4125,1,10,0.24,4120,4150,4000,1800616,7312153104,464854075125,112691897,KSQ,ME005
098120,KR7098120009,마이크로컨텍솔,KOSDAQ,우량기업부,55900,1,100,0.18,55500,57200,54600,87930,4924308900,464683619400,8312766,KSQ,ME005
365340,KR7365340009,성일하이텍,KOSDAQ,기술성장기업부,35950,1,100,0.28,35750,36200,35300,14475,518544450,464514084250,12921115,KSQ,ME005
015750,KR7015750003,성우하이텍,KOSDAQ,우량기업부,5800,1,80,1.4,5770,5840,5760,91406,530267060,464000000000,80000000,KSQ,ME005
187660,KR7187660006,페니트리움바이오,KOSDAQ,중견기업부,7230,2,-470,-6.1,7800,8240,7200,1098542,8322129060,462476009190,63966253,KSQ,ME005
460930,KR7460930001,현대힘스,KOSDAQ,우량기업부,12970,1,130,1.01,12960,13000,12775,29625,381484970,460573402870,35510671,KSQ,ME005
004690,KR7004690004,삼천리,KOSPI,,126600,2,-2100,-1.63,127800,129100,126300,2589,328849300,459149968200,3626777,STK,ME005
348370,KR7348370008,엔켐,KOSDAQ,중견기업부,20950,1,400,1.95,20350,21150,20000,63509,1316558800,459035324300,21910994,KSQ,ME005
249420,KR7249420001,일동제약,KOSPI,,14490,1,540,3.87,13820,14620,13780,168210,2417997205,458438271480,31638252,STK,ME005
056080,KR7056080005,유진로봇,KOSDAQ,중견기업부,11980,1,430,3.72,11650,12000,11440,169176,1994395350,458061122280,38235486,KSQ,ME005
035890,KR7035890003,서희건설,KOSDAQ,중견기업부,2205,1,25,1.15,2190,2230,2150,113954,248787734,457732721880,207588536,KSQ,ME005
005250,KR7005250006,녹십자홀딩스,KOSPI,,9690,1,180,1.89,9510,9770,9500,28021,271234350,455703354900,47028210,STK,ME005
003030,KR7003030004,세아제강지주,KOSPI,,110000,2,-7600,-6.46,121000,121000,109400,36767,4116674100,455582270000,4141657,STK,ME005
020000,KR7020000006,한섬,KOSPI,,21200,1,200,0.95,21000,21800,21000,61032,1307908125,455312272800,21476994,STK,ME005
448730,KR7448730002,삼성FN리츠,KOSPI,,4995,1,35,0.71,4960,4995,4905,15212,75704215,454794750000,91050000,STK,ME005
089010,KR7089010003,켐트로닉스,KOSDAQ,우량기업부,27050,1,1000,3.84,25400,27100,25300,95825,2542703500,453629230350,16770027,KSQ,ME005
002990,KR7002990000,금호건설,KOSPI,,12160,2,-140,-1.14,12260,12390,11960,557793,6749255185,453081283840,37259974,STK,ME005
078340,KR7078340007,컴투스,KOSDAQ GLOBAL,중견기업부,37400,1,700,1.91,36350,38000,36250,48662,1820402350,452215106200,12091313,KSQ,ME005
170920,KR7170920003,엘티씨,KOSDAQ,벤처기업부,42600,1,1400,3.4,40850,44000,40300,181742,7795428825,450031767600,10564126,KSQ,ME005
079370,KR7079370003,제우스,KOSDAQ,우량기업부,14490,1,1550,11.98,12940,14700,12810,1115382,15649465595,449436185100,31016990,KSQ,ME005
340570,KR7340570001,티앤엘,KOSDAQ,우량기업부,27950,1,350,1.27,27650,28200,27450,30498,846933125,449159854000,16070120,KSQ,ME005
067630,KR7067630004,HLB생명과학,KOSDAQ,투자주의환기종목(소속부없음),3680,2,-250,-6.36,3930,3930,3655,714681,2668447690,448654773440,121917058,KSQ,ME005
278280,KR7278280003,천보,KOSDAQ,중견기업부,36550,1,1250,3.54,35000,36700,34950,16239,586278150,447848063750,12253025,KSQ,ME005
033160,KR7033160003,엠케이전자,KOSDAQ,중견기업부,18230,1,1070,6.24,16520,18280,16330,936588,16500491070,447802777340,24564058,KSQ,ME005
000070,KR7000070003,삼양홀딩스,KOSPI,,57600,2,-600,-1.03,58200,58300,57300,1703,97997550,447159801600,7763191,STK,ME005
368770,KR7368770004,파이버프로,KOSDAQ,벤처기업부,13600,1,740,5.75,12820,13610,12720,112366,1489020940,446817460000,32854225,KSQ,ME005
009900,KR7009900002,명신산업,KOSPI,,8490,1,230,2.78,8680,8680,8470,158003,1352750430,445471429170,52470133,STK,ME005
200470,KR7200470003,에이팩트,KOSDAQ,중견기업부,10150,1,830,8.91,9240,10480,9190,1747281,17641188615,444809093400,43823556,KSQ,ME005
010780,KR7010780005,아이에스동서,KOSPI,,14890,1,280,1.92,14750,15300,14620,36939,549088230,442600306520,29724668,STK,ME005
125490,KR7125490003,한라캐스트,KOSDAQ,벤처기업부,12120,1,480,4.12,11630,12190,11460,589209,7033358305,442408506240,36502352,KSQ,ME005
336570,KR7336570007,원텍,KOSDAQ,우량기업부,4950,1,85,1.75,4850,4965,4815,194367,949775325,441939197700,89280646,KSQ,ME005
114810,KR7114810005,한솔아이원스,KOSDAQ,우량기업부,15650,1,750,5.03,14770,15890,14770,208686,3268056660,440440673100,28143174,KSQ,ME005
016610,KR7016610008,DB증권,KOSPI,,10370,1,60,0.58,10300,10410,10230,18727,193716820,440169053930,42446389,STK,ME005
376300,KR7376300000,디어유,KOSDAQ,우량기업부,18540,1,90,0.49,18440,18840,18040,52284,967727660,440110047240,23738406,KSQ,ME005
003280,KR7003280005,흥아해운,KOSPI,,1822,1,12,0.66,1801,1832,1801,987208,1792906703,438054165978,240424899,STK,ME005
272290,KR7272290008,이녹스첨단소재,KOSDAQ GLOBAL,우량기업부,21950,1,600,2.81,21350,22050,21200,75010,1635957900,437628322550,19937509,KSQ,ME005
004700,KR7004700001,조광피혁,KOSPI,,65800,1,300,0.46,65800,66500,65700,257,16962900,437513280400,6649138,STK,ME005
018290,KR7018290007,브이티,KOSDAQ,우량기업부,12460,1,300,2.47,12110,12670,12060,105419,1310992285,435375301480,34941838,KSQ,ME005
290550,KR7290550003,디케이티,KOSDAQ,우량기업부,21750,1,200,0.93,21400,21850,21250,117584,2538997325,435026752500,20001230,KSQ,ME005
090435,KR7090431008,아모레퍼시픽우,KOSPI,,41100,2,-550,-1.32,41900,41900,40950,9222,379791525,433926813000,10557830,STK,ME005
486990,KR7486990005,노타,KOSDAQ,기술성장기업부,20250,1,470,2.38,19730,20500,19400,208086,4155326575,433196707500,21392430,KSQ,ME005
241770,KR7241770007,메카로,KOSDAQ,우량기업부,42450,1,2150,5.33,40100,43200,39550,15377,636380350,432677568000,10192640,KSQ,ME005
034310,KR7034310003,NICE,KOSPI,,11720,2,-130,-1.1,11760,12000,11710,7663,90052420,430793880040,36757157,STK,ME005
417840,KR7417840006,저스템,KOSDAQ,벤처기업부,18760,1,190,1.02,18340,19260,18190,522191,9835937415,430479735560,22946681,KSQ,ME005
013030,KR7013030002,하이록코리아,KOSDAQ,우량기업부,36500,1,100,0.27,36700,37200,35900,14037,511288275,429537256000,11768144,KSQ,ME005
159010,KR7159010008,아스플로,KOSDAQ,벤처기업부,32100,1,2750,9.37,29200,32300,28950,282866,8810564400,428045121900,13334739,KSQ,ME005
306200,KR7306200007,세아제강,KOSPI,,148500,2,-4700,-3.07,168400,168800,147900,44953,7030872700,421190550000,2836300,STK,ME005
005945,KR7005941000,NH투자증권우,KOSPI,,22250,2,-50,-0.22,22450,22450,22000,19157,424711125,419879038000,18870968,STK,ME005
030520,KR7030520001,한컴,KOSDAQ,우량기업부,17340,1,330,1.94,17080,17440,16970,38400,663355610,419276760960,24179744,KSQ,ME005
002030,KR7002030005,아세아,KOSPI,,202000,1,3400,1.71,197800,205500,195400,693,138195100,415888104000,2058852,STK,ME005
092190,KR7092190008,서울바이오시스,KOSDAQ,투자주의환기종목(소속부없음),9020,1,670,8.02,8480,9150,8320,159124,1413514630,413732814660,45868383,KSQ,ME005
072710,KR7072710007,농심홀딩스,KOSPI,,89100,2,-300,-0.34,89500,89900,89000,366,32659300,413227089000,4637790,STK,ME005
067160,KR7067160002,SOOP,KOSDAQ GLOBAL,우량기업부,36450,1,100,0.28,36100,36600,36000,18433,670348300,407816888400,11188392,KSQ,ME005
403550,KR7403550007,쏘카,KOSPI,,10740,3,0,0.0,10830,10830,10700,809,8705910,407474977080,37939942,STK,ME005
003000,KR7003000007,부광약품,KOSPI,,4120,1,100,2.49,4050,4150,4020,192406,789860383,406498444520,98664671,STK,ME005
204620,KR7204620009,글로벌텍스프리,KOSDAQ,우량기업부,5780,1,30,0.52,5730,5950,5720,259048,1500769960,406237647400,70283330,KSQ,ME005
271940,KR7271940009,일진하이솔루스,KOSPI,,11150,2,-40,-0.36,11180,11240,11090,13207,147248860,404892068500,36313190,STK,ME005
332570,KR7332570001,PS일렉트로닉스,KOSDAQ,우량기업부,8810,2,-120,-1.34,8960,8970,8500,1284089,11187454010,404736712430,45940603,KSQ,ME005
014830,KR7014830004,유니드,KOSPI,,59700,1,100,0.17,60300,60600,59500,2860,171019700,404025720000,6767600,STK,ME005
005389,KR7005383005,현대차3우B,KOSPI,,173500,1,1000,0.58,173000,174100,172300,1744,302198000,402854161000,2321926,STK,ME005
130660,KR7130660004,한전산업,KOSPI,,12330,1,120,0.98,12500,12550,12160,105334,1294302060,401958000000,32600000,STK,ME005
012030,KR7012030003,DB,KOSPI,,1990,1,121,6.47,1852,1999,1852,939387,1831086739,400336126670,201173933,STK,ME005
441270,KR7441270006,파인엠텍,KOSDAQ,벤처기업부,9450,1,130,1.39,9120,9510,9070,291453,2721278610,399664361250,42292525,KSQ,ME005
236200,KR7236200002,슈프리마,KOSDAQ,우량기업부,57300,1,600,1.06,57100,58800,56700,10224,590779300,399628020300,6974311,KSQ,ME005
477850,KR7477850002,마키나락스,KOSDAQ,기술성장기업부,22450,1,1200,5.65,20750,23400,20750,637065,14427172300,398593823200,17754736,KSQ,ME005
357120,KR7357120005,코람코라이프인프라리츠,KOSPI,,4085,2,-115,-2.74,4200,4225,4075,36147,149550771,397614921090,97335354,STK,ME005
005420,KR7005420005,코스모화학,KOSPI,,10350,1,40,0.39,10410,10410,10170,32852,338185820,397525159800,38408228,STK,ME005
078130,KR7078130002,국일제지,KOSDAQ,중견기업부,3515,1,50,1.44,3465,3560,3440,48217,169626015,396283163305,112740587,KSQ,ME005
002810,KR7002810000,삼영무역,KOSPI,,21450,2,-300,-1.38,21600,21600,21250,3808,81512300,396116034600,18466948,STK,ME005
101730,KR7101730000,위메이드맥스,KOSDAQ,중견기업부,4720,1,280,6.31,4660,4775,4600,320060,1506934396,395551509920,83803286,KSQ,ME005
348210,KR7348210006,넥스틴,KOSDAQ,우량기업부,37400,1,1650,4.62,36250,37650,35850,50320,1870275025,391839987000,10477005,KSQ,ME005
001200,KR7001200005,유진투자증권,KOSPI,,4035,2,-15,-0.37,4060,4065,3955,346187,1385017380,390855996630,96866418,STK,ME005
052710,KR7052710001,아모텍,KOSDAQ,중견기업부,20900,1,2490,13.53,18420,21150,18100,963594,19378382710,390428720000,18680800,KSQ,ME005
200710,KR7200710002,에이디테크놀로지,KOSDAQ,중견기업부,28950,1,1050,3.76,27650,29350,27650,105563,3045598575,389725102650,13462007,KSQ,ME005
039440,KR7039440003,에스티아이,KOSDAQ,우량기업부,25050,1,2050,8.91,22900,25350,22800,253302,6251617875,388451527350,15507047,KSQ,ME005
095660,KR7095660007,네오위즈,KOSDAQ,우량기업부,17910,1,180,1.02,17700,18110,17600,25724,461043830,387508980690,21636459,KSQ,ME005
015360,KR7015360001,INVENI,KOSPI,,14690,2,-10,-0.07,14600,14900,14600,12875,189384810,385612500000,26250000,STK,ME005
215200,KR7215200007,메가스터디교육,KOSDAQ,우량기업부,37200,1,400,1.09,36800,37350,36700,20240,751950300,385586035200,10365216,KSQ,ME005
330860,KR7330860008,네패스아크,KOSDAQ,중견기업부,31350,1,850,2.79,30800,33350,30200,303360,9710103875,381969810750,12184045,KSQ,ME005
011930,KR7011930005,신성이엔지,KOSPI,,18640,1,830,4.66,17810,18730,17640,232364,4284580185,378507232480,20306182,STK,ME005
003350,KR7003350006,한국화장품제조,KOSPI,,16670,1,1640,10.91,15080,16780,14870,1136100,18341262635,377742200000,22660000,STK,ME005
344820,KR7344820006,KCC글라스,KOSPI,,23650,2,-100,-0.42,23750,23800,23550,12980,308132550,377702608800,15970512,STK,ME005
107640,KR7107640005,한중엔시에스,KOSDAQ,기술성장기업부,41650,1,450,1.09,41300,41900,40750,26999,1118982100,377555000900,9064946,KSQ,ME005
317400,KR7317400000,자이에스앤디,KOSPI,,9670,2,-140,-1.43,9840,10070,9400,275843,2659926760,375026968400,38782520,STK,ME005
468670,KR7468670005,브릴스,KOSDAQ,벤처기업부,33000,1,13500,69.23,61800,62100,32800,10549825,459597535850,375000417000,11363649,KSQ,ME005
389470,KR7389470006,인벤티지랩,KOSDAQ,기술성장기업부,28050,1,2250,8.72,25250,28050,25100,115821,3148576400,373281209400,13307708,KSQ,ME005
092230,KR7092230002,KPX홀딩스,KOSPI,,94500,2,-2000,-2.07,96500,97800,94400,987,94273200,373162450500,3948809,STK,ME005
092730,KR7092730001,네오팜,KOSDAQ,우량기업부,23250,3,0,0.0,23000,23600,22750,15562,359989625,372650744250,16027989,KSQ,ME005
126560,KR7126560002,현대퓨처넷,KOSPI,,3405,1,25,0.74,3350,3405,3350,37249,125870700,371829541200,109201040,STK,ME005
031430,KR7031430002,신세계인터내셔날,KOSPI,,10620,1,190,1.82,10480,10680,10480,28391,301296570,371551320000,34986000,STK,ME005
016590,KR7016590002,신대양제지,KOSPI,,9190,2,-80,-0.86,9470,9470,9190,1967,18192120,370336965800,40297820,STK,ME005
029530,KR7029530003,신도리코,KOSPI,,38050,2,-200,-0.52,38500,38500,37950,1933,73660800,369683488450,9715729,STK,ME005
089590,KR7089590004,제주항공,KOSPI,,4550,2,-110,-2.36,4610,4700,4545,84998,389900032,366916481750,80640985,STK,ME005
078160,KR7078160009,메디포스트,KOSDAQ,벤처기업부,9350,1,350,3.89,9000,9400,8950,34411,317588520,366563038050,39204603,KSQ,ME005
047920,KR7047920004,HLB제약,KOSDAQ,기술성장기업부,11140,2,-630,-5.35,11800,11820,10700,445374,5010572310,365384825840,32799356,KSQ,ME005
194370,KR7194370003,제이에스코퍼레이션,KOSPI,,12550,2,-20,-0.16,12530,12650,12500,7534,94596700,364160312900,29016758,STK,ME005
0035S0,KR70035S0001,빅웨이브로보틱스,KOSDAQ,기술성장기업부,35350,2,-3500,-9.01,39650,40650,32850,6664335,242100725150,363059028850,10270411,KSQ,ME005
950210,KR8702070002,프레스티지바이오파마,KOSPI,,6040,1,70,1.17,6030,6150,5940,20834,125757370,362980776200,60096155,STK,ME005
006220,KR7006220008,제주은행,KOSPI,,9580,1,70,0.74,9410,9580,9400,30967,293038750,362110176060,37798557,STK,ME005
025900,KR7025900002,동화기업,KOSDAQ,중견기업부,7160,1,80,1.13,7010,7190,6990,28798,204073390,361990160600,50557285,KSQ,ME005
183190,KR7183190008,아세아시멘트,KOSPI,,10060,2,-210,-2.04,10350,10380,10050,23723,240557240,361941416320,35978272,STK,ME005
078020,KR7078020005,LS증권,KOSDAQ,우량기업부,6520,2,-30,-0.46,6550,6550,6490,6881,44841630,361737358800,55481190,KSQ,ME005
002710,KR7002710002,TCC스틸,KOSPI,,13770,2,-250,-1.78,15350,15820,13660,1756704,25653081410,360962607690,26213697,STK,ME005
138080,KR7138080007,오이솔루션,KOSDAQ,벤처기업부,29150,1,700,2.46,28200,29150,27550,175310,4955012675,360811645700,12377758,KSQ,ME005
069080,KR7069080000,웹젠,KOSDAQ GLOBAL,우량기업부,11630,1,80,0.69,11470,11690,11390,68744,791313760,360141267250,30966575,KSQ,ME005
001940,KR7001940006,KISCO홀딩스,KOSPI,,25400,3,0,0.0,26150,26300,25100,2344,60061150,360080052000,14176380,STK,ME005
003800,KR7003800000,에이스침대,KOSDAQ,우량기업부,32350,2,-50,-0.15,32400,32600,32200,328,10620000,358761500000,11090000,KSQ,ME005
0120G0,KR70120G0001,삼양바이오팜,KOSPI,,48200,1,1650,3.54,46450,48800,45850,22100,1055860600,358408934000,7435870,STK,ME005
008730,KR7008730004,율촌화학,KOSPI,,14380,2,-170,-1.17,14680,14720,14290,42674,614306630,356624000000,24800000,STK,ME005
006910,KR7006910004,보성파워텍,KOSDAQ,우량기업부,7250,1,80,1.12,7350,7370,7110,313733,2270400230,356191224000,49129824,KSQ,ME005
027410,KR7027410000,BGF,KOSPI,,3705,2,-15,-0.4,3715,3730,3680,33165,122661707,354630710655,95716791,STK,ME005
025320,KR7025320003,시노펙스,KOSDAQ,우량기업부,3845,1,45,1.18,3795,3865,3750,152513,584342720,354588795285,92220753,KSQ,ME005
015860,KR7015860000,일진홀딩스,KOSPI,,7170,1,70,0.99,7070,7170,6990,53098,376899730,353821453110,49347483,STK,ME005
005610,KR7005610001,삼립,KOSPI,,41000,1,350,0.86,40750,41900,40400,4438,183684075,353789369000,8629009,STK,ME005
092790,KR7092790005,넥스틸,KOSPI,,13570,2,-830,-5.76,15500,15560,13500,1431197,20545924490,352847140000,26002000,STK,ME005
393890,KR7393890009,더블유씨피,KOSDAQ,기술성장기업부,10410,1,370,3.69,10060,10850,10025,209342,2192185705,352307129040,33843144,KSQ,ME005
060280,KR7060280005,큐렉소,KOSDAQ,중견기업부,8530,1,380,4.66,8160,8530,8100,157274,1312867955,351946008700,41259790,KSQ,ME005
007690,KR7007690001,국도화학,KOSPI,,37950,1,300,0.8,38000,38400,37500,7767,294843950,351448574400,9260832,STK,ME005
486510,KR7486510001,글로벌테크놀로지,KOSDAQ,기술성장기업부,17850,2,-1250,-6.54,17670,19460,17230,4448548,82395697440,350683670400,19646144,KSQ,ME005
110990,KR7110990009,디아이티,KOSDAQ,우량기업부,18430,1,860,4.89,17600,18620,17450,89918,1638909745,348327000000,18900000,KSQ,ME005
104700,KR7104700000,한국철강,KOSPI,,9550,1,240,2.58,10340,10390,9520,109924,1084672665,348097500000,36450000,STK,ME005
036800,KR7036800001,나이스정보통신,KOSDAQ,우량기업부,7650,2,-60,-0.78,7800,7800,7520,51945,396699030,348075000000,45500000,KSQ,ME005
386380,KR7386380000,스카이랩스,KOSDAQ,기술성장기업부,18550,1,100,0.54,18280,20100,17140,2060989,38914501590,348034673350,18761977,KSQ,ME005
093520,KR7093520005,매커스,KOSDAQ,우량기업부,29150,2,-350,-1.19,29400,29500,29050,6892,201726125,346938548550,11901837,KSQ,ME005
105630,KR7105630008,한세실업,KOSPI,,8650,1,110,1.29,8620,8670,8580,4984,42990130,346000000000,40000000,STK,ME005
170900,KR7170900005,동아에스티,KOSPI,,35150,1,650,1.88,34650,35200,34450,2386,83013400,341935017150,9727881,STK,ME005
060980,KR7060980000,HL홀딩스,KOSPI,,38150,2,-300,-0.78,38500,38500,38000,3888,148557425,341684638050,8956347,STK,ME005
372320,KR7372320002,큐로셀,KOSDAQ,기술성장기업부,22400,1,750,3.46,21800,23000,21550,33888,757117300,341088204800,15227152,KSQ,ME005
266690,KR7266690007,덕산넵코어스,KOSDAQ,기술성장기업부,18030,1,50,0.28,16940,19900,16920,12149596,227113857640,340656818670,18893889,KSQ,ME005
217590,KR7217590009,티엠씨,KOSPI,,14060,1,500,3.69,13440,14090,13410,265005,3666673835,338764803500,24094225,STK,ME005
446540,KR7446540007,메가터치,KOSDAQ,중견기업부,11600,1,480,4.32,11120,11710,10940,358889,4092742185,337317687600,29079111,KSQ,ME005
006405,KR7006401004,삼성SDI우,KOSPI,,208000,1,3000,1.46,204000,208500,200500,2144,437691000,336522368000,1617896,STK,ME005
117730,KR7117730002,티로보틱스,KOSDAQ,벤처기업부,14890,1,80,0.54,14750,14950,14560,59458,879203830,335889260270,22558043,KSQ,ME005
042520,KR7042520007,한스바이오메드,KOSDAQ,벤처기업부,23550,1,2800,13.49,20950,23750,20450,136258,3069110025,335855192850,14261367,KSQ,ME005
456010,KR7456010008,아이씨티케이,KOSDAQ,기술성장기업부,23150,1,100,0.43,22950,23250,22050,422793,9532047900,335729402500,14502350,KSQ,ME005
061970,KR7061970000,LB세미콘,KOSDAQ,중견기업부,4790,1,295,6.56,4545,4930,4505,504132,2414400897,335697598740,70083006,KSQ,ME005
097520,KR7097520001,엠씨넥스,KOSPI,,19230,1,170,0.89,19350,19770,19110,40962,792442380,334630845000,17401500,STK,ME005
900290,HK0000307485,GRT,KOSDAQ,외국기업(소속부없음),3600,1,300,9.09,3555,3680,3445,456993,1627741329,333906066000,92751685,KSQ,ME005
010955,KR7010951002,S-Oil우,KOSPI,,83000,2,-4200,-4.82,88200,88900,80000,14133,1190117700,333819941000,4021927,STK,ME005
064260,KR7064260003,다날,KOSDAQ,중견기업부,4410,1,70,1.61,4340,4415,4310,243144,1062402097,333596465370,75645457,KSQ,ME005
017810,KR7017810003,풀무원,KOSPI,,8720,1,100,1.16,8640,8720,8600,3585,31044810,332411126240,38120542,STK,ME005
036620,KR7036620003,감성코퍼레이션,KOSDAQ,우량기업부,3695,2,-20,-0.54,3730,3735,3600,162948,598743385,332043578080,89862944,KSQ,ME005
482630,KR7482630001,삼양엔씨켐,KOSDAQ,중견기업부,15140,1,1050,7.45,13980,15420,13850,437694,6539908790,331388559200,21888280,KSQ,ME005
199800,KR7199800004,툴젠,KOSDAQ,기술성장기업부,36800,1,350,0.96,36500,37700,36100,16917,620382700,331112747200,8997629,KSQ,ME005
455900,KR7455900001,엔젤로보틱스,KOSDAQ,기술성장기업부,21500,1,400,1.9,21300,21550,21050,12425,265549000,330949091500,15392981,KSQ,ME005
121440,KR7121440002,골프존홀딩스,KOSDAQ,우량기업부,7700,2,-70,-0.9,7650,7970,7650,15385,119526720,329843498600,42836818,KSQ,ME005
018000,KR7018000000,유니슨,KOSDAQ,중견기업부,1129,1,9,0.8,1125,1140,1099,285909,321684175,329568734933,291912077,KSQ,ME005
017890,KR7017890005,한국알콜,KOSDAQ,우량기업부,15940,1,160,1.01,15770,15950,15670,35252,559429725,329535685640,20673506,KSQ,ME005
448900,KR7448900001,한국피아이엠,KOSDAQ,기술성장기업부,54200,1,2200,4.23,52500,55000,51100,31667,1697454550,329235569400,6074457,KSQ,ME005
000157,KR7000152009,두산2우B,KOSPI,,368500,1,1500,0.41,367000,370500,367000,73,26861500,329084503000,893038,STK,ME005
084010,KR7084010008,대한제강,KOSPI,,9570,1,1780,22.85,10120,10120,8840,2253757,21877550350,328936173720,34371596,STK,ME005
168360,KR7168360006,펨트론,KOSDAQ,벤처기업부,14630,1,800,5.78,14000,14770,13700,117223,1692014030,327603108910,22392557,KSQ,ME005
046970,KR7046970000,우리로,KOSDAQ,벤처기업부,7470,1,50,0.67,7430,7500,7050,617193,4466127415,327372742530,43824999,KSQ,ME005
02826K,KR702826K016,삼성물산우B,KOSPI,,223000,2,-1000,-0.45,224000,226000,220500,1039,231803000,327272570000,1467590,STK,ME005
215600,KR7215600008,신라젠,KOSDAQ,중견기업부,2360,2,-5,-0.21,2375,2385,2290,373371,869067008,326986411040,138553564,KSQ,ME005
011760,KR7011760006,현대코퍼레이션,KOSPI,,24650,2,-50,-0.2,24850,24900,24550,6169,152226250,326094011900,13228966,STK,ME005
009290,KR7009290008,광동제약,KOSPI,,6540,1,120,1.87,6430,6600,6400,103047,670330420,325690744320,49799808,STK,ME005
452430,KR7452430002,사피엔반도체,KOSDAQ,기술성장기업부,39400,1,600,1.55,37900,39700,37600,21325,823542425,325263587400,8255421,KSQ,ME005
425040,KR7425040003,티이엠씨,KOSDAQ,우량기업부,14760,1,550,3.87,14210,15000,14020,901193,13102202095,323581974480,21922898,KSQ,ME005
036200,KR7036200004,유니셈,KOSDAQ,우량기업부,10500,1,250,2.44,10150,10660,10060,224962,2358273085,321974341500,30664223,KSQ,ME005
009160,KR7009160003,SIMPAC,KOSPI,,4920,1,15,0.31,4935,4995,4865,74125,364208810,321625162560,65370968,STK,ME005
024720,KR7024720005,콜마홀딩스,KOSPI,,9340,1,160,1.74,9300,9370,9180,3447,32072700,320327059060,34296259,STK,ME005
096760,KR7096760004,JW홀딩스,KOSPI,,4330,1,75,1.76,4260,4335,4255,14878,63908737,320094998860,73924942,STK,ME005
234340,KR7234340008,헥토파이낸셜,KOSDAQ,우량기업부,22800,1,600,2.7,22050,22900,21800,141844,3175029025,318530956800,13970656,KSQ,ME005
160980,KR7160980009,싸이맥스,KOSDAQ,우량기업부,29100,1,2000,7.38,27300,29950,27100,173922,5061869325,317895471300,10924243,KSQ,ME005
145720,KR7145720009,덴티움,KOSPI,,36850,1,350,0.96,36900,36900,36500,2707,99452550,317790383350,8623891,STK,ME005
001230,KR7001230002,동국홀딩스,KOSPI,,2025,3,0,0.0,2100,2130,2010,367829,758669818,314903122875,155507715,STK,ME005
010820,KR7010820009,퍼스텍,KOSPI,,6430,1,150,2.39,6280,6440,6210,192969,1219533335,313603561340,48771938,STK,ME005
228760,KR7228760005,지노믹트리,KOSDAQ,기술성장기업부,12560,1,260,2.11,12080,12700,11900,69020,844663150,312231577120,24859202,KSQ,ME005
005720,KR7005720008,넥센,KOSPI,,5930,2,-90,-1.5,5960,6240,5900,65551,396318125,311585783610,52543977,STK,ME005
206650,KR7206650004,유바이오로직스,KOSDAQ,우량기업부,8470,1,180,2.17,8360,8610,8230,49684,421518440,311292040290,36752307,KSQ,ME005
020120,KR7020120002,키다리스튜디오,KOSPI,,8360,2,-60,-0.71,8210,8890,8210,230773,1961560625,309853083760,37063766,STK,ME005
002310,KR7002310001,아세아제지,KOSPI,,7850,3,0,0.0,7900,7960,7820,12285,96789485,309678653500,39449510,STK,ME005
488900,KR7488900002,비츠로넥스텍,KOSDAQ,기술성장기업부,10680,1,220,2.1,10590,10760,10210,32727,347010155,309468411240,28976443,KSQ,ME005
086390,KR7086390002,유니테스트,KOSDAQ,중견기업부,14630,1,580,4.13,13990,15130,13810,275441,4055563245,309192263380,21134126,KSQ,ME005
272450,KR7272450008,진에어,KOSPI,,5890,2,-100,-1.67,5990,6010,5890,36320,215062445,307458000000,52200000,STK,ME005
265520,KR7265520007,AP시스템,KOSDAQ,우량기업부,20350,1,1210,6.32,19220,20650,18970,95356,1906451650,306284207350,15050821,KSQ,ME005
424870,KR7424870004,이뮨온시아,KOSDAQ,기술성장기업부,3350,1,10,0.3,3260,3375,3240,386463,1279028541,306197601150,91402269,KSQ,ME005
381970,KR7381970003,KG모빌리티플랫폼,KOSPI,,6270,2,-50,-0.79,6320,6360,6230,10572,66331440,306106716960,48820848,STK,ME005
002020,KR7002020006,코오롱,KOSPI,,23700,1,400,1.72,23300,23700,22800,17534,407380525,305912016000,12907680,STK,ME005
026890,KR7026890004,스틱인베스트먼트,KOSPI,,7890,2,-60,-0.75,7880,7930,7790,20228,158942550,305901903930,38770837,STK,ME005
126720,KR7126720002,수산인더스트리,KOSPI,,21400,1,100,0.47,21500,21650,21150,7627,163038750,305720400000,14286000,STK,ME005
025860,KR7025860008,남해화학,KOSPI,,6020,2,-40,-0.66,6080,6080,5980,81702,491060675,299066634860,49678843,STK,ME005
005430,KR7005430004,한국공항,KOSPI,,93800,1,3700,4.11,90100,94500,89800,5856,547091200,297004099000,3166355,STK,ME005
200880,KR7200880003,서연이화,KOSPI,,10980,1,110,1.01,10950,11100,10910,8639,94861560,296772238260,27028437,STK,ME005
003120,KR7003120003,일성아이에스,KOSPI,,22300,1,700,3.24,22300,23400,22050,15948,358803600,296590000000,13300000,STK,ME005
484590,KR7484590005,삼양컴텍,KOSDAQ,벤처기업부,7190,1,130,1.84,7250,7300,7050,116109,829431650,296303135500,41210450,KSQ,ME005
018250,KR7018250001,애경산업,KOSPI,,11210,1,20,0.18,11080,11260,11080,7071,79203100,296055371350,26409935,STK,ME005
123890,KR7123890006,한국자산신탁,KOSPI,,2415,1,5,0.21,2420,2430,2405,43492,105026250,295533031290,122373926,STK,ME005
108670,KR7108670001,LX하우시스,KOSPI,,32900,2,-300,-0.9,33450,33500,32900,4304,142952600,295036343000,8967670,STK,ME005
005950,KR7005950001,이수화학,KOSPI,,11150,1,30,0.27,11220,11420,10920,183259,2058874570,293179984350,26294169,STK,ME005
439960,KR7439960006,코스모로보틱스,KOSDAQ,기술성장기업부,9030,1,1510,20.08,6400,9400,6400,21766308,184928830925,293029152780,32450626,KSQ,ME005
001750,KR7001750009,한양증권,KOSPI,,19160,2,-50,-0.26,19200,19240,19070,3209,61551480,289497751760,15109486,STK,ME005
049070,KR7049070006,인탑스,KOSDAQ,우량기업부,18350,1,440,2.46,18000,18500,17870,29375,534984050,288871205000,15742300,KSQ,ME005
054950,KR7054950001,제이브이엠,KOSDAQ,우량기업부,23850,1,200,0.85,23900,24150,23750,6696,160412375,288343924200,12089892,KSQ,ME005
071200,KR7071200000,인피니트헬스케어,KOSDAQ,중견기업부,11810,2,-40,-0.34,11850,11970,11410,13961,161311290,288122168980,24396458,KSQ,ME005
092460,KR7092460005,한라IMS,KOSDAQ,우량기업부,16800,2,-60,-0.36,16860,16900,16570,5327,89246170,287442624000,17109680,KSQ,ME005
025770,KR7025770009,한국정보통신,KOSDAQ,우량기업부,7670,2,-40,-0.52,7720,7720,7610,13313,101795810,287197558570,37444271,KSQ,ME005
200670,KR7200670008,휴메딕스,KOSDAQ,우량기업부,25500,1,600,2.41,24700,25750,24700,15083,381652250,286363215000,11229930,KSQ,ME005
352480,KR7352480008,씨앤씨인터내셔널,KOSDAQ,우량기업부,21000,1,250,1.2,20700,21250,20650,4780,99803350,286227921000,13629901,KSQ,ME005
035810,KR7035810001,이지홀딩스,KOSDAQ,우량기업부,4420,2,-35,-0.79,4455,4455,4385,56710,250045715,285161537700,64516185,KSQ,ME005
042370,KR7042370007,비츠로테크,KOSDAQ,우량기업부,10870,1,240,2.26,10720,10910,10660,382962,4141222210,284794271750,26200025,KSQ,ME005
091580,KR7091580001,상신이디피,KOSDAQ,우량기업부,21350,1,1200,5.96,20100,21400,20100,152654,3178014575,284557475650,13328219,KSQ,ME005
084690,KR7084690007,대상홀딩스,KOSPI,,7850,1,50,0.64,7850,7930,7780,8645,67853660,284268423300,36212538,STK,ME005
101930,KR7101930006,인화정공,KOSDAQ,우량기업부,6180,2,-10,-0.16,6140,6210,6020,10045,61556480,282393066780,45694671,KSQ,ME005
034830,KR7034830000,한국토지신탁,KOSPI,,1116,2,-3,-0.27,1125,1125,1115,67072,74939462,281777980680,252489230,STK,ME005
389500,KR7389500000,에스비비테크,KOSDAQ,기술성장기업부,42250,1,1050,2.55,41400,42300,40700,28592,1187743600,281531692000,6663472,KSQ,ME005
448280,KR7448280008,에코아이,KOSDAQ,중견기업부,9500,2,-120,-1.25,9450,9560,9390,2644,24974690,281495725500,29631129,KSQ,ME005
033270,KR7033270000,유나이티드제약,KOSPI,,17670,2,-30,-0.17,17700,18220,17620,9988,177152135,281143394250,15910775,STK,ME005
084110,KR7084110006,휴온스글로벌,KOSDAQ,우량기업부,22200,1,700,3.26,21600,22450,21550,8955,196000050,281047826400,12659812,KSQ,ME005
078520,KR7078520004,에이블씨엔씨,KOSPI,,11250,1,600,5.63,10770,11260,10640,81737,903990700,280838542500,24963426,STK,ME005
314130,KR7314130006,지놈앤컴퍼니,KOSDAQ,기술성장기업부,5360,1,260,5.1,5110,5420,5000,341512,1778469970,280324918000,52299425,KSQ,ME005
136480,KR7136480001,하림,KOSDAQ,우량기업부,2635,2,-20,-0.75,2650,2655,2635,107497,284254589,279862564770,106209702,KSQ,ME005
016800,KR7016800005,퍼시스,KOSPI,,24275,1,175,0.73,24350,24400,23800,622,14988200,279162500000,11500000,STK,ME005
001390,KR7001390004,KG케미칼,KOSPI,,4185,2,-45,-1.06,4250,4320,4140,55553,233149255,277899216660,66403636,STK,ME005
000430,KR7000430009,대원강업,KOSPI,,4480,2,-90,-1.97,4540,4600,4370,52442,235772229,277760000000,62000000,STK,ME005
203650,KR7203650007,드림시큐리티,KOSDAQ,중견기업부,2730,1,15,0.55,2705,2732,2575,1067028,2842848225,277653241320,101704484,KSQ,ME005
244920,KR7244920005,에이플러스에셋,KOSPI,,12260,2,-20,-0.16,12300,12340,12000,10705,130969810,277170316180,22607693,STK,ME005
472850,KR7472850007,폰드그룹,KOSDAQ,중견기업부,4795,1,25,0.52,4835,4980,4690,18570,87724390,276056071340,57571652,KSQ,ME005
012210,KR7012210001,삼미금속,KOSDAQ,중견기업부,11970,2,-220,-1.8,12620,13300,11800,2075553,25879386530,275927400630,23051579,KSQ,ME005
105840,KR7105840003,우진,KOSPI,,13640,1,150,1.11,13880,14040,13230,265357,3606072005,275496218800,20197670,STK,ME005
389650,KR7389650003,넥스트바이오메디컬,KOSDAQ,기술성장기업부,33250,1,800,2.47,32600,33850,31400,30145,986579875,275219759500,8277286,KSQ,ME005
058430,KR7058430000,포스코스틸리온,KOSPI,,4550,2,-95,-2.05,4960,4960,4495,535389,2494077250,273000000000,60000000,STK,ME005
122900,KR7122900004,아이마켓코리아,KOSPI,,8160,1,10,0.12,8200,8280,8150,21472,176183700,272779334400,33428840,STK,ME005
024840,KR7024840001,KBI메탈,KOSDAQ,중견기업부,6270,1,50,0.8,6260,6320,6060,742440,4598327130,272534121090,43466367,KSQ,ME005
044450,KR7044450005,KSS해운,KOSPI,,12030,2,-570,-4.52,12510,12750,12020,142547,1772723530,271607625750,22577525,STK,ME005
287840,KR7287840003,인투셀,KOSDAQ,기술성장기업부,18040,1,700,4.04,17220,18400,16840,31236,558980390,270996158400,15021960,KSQ,ME005
004310,KR7004310009,현대약품,KOSPI,,8460,1,60,0.71,8320,8560,8320,384717,3253742410,270720000000,32000000,STK,ME005
094360,KR7094360005,칩스앤미디어,KOSDAQ,벤처기업부,12630,1,170,1.36,12310,12780,12220,82399,1039896180,269717110620,21355274,KSQ,ME005
484120,KR7484120001,도우인시스,KOSDAQ,중견기업부,24600,1,500,2.07,24300,25250,23950,34536,852108100,269552581200,10957422,KSQ,ME005
378340,KR7378340004,필에너지,KOSDAQ,중견기업부,12430,1,120,0.97,12400,12640,12230,24061,299063200,269033453260,21643882,KSQ,ME005
294570,KR7294570007,쿠콘,KOSDAQ,우량기업부,26650,1,550,2.11,25750,26700,25550,24719,649530025,268944657800,10091732,KSQ,ME005
309710,KR7309710002,아이티켐,KOSDAQ,관리종목(소속부없음),21000,3,0,0.0,0,0,0,0,0,268443021000,12783001,KSQ,ME005
394280,KR7394280002,오픈엣지테크놀로지,KOSDAQ,기술성장기업부,10170,1,140,1.4,9850,10330,9830,90015,918586375,267944210100,26346530,KSQ,ME005
017390,KR7017390006,서울가스,KOSPI,,54100,2,-200,-0.37,54700,54700,53800,2894,156442100,267795000000,4950000,STK,ME005
452280,KR7452280001,한선엔지니어링,KOSDAQ,우량기업부,13910,1,530,3.96,13680,14200,13240,1024365,14164954685,267735089700,19247670,KSQ,ME005
035600,KR7035600006,KG이니시스,KOSDAQ,우량기업부,9710,2,-60,-0.61,9780,9830,9650,30005,291247950,267553554140,27554434,KSQ,ME005
354320,KR7354320004,알멕,KOSDAQ,기술성장기업부,41750,1,1100,2.71,40450,41850,39550,48238,1969943025,266840156750,6391381,KSQ,ME005
091810,KR7091810002,트리니티항공,KOSPI,,2605,1,20,0.77,2590,2615,2590,19422,50570105,265986367055,102106091,STK,ME005
182400,KR7182400002,엔케이젠바이오텍코리아,KOSDAQ,관리종목(소속부없음),3670,3,0,0.0,0,0,0,0,0,265496721770,72342431,KSQ,ME005
043150,KR7043150002,바텍,KOSDAQ,우량기업부,17860,1,340,1.94,17530,17890,17500,9235,163408030,265297012160,14854256,KSQ,ME005
004430,KR7004430005,송원산업,KOSPI,,11030,2,-160,-1.43,11260,11320,11000,52156,578887610,264720000000,24000000,STK,ME005
098070,KR7098070006,한텍,KOSDAQ,중견기업부,23800,2,-300,-1.24,24450,24450,23600,38299,914884700,264683155800,11121141,KSQ,ME005
304360,KR7304360001,에스바이오메딕스,KOSDAQ,벤처기업부,21200,1,350,1.68,20750,21350,19990,19713,406749870,264599913600,12481128,KSQ,ME005
002900,KR7002900009,TYM,KOSPI,,6370,2,-30,-0.47,6380,6420,6280,122054,772164585,263718000000,41400000,STK,ME005
099440,KR7099440000,스맥,KOSDAQ,중견기업부,3845,2,-5,-0.13,3860,3895,3815,77624,298824089,262395849930,68243394,KSQ,ME005
010690,KR7010690006,화신,KOSPI,,7510,1,160,2.18,7410,7560,7410,86462,649080625,262252279100,34920410,STK,ME005
011560,KR7011560000,세보엠이씨,KOSDAQ,우량기업부,26000,1,2350,9.94,23800,26600,23450,199496,5144829200,262206672000,10084872,KSQ,ME005
254490,KR7254490006,미래반도체,KOSDAQ,우량기업부,18160,1,950,5.52,17210,18340,16850,132796,2382696755,262194080000,14438000,KSQ,ME005
060720,KR7060720000,KH바텍,KOSDAQ,중견기업부,11040,1,80,0.73,10970,11100,10890,27131,298651110,261398959680,23677442,KSQ,ME005
286940,KR7286940002,롯데이노베이트,KOSPI,,17270,2,-10,-0.06,17350,17350,17170,9254,159600100,261284168090,15129367,STK,ME005
068930,KR7068930007,디지털대성,KOSDAQ,우량기업부,9410,1,20,0.21,9310,9610,9310,34829,328662960,260424968220,27675342,KSQ,ME005
317330,KR7317330009,덕산테코피아,KOSDAQ,중견기업부,12700,1,330,2.67,12490,12710,12390,22784,287422070,260052616800,20476584,KSQ,ME005
091700,KR7091700005,파트론,KOSDAQ,우량기업부,5180,1,20,0.39,5150,5200,5130,37065,191648805,259000000000,50000000,KSQ,ME005
272110,KR7272110008,케이엔제이,KOSDAQ,우량기업부,32250,1,1650,5.39,30900,33250,30300,122931,3984036700,258818988750,8025395,KSQ,ME005
037710,KR7037710001,광주신세계,KOSPI,,33850,2,-200,-0.59,34200,34200,33650,7014,237091875,258179772200,7627172,STK,ME005
010580,KR7010580009,에스엠벡셀,KOSPI,,2320,2,-35,-1.49,2355,2440,2230,296990,688134305,258104083200,111251760,STK,ME005
089980,KR7089980007,상아프론테크,KOSDAQ,우량기업부,16130,1,60,0.37,16090,16180,15900,13457,216569680,257903166810,15989037,KSQ,ME005
005500,KR7005500004,삼진제약,KOSPI,,19350,1,600,3.2,19040,19480,18800,34230,660625270,257742000000,13320000,STK,ME005
051500,KR7051500007,CJ프레시웨이,KOSDAQ,우량기업부,21650,2,-300,-1.37,21700,21900,21250,5659,121974400,257019836900,11871586,KSQ,ME005
232530,KR7232530006,이엠티,KONEX,일반기업부,10030,2,-340,-3.28,10040,10450,10000,2229,22358920,256911469120,25614304,KNX,ME005
121800,KR7121800007,비덴트,KOSDAQ,관리종목(소속부없음),3320,3,0,0.0,0,0,0,0,0,256309348520,77201611,KSQ,ME005
493280,KR7493280002,아이엠바이오로직스,KOSDAQ,기술성장기업부,17260,1,790,4.8,16480,17550,16340,60373,1034043695,256241286860,14845961,KSQ,ME005
032580,KR7032580003,피델릭스,KOSDAQ,중견기업부,7730,2,-190,-2.4,7910,8300,7560,676780,5340576250,256110854720,33132064,KSQ,ME005
073490,KR7073490005,LIG아큐버,KOSDAQ,우량기업부,33350,1,1200,3.73,32050,33400,31700,22678,739310475,253588264100,7603846,KSQ,ME005
377460,KR7377460001,큐에이드,KOSDAQ,관리종목(소속부없음),4080,3,0,0.0,0,0,0,0,0,253187202960,62055687,KSQ,ME005
267980,KR7267980001,매일유업,KOSDAQ,우량기업부,33000,2,-200,-0.6,32950,33200,32750,3348,110414300,252900054000,7663638,KSQ,ME005
112290,KR7112290002,와이씨켐,KOSDAQ,기술성장기업부,12480,1,110,0.89,12300,12700,11860,309975,3839050640,252359203200,20221090,KSQ,ME005
100120,KR7100120005,뷰웍스,KOSDAQ,우량기업부,28100,1,1250,4.66,27250,28150,26950,19497,543398900,252096649100,8971411,KSQ,ME005
004360,KR7004360004,세방,KOSPI,,13180,2,-110,-0.83,13260,13310,13080,15201,200266220,251943647540,19115603,STK,ME005
151860,KR7151860004,KG에코솔루션,KOSDAQ,우량기업부,5280,1,70,1.34,5270,5290,5210,15018,79017750,251343850560,47603002,KSQ,ME005
334890,KR7334890001,이지스밸류플러스리츠,KOSPI,,3610,2,-40,-1.1,3650,3660,3600,18105,65634095,250709745630,69448683,STK,ME005
005680,KR7005680004,삼영전자,KOSPI,,12530,1,30,0.24,12550,12550,12380,8523,106328470,250600000000,20000000,STK,ME005
023410,KR7023410004,유진기업,KOSDAQ,중견기업부,3235,1,10,0.31,3225,3240,3210,40695,131007372,250100641805,77310863,KSQ,ME005
036890,KR7036890002,진성티이씨,KOSDAQ,우량기업부,11330,2,-240,-2.07,11600,11600,11280,63799,724799460,249629618590,22032623,KSQ,ME005
377450,KR7377450002,리파인,KOSDAQ,우량기업부,14360,2,-320,-2.18,14570,14570,13890,5314,76565490,248858800000,17330000,KSQ,ME005
0011T0,KR70011T0008,채비,KOSDAQ,기술성장기업부,5300,1,60,1.15,5390,5390,5120,95297,499886950,248832832300,46949591,KSQ,ME005
067390,KR7067390005,아스트,KOSDAQ,중견기업부,5900,2,-10,-0.17,6040,6040,5840,18056,106611945,248482966300,42115757,KSQ,ME005
036710,KR7036710002,심텍홀딩스,KOSDAQ,중견기업부,4690,1,180,3.99,4535,4735,4495,179699,835208007,247762166260,52827754,KSQ,ME005
439090,KR7439090002,마녀공장,KOSDAQ,우량기업부,15100,1,340,2.3,14990,15230,14810,46635,698082910,247538226000,16393260,KSQ,ME005
003960,KR7003960002,사조대림,KOSPI,,26975,2,-625,-2.26,27550,27550,26800,2920,78926225,247211497325,9164467,STK,ME005
298690,KR7298690009,에어부산,KOSPI,,1507,2,-2,-0.13,1511,1522,1505,21072,31774974,245512712104,162914872,STK,ME005
432320,KR7432320000,KB스타리츠,KOSPI,,1619,2,-7,-0.43,1649,1649,1619,118782,193468363,244087377415,150764285,STK,ME005
044820,KR7044820009,코스맥스비티아이,KOSPI,,25400,1,800,3.25,25100,25500,24300,11206,280495400,243939593400,9603921,STK,ME005
036030,KR7036030005,케이티알파,KOSDAQ,우량기업부,4975,1,40,0.81,4895,4995,4890,43411,215660420,243870226475,49019141,KSQ,ME005
003200,KR7003200003,일신방직,KOSPI,,10620,2,-30,-0.28,10600,10820,10540,40379,430505200,243835200000,22960000,STK,ME005
064820,KR7064820004,케이프,KOSDAQ,우량기업부,7900,1,180,2.33,7670,7900,7670,19792,154548375,243795698500,30860215,KSQ,ME005
461300,KR7461300006,아이스크림미디어,KOSDAQ,벤처기업부,18240,1,50,0.27,18310,18500,18100,7432,135588605,243210937920,13333933,KSQ,ME005
445090,KR7445090004,에이직랜드,KOSDAQ,벤처기업부,22200,1,250,1.14,21750,22650,21500,21993,489026975,242549607600,10925658,KSQ,ME005
404990,KR7404990004,신한서부티엔디리츠,KOSPI,,3895,2,-5,-0.13,3900,3975,3880,8921,34816040,240040514700,61627860,STK,ME005
001790,KR7001790005,대한제당,KOSPI,,2780,2,-20,-0.71,2800,2840,2760,74447,207093185,239752523700,86241915,STK,ME005
108860,KR7108860008,셀바스AI,KOSDAQ,벤처기업부,8880,1,120,1.37,8740,8890,8660,71354,628160360,239003335200,26914790,KSQ,ME005
136490,KR7136490000,선진,KOSPI,,10030,1,60,0.6,10030,10100,9960,12941,130064660,238509428120,23779604,STK,ME005
003920,KR7003920006,남양유업,KOSPI,,42000,2,-50,-0.12,42100,42400,41300,2616,109500150,238284774000,5673447,STK,ME005
376270,KR7376270005,HEM파마,KOSDAQ,기술성장기업부,32850,1,50,0.15,32650,33350,32350,4743,155500250,237148978950,7219147,KSQ,ME005
043370,KR7043370006,피에이치에이,KOSDAQ,우량기업부,11290,1,60,0.53,11200,11440,11200,4285,48473200,237090000000,21000000,KSQ,ME005
450950,KR7450950001,아스테라시스,KOSDAQ,벤처기업부,6280,1,80,1.29,6110,6360,5950,152804,944418550,236301277760,37627592,KSQ,ME005
002320,KR7002320000,한진,KOSPI,,15220,2,-130,-0.85,15290,15440,15150,22390,340849670,236193335520,15518616,STK,ME005
001250,KR7001250000,GS글로벌,KOSPI,,2855,1,10,0.35,2845,3085,2825,784168,2293559841,235633896220,82533764,STK,ME005
053690,KR7053690004,한미글로벌,KOSPI,,21500,1,500,2.38,21300,21550,20800,62886,1329689000,235587325000,10957550,STK,ME005
030210,KR7030210009,다올투자증권,KOSPI,,3855,1,45,1.18,3810,3860,3810,11469,43891323,234812313630,60911106,STK,ME005
007160,KR7007160005,사조산업,KOSPI,,46950,2,-400,-0.84,47150,47250,46800,472,22162650,234750000000,5000000,STK,ME005
065680,KR7065680001,우주일렉트로,KOSDAQ,우량기업부,25400,1,650,2.63,24800,25500,24550,15116,379422450,234707963400,9240471,KSQ,ME005
064850,KR7064850001,에프앤가이드,KOSDAQ,벤처기업부,20550,1,700,3.53,19930,20850,19830,22339,456567785,234482322600,11410332,KSQ,ME005
389260,KR7389260001,대명에너지,KOSDAQ,우량기업부,13060,1,100,0.77,12910,13110,12860,31425,408781615,233987204500,17916325,KSQ,ME005
025000,KR7025000001,KPX케미칼,KOSPI,,56300,2,-1200,-2.09,57500,57500,55800,3118,175755800,233461180500,4146735,STK,ME005
348950,KR7348950007,제이알글로벌리츠,KOSPI,,1182,3,0,0.0,0,0,0,0,0,233298432000,197376000,STK,ME005
365270,KR7365270008,큐라클,KOSDAQ,기술성장기업부,10510,1,210,2.04,10410,10660,10180,29270,305678705,232869985920,22156992,KSQ,ME005
226320,KR7226320000,잇츠한불,KOSPI,,10600,1,190,1.83,10450,10640,10340,6860,71859370,232450739000,21929315,STK,ME005
003070,KR7003070000,코오롱글로벌,KOSPI,,9130,1,30,0.33,9340,9340,9030,5028,45845440,232120745670,25423959,STK,ME005
900140,KYG5307W1015,엘브이엠씨홀딩스,KOSPI,,1201,2,-2,-0.17,1205,1219,1190,132427,158640825,232081758832,193240432,STK,ME005
115450,KR7115450009,HLB테라퓨틱스,KOSDAQ,중견기업부,2450,2,-100,-3.92,2500,2505,2400,359186,880129138,231974070300,94683294,KSQ,ME005
416180,KR7416180008,신성에스티,KOSDAQ,벤처기업부,25650,1,700,2.81,25250,25800,24750,19768,504025850,231870305700,9039778,KSQ,ME005
000680,KR7000680009,LS네트웍스,KOSPI,,2940,1,15,0.51,2940,2960,2920,37326,109752207,231680867040,78803016,STK,ME005
008490,KR7008490005,서흥,KOSPI,,19980,1,120,0.6,20100,20100,19800,5140,102487400,231150877740,11569113,STK,ME005
077500,KR7077500007,유니퀘스트,KOSPI,,10700,1,620,6.15,10050,10800,9900,277995,2921297180,231121091400,21600102,STK,ME005
001340,KR7001340009,PKC,KOSPI,,5130,1,70,1.38,5060,5140,5030,60975,310525435,230994096570,45028089,STK,ME005
144510,KR7144510005,지씨셀,KOSDAQ,중견기업부,14560,1,530,3.78,14030,14640,13980,23687,339076510,230053008640,15800344,KSQ,ME005
025560,KR7025560004,미래산업,KOSPI,,8260,1,110,1.35,8100,8440,7800,430363,3522273950,229451880280,27778678,STK,ME005
180400,KR7180400004,DXVX,KOSDAQ,관리종목(소속부없음),2330,1,40,1.75,2290,2395,2290,23442,54809537,229340576560,98429432,KSQ,ME005
085910,KR7085910008,네오티스,KOSDAQ,중견기업부,16610,1,180,1.1,16380,16900,16000,65210,1070746675,229131926980,13794818,KSQ,ME005
0030R0,KR70030R0007,대신밸류리츠,KOSPI,,3830,1,80,2.13,3750,3845,3710,4681,17831580,228957400000,59780000,STK,ME005
243070,KR7243070000,휴온스,KOSDAQ,우량기업부,19110,1,10,0.05,19010,19190,18910,8401,160066880,228931398150,11979665,KSQ,ME005
001470,KR7001470004,삼부토건,KOSPI,,5820,3,0,0.0,0,0,0,0,0,227794235460,39139903,STK,ME005
114190,KR7114190002,강원에너지,KOSDAQ,중견기업부,8710,1,390,4.69,8900,8900,8640,154547,1349095780,227531660980,26123038,KSQ,ME005
298830,KR7298830001,슈어소프트테크,KOSDAQ,우량기업부,4235,1,105,2.54,4150,4295,4120,115966,491549797,226396743265,53458499,KSQ,ME005
200130,KR7200130003,콜마비앤에이치,KOSDAQ GLOBAL,우량기업부,7860,1,10,0.13,7900,7900,7770,16847,131986230,226175885880,28775558,KSQ,ME005
094480,KR7094480001,갤럭시아머니트리,KOSDAQ,우량기업부,5730,1,60,1.06,5670,5800,5640,111013,636437500,224786971740,39229838,KSQ,ME005
011500,KR7011500006,한농화성,KOSPI,,14360,2,-30,-0.21,14400,14590,14010,70605,1010576140,224547923120,15637042,STK,ME005
215000,KR7215000001,골프존,KOSDAQ,우량기업부,35700,3,0,0.0,36100,36100,35550,2872,102639325,224032315500,6275415,KSQ,ME005
099430,KR7099430001,바이오플러스,KOSDAQ,우량기업부,3625,1,55,1.54,3555,3695,3530,246985,895820595,223447617250,61640722,KSQ,ME005
061090,KR7061090007,세나테크놀로지,KOSDAQ,벤처기업부,40750,1,4550,12.57,41300,41650,39400,47780,1926808925,222802662500,5467550,KSQ,ME005
005010,KR7005010004,휴스틸,KOSPI,,3965,2,-235,-5.6,4460,4460,3950,1410986,5865849438,222785717375,56188075,STK,ME005
256840,KR7256840000,한국비엔씨,KOSDAQ,우량기업부,3255,2,-5,-0.15,3265,3325,3190,1673072,5464920650,222625353930,68394886,KSQ,ME005
065710,KR7065710006,서호전기,KOSDAQ,우량기업부,43200,2,-500,-1.14,43750,44350,42900,5001,216125000,222480000000,5150000,KSQ,ME005
241520,KR7241520006,DSC인베스트먼트,KOSDAQ,중견기업부,8350,1,170,2.08,8180,8400,8040,77520,641026845,222110000000,26600000,KSQ,ME005
001460,KR7001460005,BYC,KOSPI,,35450,2,-150,-0.42,35300,36450,35300,570,20327750,221426017500,6246150,STK,ME005
216080,KR7216080002,제테마,KOSDAQ,벤처기업부,5930,2,-310,-4.97,6340,6340,5900,207255,1247241050,221112497070,37287099,KSQ,ME005
023760,KR7023760002,한국캐피탈,KOSDAQ,우량기업부,1401,2,-12,-0.85,1414,1414,1400,30772,43188349,221084507988,157804788,KSQ,ME005
134380,KR7134380005,미원화학,KOSPI,,10050,2,-130,-1.28,10180,10180,10050,1367,13740520,221026434000,21992680,STK,ME005
475400,KR7475400008,씨메스로보틱스,KOSDAQ,기술성장기업부,18720,1,610,3.37,18190,18730,18070,30688,566053440,221025055680,11806894,KSQ,ME005
028100,KR7028100006,동아지질,KOSPI,,19690,2,-20,-0.1,19820,19900,19200,7357,144748520,220963483730,11222117,STK,ME005
190510,KR7190510008,나무가,KOSDAQ,우량기업부,15680,1,130,0.84,15530,15680,15400,16087,249762485,220857770560,14085317,KSQ,ME005
0008Z0,KR70008Z0005,에스엔시스,KOSDAQ,벤처기업부,23350,1,150,0.65,23150,23500,23150,3886,90684975,220343769400,9436564,KSQ,ME005
018310,KR7018310003,삼목에스폼,KOSDAQ,우량기업부,14920,1,30,0.2,14650,14940,14650,2674,39690740,219324000000,14700000,KSQ,ME005
340450,KR7340450006,지씨지놈,KOSDAQ,기술성장기업부,9270,1,610,7.04,8700,9350,8700,654928,5964990545,219242851110,23650793,KSQ,ME005
092200,KR7092200005,디아이씨,KOSPI,,5620,1,170,3.12,5440,5620,5370,112857,623345945,218553757780,38888569,STK,ME005
009680,KR7009680000,모토닉,KOSPI,,10050,2,-40,-0.4,10190,10190,10020,10714,107666415,218417594700,21733094,STK,ME005
382900,KR7382900009,범한퓨얼셀,KOSDAQ,벤처기업부,24900,2,-50,-0.2,24450,25000,24100,66322,1622996100,218148900000,8761000,KSQ,ME005
000490,KR7000490003,대동,KOSPI,,7530,1,90,1.21,7450,7560,7440,32723,245703695,217066293450,28826865,STK,ME005
064550,KR7064550007,바이오니아,KOSDAQ,중견기업부,8410,1,60,0.72,8250,8530,8250,103514,870837650,217064547310,25810291,KSQ,ME005
017860,KR7017860008,DS단석,KOSPI,,12260,2,-280,-2.23,12480,12580,12170,33440,411942660,216433552840,17653634,STK,ME005
003650,KR7003650009,미창석유,KOSPI,,124400,2,-2500,-1.97,128800,128800,123700,804,100825400,216415196800,1739672,STK,ME005
000050,KR7000050005,경방,KOSPI,,7880,1,30,0.38,7900,7900,7800,5326,41964100,216032327600,27415270,STK,ME005
307180,KR7307180000,아이엘,KOSDAQ,벤처기업부,5850,1,150,2.63,5700,5880,5520,137451,783248010,215956704600,36915676,KSQ,ME005
237880,KR7237880000,클리오,KOSDAQ,우량기업부,11950,1,250,2.14,11800,11970,11710,17025,201773495,215952668350,18071353,KSQ,ME005
034120,KR7034120006,SBS,KOSPI,,11640,2,-30,-0.26,11670,11860,11610,4506,52638910,215936410320,18551238,STK,ME005
003720,KR7003720000,삼영,KOSPI,,6320,1,40,0.64,6280,6320,6190,56981,357722475,214880000000,34000000,STK,ME005
067080,KR7067080002,대화제약,KOSDAQ,중견기업부,11530,1,60,0.52,11390,11600,11340,19650,225530030,214649974500,18616650,KSQ,ME005
000540,KR7000540005,흥국화재,KOSPI,,3340,2,-45,-1.33,3400,3425,3325,11834,39824595,214570434300,64242645,STK,ME005
243840,KR7243840006,신흥에스이씨,KOSDAQ,우량기업부,5560,1,90,1.65,5470,5590,5430,65981,366118750,214383786600,38558235,KSQ,ME005
0001A0,KR70001A0001,덕양에너젠,KOSDAQ,중견기업부,8390,1,80,0.96,8310,8540,8200,24811,208547915,213684591180,25468962,KSQ,ME005
078150,KR7078150000,HB테크놀러지,KOSDAQ,우량기업부,2250,1,65,2.97,2185,2260,2160,1046244,2330123804,213574045500,94921798,KSQ,ME005
083310,KR7083310003,엘오티베큠,KOSDAQ,우량기업부,11950,1,940,8.54,11010,12100,11010,165177,1940023225,212829894350,17810033,KSQ,ME005
019010,KR7019010008,베뉴지,KOSDAQ,중견기업부,4415,2,-85,-1.89,4500,4565,4390,62391,276018421,212803000000,48200000,KSQ,ME005
035510,KR7035510007,신세계 I&C,KOSPI,,15210,2,-110,-0.72,15230,15480,15070,39959,607321180,212649489000,13980900,STK,ME005
217730,KR7217730001,강스템바이오텍,KOSDAQ,기술성장기업부,2255,1,115,5.37,2200,2295,2160,388386,869878708,212092105995,94054149,KSQ,ME005
206640,KR7206640005,바디텍메드,KOSDAQ,우량기업부,9680,1,90,0.94,9600,9710,9450,8704,83880360,212068675280,21907921,KSQ,ME005
475560,KR7475560009,더본코리아,KOSPI,,14300,2,-40,-0.28,14340,14350,14190,6645,94674000,212039971000,14827970,STK,ME005
0161M0,KR70161M0003,네오사피엔스,KOSDAQ,기술성장기업부,17320,2,-10,-0.06,16890,18450,16050,1891639,33031282700,211578435400,12215845,KSQ,ME005
045390,KR7045390002,대아티아이,KOSDAQ,우량기업부,3000,1,35,1.18,2955,3010,2935,310146,921858429,211420131000,70473377,KSQ,ME005
033920,KR7033920000,무학,KOSPI,,7380,2,-20,-0.27,7460,7460,7350,4018,29679130,210330000000,28500000,STK,ME005
126730,KR7126730001,코칩,KOSDAQ,벤처기업부,23950,1,750,3.23,23400,24100,22800,187654,4449467275,210044517700,8770126,KSQ,ME005
125020,KR7125020008,티씨머티리얼즈,KOSDAQ,중견기업부,5990,2,-10,-0.17,6000,6020,5820,345628,2038761990,209880914500,35038550,KSQ,ME005
005710,KR7005710009,대원산업,KOSDAQ,우량기업부,10470,2,-210,-1.97,10530,10730,10360,8524,89280010,209793672000,20037600,KSQ,ME005
293780,KR7293780003,압타바이오,KOSDAQ,기술성장기업부,7460,1,290,4.04,7060,7680,7040,91137,681343440,209576801300,28093405,KSQ,ME005
03473K,KR703473K016,SK우,KOSPI,,370000,2,-500,-0.13,372000,372500,366000,1051,387916000,209469950000,566135,STK,ME005
095500,KR7095500005,미래나노텍,KOSDAQ,우량기업부,6740,1,130,1.97,6800,6810,6640,66541,448629115,209007393260,31009999,KSQ,ME005
053030,KR7053030003,바이넥스,KOSDAQ,중견기업부,6390,1,160,2.57,6180,6440,6160,23820,151092610,208851961320,32684188,KSQ,ME005
462350,KR7462350000,이노스페이스,KOSDAQ,기술성장기업부,6150,1,280,4.77,6040,6200,5840,118929,716058130,208371667800,33881572,KSQ,ME005
394800,KR7394800007,쓰리빌리언,KOSDAQ,기술성장기업부,6530,1,90,1.4,6400,6640,6250,323305,2090095525,207801271090,31822553,KSQ,ME005
035150,KR7035150002,백산,KOSPI,,10460,2,-10,-0.1,10570,10570,10320,7246,75695025,206805486340,19771079,STK,ME005
058970,KR7058970005,엠로,KOSDAQ,기술성장기업부,16720,1,190,1.15,16700,16870,16500,6839,114394310,206705915680,12362794,KSQ,ME005
380540,KR7380540005,옵티코어,KOSDAQ,관리종목(소속부없음),8450,3,0,0.0,0,0,0,0,0,206658126350,24456583,KSQ,ME005
000320,KR7000320002,노루홀딩스,KOSPI,,15540,1,20,0.13,15770,15810,15370,924,14374010,206544486540,13291151,STK,ME005
036190,KR7036190007,금화피에스시,KOSDAQ,우량기업부,34300,2,-100,-0.29,34400,34800,33950,2458,84420800,205800000000,6000000,KSQ,ME005
950170,KR8392080006,JTC,KOSDAQ,외국기업(소속부없음),4205,2,-5,-0.12,4215,4215,4160,1066,4456155,205090948575,48773115,KSQ,ME005
462860,KR7462860008,더즌,KOSDAQ,벤처기업부,2845,1,5,0.18,2820,2860,2765,261192,736388830,204180253035,71768103,KSQ,ME005
014940,KR7014940001,오리엔탈정공,KOSDAQ,우량기업부,4480,1,65,1.47,4460,4500,4390,40059,177795440,204170001280,45573661,KSQ,ME005
000650,KR7000650002,천일고속,KOSPI,,142400,1,800,0.56,141700,142400,140700,344,48736600,203520928000,1429220,STK,ME005
314930,KR7314930009,바이오다인,KOSDAQ,기술성장기업부,6830,1,110,1.64,6690,6850,6600,10295,69483830,203288823490,29764103,KSQ,ME005
003555,KR7003551009,LG우,KOSPI,,67300,2,-100,-0.15,67400,67500,66900,761,51125750,202653692700,3011199,STK,ME005
088260,KR7088260005,이리츠코크렙,KOSPI,,3195,2,-95,-2.89,3280,3280,3195,75875,244515144,202376380050,63341590,STK,ME005
049430,KR7049430002,코메론,KOSDAQ,우량기업부,22350,1,200,0.9,22000,22500,21950,11410,255037725,202222800000,9048000,KSQ,ME005
234690,KR7234690006,녹십자웰빙,KOSDAQ,우량기업부,11240,1,1330,13.42,9880,11260,9700,714242,7580196225,201907379600,17963290,KSQ,ME005
298000,KR7298000001,효성화학,KOSPI,,53100,2,-800,-1.48,53900,54400,52800,7320,390322600,201345164100,3791811,STK,ME005
405100,KR7405100009,큐알티,KOSDAQ,중견기업부,16380,1,2230,15.76,14180,16550,14180,225357,3550520170,201298750380,12289301,KSQ,ME005
004980,KR7004980009,성신양회,KOSPI,,8210,2,-40,-0.48,8260,8290,8160,9321,76591180,201276959330,24516073,STK,ME005
353810,KR7353810005,이지바이오,KOSDAQ,우량기업부,6080,3,0,0.0,6140,6140,6020,24252,147126330,201138073600,33081920,KSQ,ME005
053300,KR7053300000,한국정보인증,KOSDAQ,우량기업부,5080,1,10,0.2,5070,5110,5030,39549,200296180,200990941680,39565146,KSQ,ME005
481070,KR7481070001,에이유브랜즈,KOSDAQ,중견기업부,14010,2,-550,-3.78,14620,14740,14000,8801,125174870,200766802500,14330250,KSQ,ME005
459510,KR7459510004,나우로보틱스,KOSDAQ,기술성장기업부,15460,1,60,0.39,15270,15500,15120,20934,319902965,200645785720,12978382,KSQ,ME005
000480,KR7000480004,CR홀딩스,KOSPI,,4275,2,-5,-0.12,4330,4330,4260,11418,48759815,200456844750,46890490,STK,ME005
199430,KR7199430000,케이엔알시스템,KOSDAQ,기술성장기업부,17800,1,280,1.6,17580,17850,17290,32447,570070570,199307365400,11197043,KSQ,ME005
0010S0,KR70010S0000,와이즈플래닛컴퍼니,KOSDAQ,중견기업부,19630,2,-1470,-6.97,19820,21000,19540,459370,9229400000,196693188900,10020030,KSQ,ME005
100250,KR7100250000,진양홀딩스,KOSPI,,3065,2,-25,-0.81,3100,3100,3065,14188,43689040,195853500000,63900000,STK,ME005
051905,KR7051901007,LG생활건강우,KOSPI,,93300,1,100,0.11,93500,94500,92000,1262,118055350,195580964700,2096259,STK,ME005
037270,KR7037270006,YG PLUS,KOSPI,,3065,2,-10,-0.33,3070,3095,3055,50502,155102055,195127432150,63663110,STK,ME005
176750,KR7176750008,듀켐바이오,KOSDAQ,기술성장기업부,6830,2,-70,-1.01,6790,6890,6610,25247,170561320,194577957600,28488720,KSQ,ME005
013580,KR7013580006,계룡건설,KOSPI,,21650,2,-150,-0.69,21700,21950,21450,18256,395482525,193354136550,8930907,STK,ME005
126600,KR7126600006,BGF에코머티리얼즈,KOSDAQ,우량기업부,3080,1,90,3.01,3000,3090,2965,28150,85730543,193322048920,62766899,KSQ,ME005
382800,KR7382800001,지앤비에스 에코,KOSDAQ,우량기업부,6070,1,100,1.68,5940,6150,5790,1546974,9324840425,193214418870,31831041,KSQ,ME005
117580,KR7117580001,대성에너지,KOSPI,,7020,2,-10,-0.14,7000,7090,7000,34339,241208715,193050000000,27500000,STK,ME005
339770,KR7339770000,교촌에프앤비,KOSPI,,3860,1,35,0.92,3820,3865,3805,26023,99821478,192865208800,49965080,STK,ME005
086670,KR7086670007,비엠티,KOSDAQ,우량기업부,19420,1,260,1.36,19150,19600,18860,30525,590719190,192760686700,9925885,KSQ,ME005
080720,KR7080720006,한국유니온제약,KOSDAQ,관리종목(소속부없음),2410,3,0,0.0,0,0,0,0,0,192441519730,79851253,KSQ,ME005
039570,KR7039570007,HDC랩스,KOSPI,,7410,2,-110,-1.46,7520,7520,7350,9953,73580670,192345823410,25957601,STK,ME005
003520,KR7003520004,영진약품,KOSPI,,1050,1,26,2.54,1035,1055,1022,190347,197920529,192037367550,182892731,STK,ME005
095570,KR7095570008,AJ네트웍스,KOSPI,,4240,2,-30,-0.7,4300,4300,4235,20063,85206021,191871698160,45252759,STK,ME005
053210,KR7053210001,스카이라이프,KOSPI,,4005,1,5,0.13,4030,4035,3970,27235,109108110,190329434775,47522955,STK,ME005
036560,KR7036560001,KZ정밀,KOSDAQ,우량기업부,12070,1,150,1.26,11900,12080,11900,672,8057420,190102500000,15750000,KSQ,ME005
013120,KR7013120001,동원개발,KOSDAQ,우량기업부,2090,1,40,1.95,2100,2100,2050,63934,132402262,189788929000,90808100,KSQ,ME005
304100,KR7304100001,솔트룩스,KOSDAQ,기술성장기업부,15060,1,470,3.22,14570,15080,14510,39877,591670160,189663456300,12593855,KSQ,ME005
000390,KR7000390005,SP삼화,KOSPI,,6950,2,-90,-1.28,7050,7090,6800,49575,344588770,189064109550,27203469,STK,ME005
102260,KR7102260007,동성케미컬,KOSPI,,3730,1,90,2.47,3660,3730,3660,47274,174256125,188997574430,50669591,STK,ME005
005960,KR7005960000,동부건설,KOSPI,,8220,2,-60,-0.72,8250,8340,8130,15229,124901190,188621569860,22946663,STK,ME005
041920,KR7041920000,메디아나,KOSDAQ,우량기업부,10130,1,440,4.54,9650,10650,9500,166606,1705529710,188399998990,18598223,KSQ,ME005
002420,KR7002420008,우양피앤엘,KOSPI,,6040,2,-40,-0.66,6070,6130,6000,12030,72666110,188254019360,31167884,STK,ME005
487570,KR7487570004,HS효성,KOSPI,,50500,2,-3100,-5.78,53300,53300,49750,4765,239996650,188159313500,3725927,STK,ME005
102940,KR7102940004,코오롱생명과학,KOSDAQ,중견기업부,14370,1,290,2.06,14080,14440,13930,52527,747285320,188111965110,13090603,KSQ,ME005
102460,KR7102460003,이연제약,KOSPI,,10120,1,120,1.2,10050,10190,9950,23764,239594365,188098527320,18586811,STK,ME005
452450,KR7452450000,피아이이,KOSDAQ,벤처기업부,5210,1,10,0.19,5280,5330,5110,97600,510986920,187708485000,36028500,KSQ,ME005
034810,KR7034810002,해성산업,KOSDAQ,중견기업부,5940,2,-30,-0.5,5970,5970,5920,5082,30213185,187586102880,31580152,KSQ,ME005
388050,KR7388050007,지투파워,KOSDAQ,우량기업부,10020,1,80,0.8,10230,10270,9940,211110,2117707290,187468558740,18709437,KSQ,ME005
016790,KR7016790008,현대사료,KOSDAQ,관리종목(소속부없음),994,3,0,0.0,0,0,0,0,0,187340898626,188471729,KSQ,ME005
001630,KR7001630003,종근당홀딩스,KOSPI,,37250,2,-150,-0.4,37400,37500,37150,1168,43556850,186617322250,5009861,STK,ME005
016580,KR7016580003,환인제약,KOSPI,,10020,1,40,0.4,10050,10050,9970,4055,40554420,186372701400,18600070,STK,ME005
484810,KR7484810007,티엑스알로보틱스,KOSDAQ,벤처기업부,12060,1,230,1.94,11830,12070,11680,46003,547031280,186338034900,15450915,KSQ,ME005
004560,KR7004560009,현대비앤지스틸,KOSPI,,12350,2,-150,-1.2,12860,13000,12200,26481,332055365,186223315850,15078811,STK,ME005
042420,KR7042420000,네오위즈홀딩스,KOSDAQ,우량기업부,22850,2,-150,-0.65,22700,22900,22300,2995,67995300,186051166550,8142283,KSQ,ME005
163730,KR7163730005,핑거,KOSDAQ,벤처기업부,14560,1,480,3.41,13980,14600,13660,46801,665810555,185868839520,12765717,KSQ,ME005
001130,KR7001130004,대한제분,KOSPI,,10990,1,40,0.37,11000,11080,10940,3553,39058060,185731000000,16900000,STK,ME005
260870,KR7260870001,SK시그넷,KONEX,일반기업부,8150,1,20,0.25,8130,8150,8130,2847,23171420,185660137750,22780385,KNX,ME005
052330,KR7052330008,코텍,KOSDAQ,우량기업부,10450,1,10,0.1,10440,10450,10360,1485,15437675,185608605050,17761589,KSQ,ME005
464080,KR7464080001,에스오에스랩,KOSDAQ,기술성장기업부,10300,1,180,1.78,10290,10340,9980,39214,401033380,185539760700,18013569,KSQ,ME005
128820,KR7128820008,대성산업,KOSPI,,4095,1,50,1.24,4095,4110,4040,25014,101924145,185239282410,45235478,STK,ME005
084850,KR7084850007,아이티엠반도체,KOSDAQ,중견기업부,8150,1,20,0.25,8130,8190,8010,3618,29392350,184865912100,22682934,KSQ,ME005
143240,KR7143240000,사람인,KOSDAQ,우량기업부,17220,2,-230,-1.32,17550,17550,17050,10349,177974030,184817627820,10732731,KSQ,ME005
003547,KR7003542008,대신증권2우B,KOSPI,,19180,2,-60,-0.31,19370,19370,19130,6120,117308880,184255853880,9606666,STK,ME005
194700,KR7194700001,노바렉스,KOSDAQ,우량기업부,10080,1,10,0.1,10100,10250,10000,37598,378338310,184008867840,18254848,KSQ,ME005
119830,KR7119830008,아이텍,KOSDAQ,중견기업부,6930,1,150,2.21,6780,6970,6580,105365,719994845,183912054480,26538536,KSQ,ME005
419530,KR7419530001,SAMG엔터,KOSDAQ,기술성장기업부,18000,2,-120,-0.66,18330,18330,17790,19310,347225555,183732066000,10207337,KSQ,ME005
138610,KR7138610001,나이벡,KOSDAQ,기술성장기업부,16160,1,460,2.93,15540,16310,15480,44351,708770630,183703534880,11367793,KSQ,ME005
066620,KR7066620006,국보디자인,KOSDAQ,우량기업부,24450,2,-250,-1.01,24750,24800,24200,3573,87670950,183375000000,7500000,KSQ,ME005
123330,KR7123330003,제닉,KOSDAQ,우량기업부,23000,2,-400,-1.71,23200,23400,22450,136069,3111585650,183279640000,7968680,KSQ,ME005
046120,KR7046120002,오르비텍,KOSDAQ,중견기업부,5400,1,200,3.85,5540,5550,5240,453821,2448497100,182819338200,33855433,KSQ,ME005
308430,KR7308430008,셀비온,KOSDAQ,기술성장기업부,14150,1,190,1.36,13960,14450,13510,31476,442951880,182609301650,12905251,KSQ,ME005
033530,KR7033530007,SJG세종,KOSPI,,6750,1,50,0.75,6820,6820,6680,14251,96202120,182603018250,27052299,STK,ME005
000140,KR7000140004,하이트진로홀딩스,KOSPI,,7860,1,70,0.9,7890,7890,7855,481,3787895,182405172900,23206765,STK,ME005
083930,KR7083930008,아바코,KOSDAQ,우량기업부,12420,1,70,0.57,12410,12470,12200,9235,114539200,182291432580,14677249,KSQ,ME005
192440,KR7192440006,슈피겐코리아,KOSDAQ,우량기업부,29250,2,-250,-0.85,29800,29800,29250,1150,33796950,181828617750,6216363,KSQ,ME005
318060,KR7318060001,그래피,KOSDAQ,기술성장기업부,16240,1,780,5.05,15830,16490,15380,49230,790379755,181679754480,11187177,KSQ,ME005
230240,KR7230240004,에치에프알,KOSDAQ,중견기업부,13590,1,140,1.04,13550,13610,13160,59807,799530500,180869310000,13309000,KSQ,ME005
094820,KR7094820008,일진파워,KOSDAQ,우량기업부,11950,1,190,1.62,11920,12040,11750,39637,471798100,180190572550,15078709,KSQ,ME005
007860,KR7007860000,서연,KOSPI,,7660,2,-50,-0.65,7720,7900,7620,14617,112245030,179855605040,23479844,STK,ME005
263860,KR7263860009,지니언스,KOSDAQ,벤처기업부,19780,1,480,2.49,19320,19780,19210,54061,1054569315,179594488000,9079600,KSQ,ME005
005160,KR7005160007,동국산업,KOSDAQ,중견기업부,3310,2,-70,-2.07,3455,3510,3260,348037,1174489170,179549235420,54244482,KSQ,ME005
068790,KR7068790005,DMS,KOSDAQ,우량기업부,8070,1,140,1.77,7890,8270,7890,69342,565264120,179025880680,22184124,KSQ,ME005
220100,KR7220100002,퓨쳐켐,KOSDAQ,기술성장기업부,6920,1,110,1.62,6810,7020,6670,70671,483869850,178655370000,25817250,KSQ,ME005
024060,KR7024060006,흥구석유,KOSDAQ,중견기업부,11900,2,-70,-0.58,11760,12120,11760,240571,2870101870,178500000000,15000000,KSQ,ME005
0015G0,KR70015G0009,그린광학,KOSDAQ,기술성장기업부,15210,1,630,4.32,14580,15310,14000,45364,678324290,177995648610,11702541,KSQ,ME005
417030,KR7417030004,니어스랩,KOSDAQ,기술성장기업부,30800,2,-800,-2.53,31050,31150,29500,142769,4323896300,177948724800,5777556,KSQ,ME005
009470,KR7009470006,삼화전기,KOSPI,,26900,1,750,2.87,26150,26950,25800,23162,615285400,177911758000,6613820,STK,ME005
000520,KR7000520007,삼일제약,KOSPI,,8200,1,170,2.12,8090,8340,8030,46693,382567005,177872850200,21691811,STK,ME005
108380,KR7108380007,대양전기공업,KOSDAQ,우량기업부,18510,1,30,0.16,18350,18510,18300,2519,46322610,177091333830,9567333,KSQ,ME005
355150,KR7355150004,코스텍시스,KOSDAQ,벤처기업부,22650,1,150,0.67,22250,23100,22000,91504,2062048725,176609977500,7797350,KSQ,ME005
214180,KR7214180002,헥토이노베이션,KOSDAQ,우량기업부,13580,1,40,0.3,13780,13780,13420,22460,304349000,176449923860,12993367,KSQ,ME005
260970,KR7260970009,에스앤디,KOSDAQ,우량기업부,60900,1,2100,3.57,58800,61000,58700,7397,445412250,176168718600,2892754,KSQ,ME005
002100,KR7002100006,경농,KOSPI,,9020,1,20,0.22,9040,9040,8990,4381,39488710,176093626500,19522575,STK,ME005
039830,KR7039830005,오로라,KOSDAQ,우량기업부,16350,1,920,5.96,15460,16480,15460,36328,588877790,175973251500,10762890,KSQ,ME005
003610,KR7003610003,방림,KOSPI,,5480,3,0,0.0,5530,5530,5440,4694,25582070,175967063440,32110778,STK,ME005
377190,KR7377190004,디앤디플랫폼리츠,KOSPI,,1989,2,-10,-0.5,2020,2020,1972,120807,240202610,175827600000,88400000,STK,ME005
015230,KR7015230006,대창단조,KOSPI,,6470,1,40,0.62,6450,6500,6360,20650,133073470,175619221400,27143620,STK,ME005
082800,KR7082800004,비보존 제약,KOSDAQ,중견기업부,2890,1,45,1.58,2845,2910,2755,73883,211188237,175479834740,60719666,KSQ,ME005
187870,KR7187870001,디바이스,KOSDAQ,우량기업부,12630,1,280,2.27,12300,12800,12200,46249,581541795,175086810360,13862772,KSQ,ME005
003220,KR7003220001,대원제약,KOSPI,,7800,1,90,1.17,7710,7820,7690,8897,69030845,174935147400,22427583,STK,ME005
086820,KR7086820008,바이오솔루션,KOSDAQ,기술성장기업부,6740,2,-10,-0.15,6750,6810,6500,17558,116630555,174728332900,25924085,KSQ,ME005
000700,KR7000700005,유수홀딩스,KOSPI,,6690,1,20,0.3,6650,6700,6650,3359,22424270,174219722280,26041812,STK,ME005
264850,KR7264850009,이랜시스,KOSDAQ,중견기업부,5750,1,230,4.17,5520,6000,5480,431455,2492456895,174194019000,30294612,KSQ,ME005
000300,KR7000300004,DH오토넥스,KOSPI,,4200,3,0,0.0,0,0,0,0,0,174035631000,41437055,STK,ME005
234080,KR7234080000,JW생명과학,KOSPI,,10990,2,-10,-0.09,11000,11070,10980,5945,65526320,174021748460,15834554,STK,ME005
403850,KR7403850001,더핑크퐁컴퍼니,KOSDAQ,중견기업부,12110,2,-220,-1.78,12400,12400,11940,26827,324428020,173790731100,14351010,KSQ,ME005
274090,KR7274090000,켄코아에어로스페이스,KOSDAQ,기술성장기업부,12560,1,160,1.29,12400,12600,12220,165933,2065034640,173004039920,13774207,KSQ,ME005
039860,KR7039860002,나노엔텍,KOSDAQ,중견기업부,4540,1,5,0.11,4575,4620,4485,126534,573185227,172942460620,38093053,KSQ,ME005
036170,KR7036170009,에이치엠넥스,KOSDAQ,중견기업부,2812,1,32,1.15,2780,2850,2745,74652,208540634,172560140312,61365626,KSQ,ME005
213500,KR7213500002,한솔제지,KOSPI,,7250,1,10,0.14,7280,7280,7210,7219,52252970,172554176000,23800576,STK,ME005
0082N0,KR70082N0008,카나프테라퓨틱스,KOSDAQ,기술성장기업부,12970,1,1070,8.99,11900,13340,11500,90021,1158081645,172508522600,13300580,KSQ,ME005
016450,KR7016450009,한세예스24홀딩스,KOSPI,,4310,2,-40,-0.92,4350,4350,4300,6883,29747882,172400000000,40000000,STK,ME005
255220,KR7255220006,SG,KOSDAQ,중견기업부,1142,1,28,2.51,1112,1148,1088,1411507,1572238964,171943290884,150563302,KSQ,ME005
012860,KR7012860003,모베이스전자,KOSDAQ,우량기업부,2340,1,50,2.18,2350,2350,2285,177766,413717091,171366289380,73233457,KSQ,ME005
119610,KR7119610004,인터로조,KOSDAQ,우량기업부,15010,2,-550,-3.53,15700,15740,14740,31678,480663195,171320342470,11413747,KSQ,ME005
092130,KR7092130004,이크레더블,KOSDAQ,중견기업부,14200,3,0,0.0,14200,14430,14180,838,11921560,171019120000,12043600,KSQ,ME005
270660,KR7270660004,에브리봇,KOSDAQ,벤처기업부,13460,1,220,1.66,13230,13470,13230,8194,109534310,170815247180,12690583,KSQ,ME005
084990,KR7084990001,헬릭스미스,KOSDAQ,기술성장기업부,3705,2,-110,-2.88,3745,3815,3560,336284,1242811008,170773812885,46092797,KSQ,ME005
143160,KR7143160000,아이디스,KOSDAQ,우량기업부,15900,1,20,0.13,15970,15970,15600,3369,53111530,170390601000,10716390,KSQ,ME005
122990,KR7122990005,와이솔,KOSDAQ,중견기업부,6640,3,0,0.0,6710,6720,6590,37544,249548350,170303244560,25648079,KSQ,ME005
194480,KR7194480000,데브시스터즈,KOSDAQ,중견기업부,13990,1,50,0.36,14150,14490,13880,31615,444254590,170246408500,12169150,KSQ,ME005
014710,KR7014710008,사조씨푸드,KOSPI,,9820,2,-80,-0.81,9900,9900,9670,1752,17109150,169086092260,17218543,STK,ME005
149950,KR7149950008,아바텍,KOSDAQ,우량기업부,12360,1,490,4.13,12040,12520,11830,70891,869562460,168932809080,13667703,KSQ,ME005
445180,KR7445180003,퓨릿,KOSDAQ,우량기업부,9820,1,160,1.66,9700,9860,9550,74917,730967340,168797826160,17189188,KSQ,ME005
003460,KR7003460003,유화증권,KOSPI,,2970,2,-10,-0.34,2985,2985,2965,6959,20729230,168406172550,56702415,STK,ME005
002150,KR7002150001,도화엔지니어링,KOSPI,,4990,2,-30,-0.6,5070,5070,4965,23682,118094715,168262800000,33720000,STK,ME005
199820,KR7199820002,제일일렉트릭,KOSDAQ,우량기업부,7570,1,20,0.26,7550,7620,7360,30109,225948260,168205400000,22220000,KSQ,ME005
126700,KR7126700004,하이비젼시스템,KOSDAQ,우량기업부,11240,1,190,1.72,11050,11290,10900,18363,204678060,167949338880,14942112,KSQ,ME005
032620,KR7032620007,GC메디아이,KOSDAQ,우량기업부,3205,1,10,0.31,3195,3215,3185,10457,33479015,167291830495,52197139,KSQ,ME005
357550,KR7357550003,석경에이티,KOSDAQ,기술성장기업부,30650,1,450,1.49,30200,30950,30000,1351,41147800,167195750000,5455000,KSQ,ME005
372170,KR7372170001,윤성에프앤씨,KOSDAQ,우량기업부,20950,1,850,4.23,20000,21000,20000,4055,83566100,167161055600,7979048,KSQ,ME005
245620,KR7245620000,EDGC,KOSDAQ,관리종목(소속부없음),741,3,0,0.0,0,0,0,0,0,167118555474,225531114,KSQ,ME005
013990,KR7013990007,아가방컴퍼니,KOSDAQ,우량기업부,5080,2,-30,-0.59,5110,5150,5070,57201,291613950,167068682880,32887536,KSQ,ME005
038390,KR7038390001,레드캡투어,KOSDAQ,우량기업부,9970,1,30,0.3,10060,10060,9940,1357,13543240,166706595340,16720822,KSQ,ME005
049630,KR7049630007,재영솔루텍,KOSDAQ,우량기업부,7130,1,270,3.94,6850,7130,6800,90671,629895685,166593441070,23365139,KSQ,ME005
054210,KR7054210000,이랜텍,KOSDAQ,우량기업부,6580,2,-30,-0.45,6620,6640,6490,101405,666110570,166416161800,25291210,KSQ,ME005
067290,KR7067290007,JW신약,KOSDAQ,중견기업부,2960,2,-15,-0.5,2985,3000,2910,1239635,3662693273,165869824880,56037103,KSQ,ME005
123410,KR7123410003,코리아에프티,KOSDAQ,우량기업부,5950,1,20,0.34,6000,6010,5910,18363,109674725,165654330800,27841064,KSQ,ME005
478340,KR7478340003,나라스페이스테크놀로지,KOSDAQ,기술성장기업부,14240,1,430,3.11,13710,14400,13550,318520,4477753170,165332309600,11610415,KSQ,ME005
432720,KR7432720001,퀄리타스반도체,KOSDAQ,기술성장기업부,11640,1,790,7.28,10880,12750,10870,506662,6072612040,165143338080,14187572,KSQ,ME005
289080,KR7289080004,SV인베스트먼트,KOSDAQ,중견기업부,2745,1,110,4.17,2645,2750,2605,437471,1174647009,165079449585,60138233,KSQ,ME005
290690,KR7290690007,아리바이오홀딩스,KOSDAQ,중견기업부,3105,2,-320,-9.34,3420,3420,3050,1110851,3599067584,164791059525,53072805,KSQ,ME005
104480,KR7104480009,티케이케미칼,KOSDAQ,중견기업부,1812,1,3,0.17,1811,1825,1800,32016,58051782,164702526408,90895434,KSQ,ME005
264450,KR7264450008,유비쿼스,KOSDAQ,우량기업부,11230,2,-20,-0.18,11240,11330,11020,23515,263366800,164693486390,14665493,KSQ,ME005
051370,KR7051370005,인터플렉스,KOSDAQ,우량기업부,7050,1,130,1.88,6920,7110,6810,90825,633846130,164458677600,23327472,KSQ,ME005
489460,KR7489460006,바이오비쥬,KOSDAQ,벤처기업부,11110,2,-290,-2.54,11590,11590,11010,14024,157264500,163909018570,14753287,KSQ,ME005
488280,KR7488280009,에스투더블유,KOSDAQ,기술성장기업부,15110,1,300,2.03,14660,15130,14400,210735,3137435375,163573093460,10825486,KSQ,ME005
396300,KR7396300006,HT로보틱스,KOSDAQ,우량기업부,6170,1,760,14.05,5460,6410,5370,11921730,71726810460,163440215000,26489500,KSQ,ME005
950140,KR8840110108,잉글우드랩,KOSDAQ,외국기업(소속부없음),8220,1,30,0.37,8200,8220,8090,5800,47263810,163313858520,19867866,KSQ,ME005
474650,KR7474650009,링크솔루션,KOSDAQ,기술성장기업부,28350,1,1650,6.18,26700,28500,26350,13710,379447100,163105544700,5753282,KSQ,ME005
204610,KR7204610000,티쓰리,KOSDAQ,벤처기업부,2925,2,-5,-0.17,3000,3000,2890,21205,61959835,162999193500,55726220,KSQ,ME005
032940,KR7032940009,원익,KOSDAQ,우량기업부,8930,1,20,0.22,8910,9030,8800,85850,764901140,162465106330,18193181,KSQ,ME005
088800,KR7088800008,에이스테크,KOSDAQ,중견기업부,2150,1,10,0.47,2140,2200,2100,63809,136610179,162338833100,75506434,KSQ,ME005
092070,KR7092070002,디엔에프,KOSDAQ,중견기업부,13980,1,540,4.02,13440,14080,13390,45081,619565850,161774574840,11571858,KSQ,ME005
267320,KR7267320000,나인테크,KOSDAQ,벤처기업부,2805,2,-15,-0.53,2800,2865,2710,2394095,6714767940,161049902475,57415295,KSQ,ME005
101530,KR7101530004,해태제과식품,KOSPI,,5530,3,0,0.0,0,0,0,0,0,161016025660,29116822,STK,ME005
241590,KR7241590009,화승엔터프라이즈,KOSPI,,2650,3,0,0.0,2675,2675,2625,7545,19984435,160561581400,60589276,STK,ME005
226590,KR7226590008,엠디바이스,KOSDAQ,기술성장기업부,14920,1,510,3.54,14260,15000,14170,48520,718942265,159894417280,10716784,KSQ,ME005
475040,KR7475040002,스트라드비젼,KOSDAQ,기술성장기업부,2970,1,20,0.68,2960,2990,2915,111554,330005608,159861206340,53825322,KSQ,ME005
388790,KR7388790008,라이콤,KOSDAQ,벤처기업부,5220,1,70,1.36,5200,5230,5060,190390,980174455,159805915200,30614160,KSQ,ME005
494120,KR7494120009,큐리오시스,KOSDAQ,기술성장기업부,10470,1,650,6.62,9730,10800,9590,109722,1107948500,159769729080,15259764,KSQ,ME005
460850,KR7460850001,동국씨엠,KOSPI,,5340,3,0,0.0,5660,5660,5320,62734,343320310,159658823040,29898656,STK,ME005
066410,KR7066410002,버킷스튜디오,KOSDAQ,투자주의환기종목(소속부없음),1153,3,0,0.0,0,0,0,0,0,159637252154,138453818,KSQ,ME005
090350,KR7090350000,노루페인트,KOSPI,,7980,1,120,1.53,7920,8000,7870,35692,284162320,159600000000,20000000,STK,ME005
402030,KR7402030001,코난테크놀로지,KOSDAQ,기술성장기업부,12750,1,290,2.33,12540,12760,12380,13549,170086520,159597972000,12517488,KSQ,ME005
418550,KR7418550000,제이오,KOSDAQ,기술성장기업부,4980,1,80,1.63,5010,5010,4880,23398,115976394,159448011540,32017673,KSQ,ME005
251370,KR7251370003,와이엠티,KOSDAQ,벤처기업부,8850,1,240,2.79,8620,8950,8540,88509,773043450,159416935050,18013213,KSQ,ME005
123860,KR7123860009,아나패스,KOSDAQ,우량기업부,13040,2,-50,-0.38,13100,13400,13040,1983,26024370,158089331600,12123415,KSQ,ME005
051160,KR7051160000,지어소프트,KOSDAQ,중견기업부,11710,2,-150,-1.26,11860,12060,11520,52985,625180885,157881808080,13482648,KSQ,ME005
086890,KR7086890001,이수앱지스,KOSDAQ,중견기업부,3865,1,35,0.91,3755,3960,3755,42708,166225224,157595336350,40774990,KSQ,ME005
118990,KR7118990001,모트렉스,KOSDAQ,우량기업부,6420,2,-20,-0.31,6410,6460,6370,15459,99140380,157529921820,24537371,KSQ,ME005
080160,KR7080160005,모두투어,KOSDAQ,우량기업부,8330,1,120,1.46,8230,8370,8160,10374,85895165,157437000000,18900000,KSQ,ME005
093190,KR7093190007,빅솔론,KOSDAQ,우량기업부,8170,2,-70,-0.85,8240,8390,8050,4424,36219480,157181853850,19238905,KSQ,ME005
052260,KR7052260007,현대바이오랜드,KOSDAQ,우량기업부,5230,2,-170,-3.15,5340,5490,5210,1608299,8573215335,156900000000,30000000,KSQ,ME005
024800,KR7024800005,유성티엔에스,KOSDAQ,우량기업부,4450,3,0,0.0,4510,4510,4400,13062,58090266,156752896500,35225370,KSQ,ME005
004380,KR7004380002,삼익THK,KOSPI,,7570,1,80,1.07,7490,7590,7400,7756,58223680,156699000000,20700000,STK,ME005
000860,KR7000860007,강남제비스코,KOSPI,,12050,2,-20,-0.17,12130,12190,12000,1290,15557130,156650000000,13000000,STK,ME005
041520,KR7041520008,이엘씨,KOSDAQ,투자주의환기종목(소속부없음),12850,1,220,1.74,12630,13100,12550,24579,316150890,156625180500,12188730,KSQ,ME005
072870,KR7072870009,메가스터디,KOSDAQ,우량기업부,13130,2,-140,-1.06,13270,13360,13130,6980,92421295,156522191670,11920959,KSQ,ME005
023910,KR7023910003,대한약품,KOSDAQ,우량기업부,26050,2,-100,-0.38,26150,26400,25950,3416,89120400,156300000000,6000000,KSQ,ME005
002170,KR7002170009,SYTS,KOSPI,,51900,2,-200,-0.38,52100,52100,51500,341,17623100,155700000000,3000000,STK,ME005
054450,KR7054450002,텔레칩스,KOSDAQ,중견기업부,10280,1,210,2.09,9980,10390,9980,33819,347038910,155682715240,15144233,KSQ,ME005
067280,KR7067280008,멀티캠퍼스,KOSDAQ,우량기업부,26250,2,-100,-0.38,26400,26450,26150,2560,67369750,155577948750,5926779,KSQ,ME005
041020,KR7041020009,폴라리스오피스,KOSDAQ,벤처기업부,3115,1,20,0.65,3060,3155,3050,71646,223093375,154765015195,49683793,KSQ,ME005
054800,KR7054800008,아이디스홀딩스,KOSDAQ,중견기업부,14920,2,-80,-0.53,15110,15120,14800,794,11848000,154388519520,10347756,KSQ,ME005
011040,KR7011040003,경동제약,KOSDAQ,중견기업부,5010,2,-30,-0.6,5020,5050,4985,13254,66380995,154151517660,30768766,KSQ,ME005
007570,KR7007570005,일양약품,KOSPI,,8060,1,40,0.5,8140,8140,8010,6683,54031840,153830451840,19085664,STK,ME005
400760,KR7400760005,NH올원리츠,KOSPI,,2800,3,0,0.0,2830,2830,2795,16495,46232368,153801970000,54929275,STK,ME005
001780,KR7001780006,알루코,KOSPI,,1576,1,5,0.32,1577,1592,1568,119965,189723366,152604288032,96830132,STK,ME005
102120,KR7102120003,어보브반도체,KOSDAQ,벤처기업부,8580,1,400,4.89,8200,8770,8090,412382,3540253040,152558860740,17780753,KSQ,ME005
00279K,KR700279K010,아모레퍼시픽홀딩스3우C,KOSPI,,21500,2,-50,-0.23,21500,21550,21400,149,3203000,152482300000,7092200,STK,ME005
300080,KR7300080009,플리토,KOSDAQ,기술성장기업부,9200,1,160,1.77,9040,9220,9000,12617,115219530,152089349200,16531451,KSQ,ME005
093640,KR7093640001,케이알엠,KOSDAQ,벤처기업부,4625,2,-85,-1.8,4720,4720,4575,8243,38011579,151902186500,32843716,KSQ,ME005
489500,KR7489500009,엘케이켐,KOSDAQ,벤처기업부,23750,1,550,2.37,23200,23950,22900,10341,243062250,151791902500,6391238,KSQ,ME005
134580,KR7134580000,탑코미디어,KOSDAQ,중견기업부,3075,1,50,1.65,3000,3140,2745,517173,1498435298,151579508175,49294149,KSQ,ME005
006805,KR7006801005,미래에셋증권우,KOSPI,,11230,3,0,0.0,11270,11310,11090,22683,254023810,151089913590,13454133,STK,ME005
013890,KR7013890009,지누스,KOSPI,,6890,2,-10,-0.14,6930,6930,6860,2065,14218490,151068851570,21925813,STK,ME005
078070,KR7078070000,유비쿼스홀딩스,KOSDAQ,중견기업부,8840,3,0,0.0,8850,8890,8690,6889,60586140,150800172120,17058843,KSQ,ME005
462520,KR7462520008,조선내화,KOSPI,,12720,1,30,0.24,12800,12800,12670,2989,37981310,150797736960,11855168,STK,ME005
0039P0,KR70039P0000,매드업,KOSDAQ,기술성장기업부,8010,2,-490,-5.76,8310,8380,7850,721332,5781591540,150647274000,18807400,KSQ,ME005
007330,KR7007330004,푸른저축은행,KOSDAQ,투자주의환기종목(소속부없음),9980,2,-60,-0.6,10000,10000,9920,2570,25587380,150526344000,15082800,KSQ,ME005
0007C0,KR70007C0003,아크릴,KOSDAQ,기술성장기업부,18710,1,350,1.91,18360,18800,18090,54595,1005021795,150247362040,8030324,KSQ,ME005
220260,KR7220260004,켐트로스,KOSDAQ,벤처기업부,4680,1,140,3.08,4545,4715,4390,210615,971194848,150097217400,32072055,KSQ,ME005
000970,KR7000970004,한국주철관,KOSPI,,6580,2,-10,-0.15,6620,6630,6540,8818,57989645,150027290000,22800500,STK,ME005
001045,KR7001041003,CJ우,KOSPI,,66300,2,-700,-1.04,66500,66800,66100,1158,76769100,149852784900,2260223,STK,ME005
413630,KR7413630005,씨피시스템,KOSDAQ,벤처기업부,4100,3,0,0.0,4110,4160,4040,302239,1241896103,149390080500,36436605,KSQ,ME005
042600,KR7042600007,새로닉스,KOSDAQ,중견기업부,12000,2,-100,-0.83,12150,12160,11800,3388,40474320,149082888000,12423574,KSQ,ME005
011785,KR7011781002,금호석유화학우,KOSPI,,49300,2,-400,-0.8,49800,49800,49250,1143,56512050,149057859800,3023486,STK,ME005
065660,KR7065660003,안트로젠,KOSDAQ,기술성장기업부,14870,1,190,1.29,14690,14960,14570,4049,59909520,148790707000,10006100,KSQ,ME005
179290,KR7179290002,엠아이텍,KOSDAQ,우량기업부,4585,2,-10,-0.22,4595,4630,4550,9037,41497609,148396633630,32365678,KSQ,ME005
387690,KR7387690001,레메디,KOSDAQ,기술성장기업부,19420,2,-460,-2.31,19660,19860,18760,448042,8606639745,148092861220,7625791,KSQ,ME005
322310,KR7322310004,오로스테크놀로지,KOSDAQ,벤처기업부,15790,1,600,3.95,15000,15950,14900,83871,1311326995,147897698180,9366542,KSQ,ME005
004090,KR7004090007,한국석유,KOSPI,,11650,1,100,0.87,11510,11730,11500,36499,424905665,147886498000,12694120,STK,ME005
272550,KR7272550005,삼양패키징,KOSPI,,9810,2,-70,-0.71,9850,9900,9730,12779,124973480,147821062860,15068406,STK,ME005
271980,KR7271980005,제일약품,KOSPI,,10040,1,40,0.4,10000,10100,9850,6836,68002420,147636914880,14704872,STK,ME005
205500,KR7205500002,넥써쓰,KOSDAQ,중견기업부,1766,1,6,0.34,1760,1782,1730,21296,37616584,147570133502,83561797,KSQ,ME005
008970,KR7008970006,KBI동양철관,KOSPI,,1418,2,-65,-4.38,1695,1695,1402,20352161,31113453476,147141474126,103766907,STK,ME005
293480,KR7293480000,하나제약,KOSPI,,8270,1,30,0.36,8240,8320,8210,7722,63839680,146982263420,17772946,STK,ME005
0088M0,KR70088M0003,메쥬,KOSDAQ,기술성장기업부,14800,1,1400,10.45,13270,14890,13170,177468,2543130330,146249900000,9881750,KSQ,ME005
452190,KR7452190002,한빛레이저,KOSDAQ,벤처기업부,6110,1,10,0.16,6050,6350,6020,1784657,11029019715,146154603270,23920557,KSQ,ME005
101360,KR7101360006,에코앤드림,KOSDAQ,벤처기업부,8170,2,-20,-0.24,8000,8240,7830,46249,372480635,145312551380,17786114,KSQ,ME005
232680,KR7232680009,라온로보틱스,KOSDAQ,기술성장기업부,10960,1,550,5.28,10430,11230,10260,200960,2190755455,145302200000,13257500,KSQ,ME005
046440,KR7046440004,KG파이낸셜,KOSDAQ,우량기업부,4005,2,-15,-0.37,4020,4020,3980,25086,100264925,145182795930,36250386,KSQ,ME005
004150,KR7004150009,한솔홀딩스,KOSPI,,3535,2,-15,-0.42,3580,3580,3505,37814,133452065,145029101700,41026620,STK,ME005
003830,KR7003830007,대한화섬,KOSPI,,109100,1,1300,1.21,108200,111400,107100,15,1626900,144884800000,1328000,STK,ME005
023600,KR7023600000,삼보판지,KOSDAQ,우량기업부,9040,1,30,0.33,9010,9050,8960,1250,11227800,144715032000,16008300,KSQ,ME005
097955,KR7097951008,CJ제일제당 우,KOSPI,,109000,2,-700,-0.64,110800,110800,108900,2473,270208000,144690197000,1327433,STK,ME005
049960,KR7049960008,쎌바이오텍,KOSDAQ,벤처기업부,15370,1,220,1.45,15240,15370,15000,4992,76127650,144478000000,9400000,KSQ,ME005
321550,KR7321550006,티움바이오,KOSDAQ,기술성장기업부,4805,1,325,7.25,4495,4860,4495,95343,449968325,144334872375,30038475,KSQ,ME005
264660,KR7264660002,씨앤지하이테크,KOSDAQ,우량기업부,14810,1,280,1.93,14500,14830,14310,39977,585568790,143970557320,9721172,KSQ,ME005
004970,KR7004970000,신라교역,KOSPI,,8980,2,-50,-0.55,9010,9010,8950,615,5512700,143680000000,16000000,STK,ME005
016880,KR7016880007,웅진,KOSPI,,1797,1,23,1.3,1793,1823,1765,45649,81791720,143628962760,79927080,STK,ME005
148150,KR7148150006,세경하이테크,KOSDAQ,우량기업부,4025,1,45,1.13,3980,4060,3980,10408,41850100,143059842450,35542818,KSQ,ME005
228850,KR7228850004,레이언스,KOSDAQ,우량기업부,8610,1,250,2.99,8430,8680,8330,83755,718155105,142848630540,16591014,KSQ,ME005
000020,KR7000020008,동화약품,KOSPI,,5110,1,50,0.99,5040,5110,5020,24974,126852130,142729811700,27931470,STK,ME005
950250,KR8826050005,테라뷰,KOSDAQ,기술성장기업부,3995,2,-165,-3.97,4170,4260,3900,998473,4053626556,142609243340,35696932,KSQ,ME005
222040,KR7222040008,코스맥스엔비티,KOSDAQ,중견기업부,6910,2,-480,-6.5,7450,7590,6810,412988,2926556470,142539480000,20628000,KSQ,ME005
069510,KR7069510006,에스텍,KOSDAQ,우량기업부,13040,3,0,0.0,13090,13130,12950,3472,45218750,142266400000,10910000,KSQ,ME005
147830,KR7147830004,제룡산업,KOSDAQ,벤처기업부,7080,1,30,0.43,7010,7080,6980,45178,317934060,141600000000,20000000,KSQ,ME005
417500,KR7417500006,제이아이테크,KOSDAQ,우량기업부,4310,1,270,6.68,4040,4360,4000,548224,2331505494,141302246640,32784744,KSQ,ME005
107590,KR7107590002,미원홀딩스,KOSPI,,60900,3,0,0.0,60400,60900,60400,20,1210300,141288000000,2320000,STK,ME005
351320,KR7351320007,넥사다이내믹스,KOSDAQ,중견기업부,4555,1,605,15.32,3995,4820,3995,634931,2816953814,141239353810,31007542,KSQ,ME005
025820,KR7025820002,이구산업,KOSPI,,4220,1,65,1.56,4175,4240,4140,37731,157615118,141125240000,33442000,STK,ME005
469610,KR7469610000,이노테크,KOSDAQ,중견기업부,15780,1,520,3.41,15370,15820,15210,31019,481123325,141118962000,8942900,KSQ,ME005
048870,KR7048870000,시너지이노베이션,KOSDAQ,중견기업부,1600,2,-19,-1.17,1600,1604,1585,55249,87975556,140971140800,88106963,KSQ,ME005
005990,KR7005990007,매일홀딩스,KOSDAQ,우량기업부,10600,2,-50,-0.47,10650,10680,10410,1269,13500470,140962022400,13298304,KSQ,ME005
156100,KR7156100000,엘앤케이바이오,KOSDAQ,벤처기업부,6300,1,390,6.6,5910,6380,5860,160586,994770980,140812263900,22351153,KSQ,ME005
146320,KR7146320007,비씨엔씨,KOSDAQ,벤처기업부,10990,1,340,3.19,10770,11040,10570,20866,225562740,140649173770,12797923,KSQ,ME005
115310,KR7115310005,인포바인,KOSDAQ,벤처기업부,9480,2,-100,-1.04,9580,9590,9300,812,7727140,140603084520,14831549,KSQ,ME005
053260,KR7053260006,금강철강,KOSDAQ,우량기업부,7500,2,-610,-7.52,8640,9460,7500,2921539,24714065555,140400000000,18720000,KSQ,ME005
059120,KR7059120006,아진엑스텍,KOSDAQ,벤처기업부,7640,1,290,3.95,7360,7700,7280,339515,2578898575,139888904240,18310066,KSQ,ME005
071840,KR7071840003,롯데하이마트,KOSPI,,5920,2,-90,-1.5,5980,5980,5800,18847,110575100,139757655040,23607712,STK,ME005
140610,KR7140610007,엔솔바이오사이언스,KONEX,일반기업부,9690,2,-110,-1.12,9790,9790,9390,3640,34587080,139307335380,14376402,KNX,ME005
101970,KR7101970002,우양에이치씨,KOSDAQ,중견기업부,9410,2,-150,-1.57,9540,9540,9320,1897,17869060,139173984690,14790009,KSQ,ME005
003480,KR7003480001,한진중공업홀딩스,KOSPI,,4700,1,20,0.43,4710,4715,4690,2606,12253245,138790116400,29529812,STK,ME005
089600,KR7089600001,KT나스미디어,KOSDAQ,우량기업부,12150,2,-160,-1.3,12430,12430,12140,11366,138632010,138589704000,11406560,KSQ,ME005
211270,KR7211270004,AP위성,KOSDAQ,우량기업부,9160,1,250,2.81,8930,9160,8780,31168,282128165,138153904640,15082304,KSQ,ME005
015890,KR7015890007,태경산업,KOSPI,,4720,1,5,0.11,4715,4795,4695,8384,39526682,137959700000,29228750,STK,ME005
212560,KR7212560007,네오오토,KOSDAQ,우량기업부,10220,1,110,1.09,10200,10380,10050,25836,263482430,137830476560,13486348,KSQ,ME005
052860,KR7052860004,아이앤씨,KOSDAQ,벤처기업부,7710,1,400,5.47,7390,7900,7060,38793,294157350,137753444340,17866854,KSQ,ME005
008350,KR7008350001,남선알미늄,KOSPI,,1066,1,8,0.76,1064,1080,1058,351600,375141361,137598309940,129079090,STK,ME005
142210,KR7142210004,유니트론텍,KOSDAQ,우량기업부,6630,1,230,3.59,6350,6640,6250,129471,843471425,137581801890,20751403,KSQ,ME005
451760,KR7451760003,컨텍,KOSDAQ,기술성장기업부,8330,1,190,2.33,8220,8390,8020,22335,183177150,137509757420,16507774,KSQ,ME005
114840,KR7114840002,아이패밀리에스씨,KOSDAQ,우량기업부,8240,1,20,0.24,8250,8310,8140,7250,59524700,137454612400,16681385,KSQ,ME005
094280,KR7094280005,효성ITX,KOSPI,,11890,1,10,0.08,11890,11910,11850,1455,17281800,137426998000,11558200,STK,ME005
256940,KR7256940008,킵스파마,KOSDAQ,벤처기업부,6820,1,670,10.89,6090,6860,6090,139694,921351480,136932962540,20078147,KSQ,ME005
012610,KR7012610002,경인양행,KOSPI,,3280,1,40,1.23,3250,3285,3230,48460,158072963,136501677200,41616365,STK,ME005
014280,KR7014280002,금강공업,KOSPI,,4650,2,-160,-3.33,4900,5040,4545,488910,2313071039,136381510050,29329357,STK,ME005
038290,KR7038290003,마크로젠,KOSDAQ,중견기업부,12570,1,350,2.86,12220,12580,12220,10201,127308520,136276398000,10841400,KSQ,ME005
035610,KR7035610005,솔본,KOSDAQ,투자주의환기종목(소속부없음),4970,2,-10,-0.2,4980,5030,4835,4113,20312790,135909605090,27345997,KSQ,ME005
001080,KR7001080001,만호제강,KOSPI,,3860,2,-80,-2.03,4120,4130,3765,43981,172609330,135543745600,35114960,STK,ME005
003100,KR7003100005,선광,KOSDAQ,우량기업부,20500,3,0,0.0,20500,20500,20300,2941,59987700,135300000000,6600000,KSQ,ME005
140670,KR7140670001,알에스오토메이션,KOSDAQ,중견기업부,10530,1,290,2.83,10180,10570,10180,24276,252876120,135203515200,12839840,KSQ,ME005
138360,KR7138360003,앤로보틱스,KOSDAQ,벤처기업부,1536,2,-16,-1.03,1576,1576,1528,351622,540529610,135127962624,87973934,KSQ,ME005
060150,KR7060150000,인선이엔티,KOSDAQ,중견기업부,2960,1,15,0.51,2940,2965,2935,9624,28425230,134868291520,45563612,KSQ,ME005
265740,KR7265740001,엔에프씨,KOSDAQ,벤처기업부,7540,1,40,0.53,7430,7600,7340,104149,778180475,134691544000,17863600,KSQ,ME005
047770,KR7047770003,코데즈컴바인,KOSDAQ,중견기업부,3550,1,70,2.01,3450,3550,3445,238743,833729899,134341237100,37842602,KSQ,ME005
004080,KR7004080008,신흥,KOSPI,,14430,2,-60,-0.41,14660,14660,14430,365,5288250,134199000000,9300000,STK,ME005
126640,KR7126640002,화신정공,KOSDAQ,우량기업부,3825,1,65,1.73,3845,3955,3790,396343,1531667883,134088855750,35055910,KSQ,ME005
054920,KR7054920004,한컴위드,KOSDAQ,중견기업부,4740,1,80,1.72,4650,4760,4580,255228,1194736119,133748963940,28217081,KSQ,ME005
402490,KR7402490007,그린리소스,KOSDAQ,기술성장기업부,7850,1,390,5.23,7460,7940,7420,137766,1067705595,132941453450,16935217,KSQ,ME005
322510,KR7322510009,제이엘케이,KOSDAQ,기술성장기업부,5150,1,180,3.62,5000,5180,4950,42883,217252540,132488343800,25725892,KSQ,ME005
071280,KR7071280002,로체시스템즈,KOSDAQ,우량기업부,8650,1,210,2.49,8480,8700,8360,94479,807239395,132315615950,15296603,KSQ,ME005
0015N0,KR70015N0000,아로마티카,KOSDAQ,벤처기업부,10520,2,-180,-1.68,10690,10820,10160,166545,1734198605,132309219440,12576922,KSQ,ME005
240550,KR7240550004,동방메디컬,KOSDAQ,중견기업부,6320,1,150,2.43,6220,6360,6130,71292,447606645,132302500800,20933940,KSQ,ME005
297090,KR7297090003,씨에스베어링,KOSDAQ,투자주의환기종목(소속부없음),4840,1,170,3.64,4700,4890,4610,78333,377554332,131986800000,27270000,KSQ,ME005
037070,KR7037070000,파세코,KOSDAQ,중견기업부,6590,2,-80,-1.2,6610,6670,6570,31179,205999200,131800000000,20000000,KSQ,ME005
094840,KR7094840006,슈프리마에이치큐,KOSDAQ,벤처기업부,13440,1,550,4.27,13000,13490,12710,9910,131815110,131794104960,9806109,KSQ,ME005
338840,KR7338840002,와이바이오로직스,KOSDAQ,기술성장기업부,8550,1,520,6.48,8030,8570,7950,24289,202130110,131703028650,15403863,KSQ,ME005
001360,KR7001360007,삼성제약,KOSPI,,1398,1,101,7.79,1310,1410,1304,771197,1057219524,131638586442,94162079,STK,ME005
158430,KR7158430009,아톤,KOSDAQ,벤처기업부,5370,1,50,0.94,5300,5380,5200,255680,1345843970,131468834040,24482092,KSQ,ME005
011690,KR7011690005,와이투솔루션,KOSPI,,3580,1,200,5.92,3400,3625,3340,103337,358340245,131381567960,36698762,STK,ME005
136540,KR7136540002,윈스테크넷,KOSDAQ,우량기업부,10695,2,-75,-0.7,10740,10750,10630,9600,102521035,131331883470,12279746,KSQ,ME005
073010,KR7073010001,케이에스피,KOSDAQ,우량기업부,3265,2,-35,-1.06,3340,3370,3230,125360,408889126,131224431250,40191250,KSQ,ME005
418420,KR7418420006,라온텍,KOSDAQ,기술성장기업부,4260,3,0,0.0,4230,4325,4185,53037,226405455,131099617080,30774558,KSQ,ME005
081000,KR7081000002,일진다이아,KOSPI,,9230,2,-70,-0.75,9400,9400,9180,14628,135165170,131093459250,14202975,STK,ME005
049720,KR7049720006,고려신용정보,KOSDAQ,우량기업부,9160,1,50,0.55,9100,9170,9100,4051,37028885,130988000000,14300000,KSQ,ME005
018470,KR7018470005,조일알미늄,KOSPI,,5170,2,-10,-0.19,5220,5220,5140,15348,79466325,130937198480,25326344,STK,ME005
001540,KR7001540004,안국약품,KOSDAQ,우량기업부,10030,1,40,0.4,9940,10170,9860,21512,215547230,130815472600,13042420,KSQ,ME005
214390,KR7214390007,경보제약,KOSPI,,5470,1,130,2.43,5340,5530,5330,10678,58099600,130770524200,23906860,STK,ME005
457550,KR7457550002,우진엔텍,KOSDAQ,중견기업부,14030,1,360,2.63,14000,14110,13660,24578,341120580,130744980740,9318958,KSQ,ME005
024090,KR7024090003,디씨엠,KOSPI,,11450,1,10,0.09,11470,11480,11440,467,5345690,130530000000,11400000,STK,ME005
105330,KR7105330005,케이엔더블유,KOSDAQ,중견기업부,8120,2,-30,-0.37,8150,8190,7940,8987,73021030,130078502400,16019520,KSQ,ME005
072950,KR7072950009,빛샘전자,KOSDAQ,벤처기업부,16150,1,970,6.39,14990,16220,14470,1844918,28398831685,130049651500,8052610,KSQ,ME005
015590,KR7015590003,DKME,KOSPI,,2410,1,130,5.7,2280,2425,2225,101452,241242410,128685102280,53396308,STK,ME005
003010,KR7003010006,혜인,KOSPI,,10100,1,300,3.06,9750,10130,9400,128286,1257999965,128398744700,12712747,STK,ME005
285490,KR7285490009,노바텍,KOSDAQ,벤처기업부,12120,3,0,0.0,12090,12260,12050,12970,157754220,128179071720,10575831,KSQ,ME005
035080,KR7035080001,그래디언트,KOSDAQ,중견기업부,11450,2,-30,-0.26,11560,11560,11370,8025,91771380,127943777050,11174129,KSQ,ME005
115440,KR7115440000,우리넷,KOSDAQ,우량기업부,11840,1,110,0.94,11610,11870,11110,424578,4846756695,127804417280,10794292,KSQ,ME005
039840,KR7039840004,디오,KOSDAQ,중견기업부,9520,1,70,0.74,9380,9550,9360,7546,71452070,127718682560,13415828,KSQ,ME005
361390,KR7361390008,제노코,KOSDAQ,벤처기업부,13100,1,320,2.5,12750,13150,12750,10493,136642940,127546591100,9736381,KSQ,ME005
095700,KR7095700001,제넥신,KOSDAQ,기술성장기업부,2795,1,75,2.76,2700,2795,2700,75426,207999536,127285680730,45540494,KSQ,ME005
950190,KR8344390008,고스트스튜디오,KOSDAQ,외국기업(소속부없음),9750,1,40,0.41,9720,9770,9610,2452,23810065,126916325250,13017059,KSQ,ME005
141000,KR7141000000,비아트론,KOSDAQ,벤처기업부,10450,2,-50,-0.48,10480,10680,10230,26503,277101765,126598719500,12114710,KSQ,ME005
079960,KR7079960001,동양이엔피,KOSDAQ,우량기업부,16740,3,0,0.0,16750,16920,16570,8646,144165290,126414754920,7551658,KSQ,ME005
282880,KR7282880004,코윈로보틱스,KOSDAQ,우량기업부,10800,1,130,1.22,10680,10830,10640,10446,112452425,126296085600,11694082,KSQ,ME005
078000,KR7078000007,텔코웨어,KOSPI,,13640,1,210,1.56,13420,13640,13280,1800,24137620,126034650280,9240077,STK,ME005
004960,KR7004960001,한신공영,KOSPI,,10890,1,190,1.78,10830,11050,10680,5490,60130830,126004944780,11570702,STK,ME005
013520,KR7013520002,화승코퍼레이션,KOSPI,,2515,1,30,1.21,2510,2520,2475,37163,92536770,125878898780,50051252,STK,ME005
036690,KR7036690006,코맥스,KOSDAQ,관리종목(소속부없음),2885,3,0,0.0,0,0,0,0,0,125692107675,43567455,KSQ,ME005
092220,KR7092220003,KEC,KOSPI,,3125,1,25,0.81,3100,3160,3040,337510,1049646720,125476962500,40152628,STK,ME005
115500,KR7115500001,케이씨에스,KOSDAQ,중견기업부,10450,2,-160,-1.51,10610,10610,10160,82652,856916150,125400000000,12000000,KSQ,ME005
307750,KR7307750000,국전,KOSDAQ,중견기업부,2320,1,50,2.2,2270,2325,2255,40714,93599510,125248188160,53986288,KSQ,ME005
474170,KR7474170008,루미르,KOSDAQ,기술성장기업부,7000,1,150,2.19,6940,7090,6760,16387,113382300,124723872000,17817696,KSQ,ME005
417010,KR7417010006,나노팀,KOSDAQ,벤처기업부,6180,1,60,0.98,6060,6260,6060,61663,380822560,124667459040,20172728,KSQ,ME005
009270,KR7009270000,신원,KOSPI,,1085,1,2,0.18,1083,1094,1078,105664,114890175,124525876405,114770393,STK,ME005
080420,KR7080420003,모다이노칩,KOSDAQ,중견기업부,1562,1,12,0.77,1550,1562,1533,2057,3166957,124525173564,79721622,KSQ,ME005
037350,KR7037350006,성도이엔지,KOSDAQ,우량기업부,8180,1,450,5.82,7670,8250,7670,225551,1838598370,124417800000,15210000,KSQ,ME005
267290,KR7267290005,경동도시가스,KOSPI,,21050,2,-150,-0.71,21150,21150,21000,5210,109734900,124098296300,5895406,STK,ME005
172670,KR7172670002,에이엘티,KOSDAQ,벤처기업부,13840,1,1080,8.46,12760,13930,12740,74289,1005003070,124009984560,8960259,KSQ,ME005
002210,KR7002210003,동성제약,KOSPI,,1283,1,9,0.71,1276,1295,1268,26857,34555803,123962827481,96619507,STK,ME005
027710,KR7027710003,팜스토리,KOSDAQ,우량기업부,1112,1,7,0.63,1101,1114,1100,57219,63296347,123895259200,111416600,KSQ,ME005
408920,KR7408920007,메쎄이상,KOSDAQ,우량기업부,2850,2,-40,-1.38,2890,2890,2840,9261,26455935,123212496750,43232455,KSQ,ME005
108230,KR7108230004,톱텍,KOSDAQ,우량기업부,3240,1,30,0.93,3205,3270,3175,77006,249027285,123195313800,38023245,KSQ,ME005
210540,KR7210540001,디와이파워,KOSPI,,11130,3,0,0.0,11150,11190,11070,14388,159934100,122894210040,11041708,STK,ME005
056090,KR7056090004,시지메드텍,KOSDAQ,벤처기업부,1190,3,0,0.0,0,0,0,0,0,122878252840,103259036,KSQ,ME005
042510,KR7042510008,라온시큐어,KOSDAQ,벤처기업부,11030,2,-140,-1.25,11170,11230,10700,97121,1066029645,122497282840,11105828,KSQ,ME005
009780,KR7009780008,엠에스씨,KOSDAQ,우량기업부,6950,1,10,0.14,7000,7020,6900,5740,40011160,122320000000,17600000,KSQ,ME005
006060,KR7006060008,화승인더,KOSPI,,2205,3,0,0.0,2230,2230,2180,25590,56396020,121980600000,55320000,STK,ME005
021320,KR7021320007,KCC건설,KOSDAQ,우량기업부,5690,2,-20,-0.35,5790,5800,5650,3171,18089210,121766000000,21400000,KSQ,ME005
005800,KR7005800008,신영와코루,KOSPI,,13520,1,20,0.15,13580,13580,13520,55,744130,121680000000,9000000,STK,ME005
095190,KR7095190005,신화프리텍,KOSDAQ,중견기업부,1853,1,25,1.37,1828,1854,1828,39840,73402232,120927636086,65260462,KSQ,ME005
083500,KR7083500009,에프엔에스테크,KOSDAQ,우량기업부,14550,1,700,5.05,13750,14830,13640,66192,957818525,120857785350,8306377,KSQ,ME005
259630,KR7259630002,엠플러스,KOSDAQ,우량기업부,9880,1,350,3.67,9560,9950,9440,124452,1216893405,120757272480,12222396,KSQ,ME005
308080,KR7308080001,바이젠셀,KOSDAQ,기술성장기업부,5890,1,130,2.26,5760,5950,5600,80254,466579460,120740641400,20499260,KSQ,ME005
350520,KR7350520003,이지스레지던스리츠,KOSPI,,3275,1,10,0.31,3285,3320,3260,908,2972825,120736811550,36866202,STK,ME005
009070,KR7009070004,KCTC,KOSPI,,4020,1,10,0.25,4015,4065,3985,35393,142065225,120600000000,30000000,STK,ME005
214420,KR7214420002,토니모리,KOSPI,,5010,1,25,0.5,4980,5060,4920,16525,82714385,120514542990,24054799,STK,ME005
008830,KR7008830002,대동기어,KOSDAQ,중견기업부,6280,1,30,0.48,6260,6340,6200,95054,597122285,120462432480,19181916,KSQ,ME005
321370,KR7321370009,센서뷰,KOSDAQ,기술성장기업부,1700,2,-8,-0.47,1708,1717,1620,1211153,2025454500,120057826700,70622251,KSQ,ME005
001520,KR7001520006,동양,KOSPI,,1119,2,-4,-0.36,1124,1142,1112,256115,287180443,119869553808,107122032,STK,ME005
217950,KR7217950005,파마리서치바이오,KONEX,일반기업부,28650,2,-50,-0.17,28750,28950,28650,39,1124450,119849826000,4183240,KNX,ME005
089470,KR7089470009,HDC현대EP,KOSPI,,3750,3,0,0.0,3750,3780,3720,16261,61077165,119625000000,31900000,STK,ME005
333430,KR7333430007,일승,KOSDAQ,중견기업부,3890,1,115,3.05,3810,4190,3795,709415,2860628211,119527045830,30726747,KSQ,ME005
293580,KR7293580007,나우IB,KOSDAQ,중견기업부,1258,2,-11,-0.87,1260,1279,1241,168946,213164925,119421877100,94929950,KSQ,ME005
053080,KR7053080008,케이엔솔,KOSDAQ,중견기업부,9150,1,290,3.27,8930,9160,8800,44454,403455885,118948234050,12999807,KSQ,ME005
297890,KR7297890006,HB솔루션,KOSDAQ,우량기업부,1618,1,26,1.63,1594,1632,1581,169998,274126825,118341998852,73140914,KSQ,ME005
166480,KR7166480004,코아스템켐온,KOSDAQ,벤처기업부,2230,1,20,0.9,2270,2270,2155,45989,101944215,117900938480,52870376,KSQ,ME005
474610,KR7474610003,RF시스템즈,KOSDAQ,벤처기업부,8170,1,270,3.42,7930,8180,7770,53820,429707385,117772347400,14415220,KSQ,ME005
002620,KR7002620003,제일파마홀딩스,KOSPI,,7350,2,-60,-0.81,7310,7380,6920,7801,56841850,117404159250,15973355,STK,ME005
037560,KR7037560000,LG헬로비전,KOSPI,,1515,2,-33,-2.13,1549,1549,1507,88064,133597048,117332000475,77446865,STK,ME005
041440,KR7041440009,현대에버다임,KOSDAQ,우량기업부,6570,1,20,0.31,6550,6580,6500,18588,121561000,117220047840,17841712,KSQ,ME005
017510,KR7017510009,세명전기,KOSDAQ,벤처기업부,7670,1,10,0.13,7720,7720,7530,44146,335634125,116936820000,15246000,KSQ,ME005
054050,KR7054050000,NH농우바이오,KOSDAQ,우량기업부,7290,2,-130,-1.75,7420,7420,7280,26527,194078730,116862789690,16030561,KSQ,ME005
047310,KR7047310008,파워로직스,KOSDAQ,우량기업부,3185,1,65,2.08,3095,3195,3095,56141,177454240,116605254675,36610755,KSQ,ME005
001210,KR7001210004,금호전기,KOSPI,,9210,2,-190,-2.02,9370,9370,9110,400782,3687853910,116290976790,12626599,STK,ME005
336680,KR7336680004,탑런토탈솔루션,KOSDAQ,중견기업부,2970,1,50,1.71,2985,2985,2930,5510,16345690,116262307260,39145558,KSQ,ME005
299030,KR7299030007,하나기술,KOSDAQ,벤처기업부,14530,1,230,1.61,14350,14590,14050,15674,225118025,116166042300,7994910,KSQ,ME005
041590,KR7041590001,플래스크,KOSDAQ,관리종목(소속부없음),2370,3,0,0.0,0,0,0,0,0,116064014460,48972158,KSQ,ME005
002390,KR7002390003,한독,KOSPI,,8430,3,0,0.0,8430,8500,8000,3666,30517870,116026583190,13763533,STK,ME005
238540,KR7238540009,나노솔루션,KONEX,일반기업부,103800,3,0,0.0,0,0,0,0,0,116011032000,1117640,KNX,ME005
290740,KR7290740000,액트로,KOSDAQ,벤처기업부,11510,1,90,0.79,11810,12330,11290,75196,889957480,115848276610,10065011,KSQ,ME005
014530,KR7014530000,극동유화,KOSPI,,3320,2,-15,-0.45,3350,3350,3300,54649,180943725,115766474400,34869420,STK,ME005
004100,KR7004100004,태양금속,KOSPI,,3135,1,90,2.96,3040,3190,3025,344830,1078067541,115054500000,36700000,STK,ME005
017550,KR7017550005,수산세보틱스,KOSPI,,1843,1,8,0.44,1840,1850,1828,59409,109435311,115001596590,62399130,STK,ME005
051980,KR7051980001,중앙첨단소재,KOSDAQ,중견기업부,1035,3,0,0.0,0,0,0,0,0,114979918815,111091709,KSQ,ME005
122450,KR7122450000,KX,KOSDAQ,중견기업부,2565,1,35,1.38,2530,2570,2515,3706,9395470,114962874210,44819834,KSQ,ME005
049520,KR7049520000,유아이엘,KOSDAQ,우량기업부,3725,2,-10,-0.27,3735,3735,3675,8049,29816960,114888778125,30842625,KSQ,ME005
034590,KR7034590000,인천도시가스,KOSPI,,26250,2,-150,-0.57,26600,26600,26250,84,2206750,114837292500,4374754,STK,ME005
227840,KR7227840006,현대코퍼레이션홀딩스,KOSPI,,12600,2,-380,-2.93,12980,12980,12590,8710,110645755,114670533600,9100836,STK,ME005
331920,KR7331920009,셀레믹스,KOSDAQ,기술성장기업부,10250,2,-30,-0.29,10270,10460,10010,20473,208968460,114610938750,11181555,KSQ,ME005
109670,KR7109670000,씨싸이트,KOSDAQ,중견기업부,19630,1,2900,17.33,21450,21650,16880,830365,16054687010,114572497260,5836602,KSQ,ME005
016740,KR7016740003,두올,KOSPI,,3980,2,-15,-0.38,3965,4020,3940,5117,20254275,114122615520,28674024,STK,ME005
443670,KR7443670005,에스피소프트,KOSDAQ,중견기업부,4750,2,-10,-0.21,4800,4850,4710,138557,657030583,114050179000,24010564,KSQ,ME005
396470,KR7396470007,워트,KOSDAQ,중견기업부,7070,1,150,2.17,6950,7100,6850,69286,487942610,113968400000,16120000,KSQ,ME005
338220,KR7338220007,뷰노,KOSDAQ,기술성장기업부,8130,1,150,1.88,8240,8340,8000,200861,1636335335,113834820990,14001823,KSQ,ME005
153890,KR7153890009,져스텍,KOSDAQ,기술성장기업부,9410,1,60,0.64,9360,9500,9060,133802,1240712395,113393370050,12050305,KSQ,ME005
101170,KR7101170009,우림피티에스,KOSDAQ,벤처기업부,8390,1,250,3.07,8040,8440,8040,18802,155470540,113265000000,13500000,KSQ,ME005
458650,KR7458650009,성우,KOSDAQ,벤처기업부,7520,2,-40,-0.53,7560,7560,7440,3331,24939910,113143438400,15045670,KSQ,ME005
067990,KR7067990002,도이치모터스,KOSDAQ,우량기업부,3875,1,15,0.39,3875,3900,3845,33275,129110395,113078506250,29181550,KSQ,ME005
063570,KR7063570006,NICE인프라,KOSDAQ,우량기업부,3295,1,15,0.46,3250,3300,3250,1893,6216085,112516763760,34147728,KSQ,ME005
079430,KR7079430005,현대리바트,KOSPI,,5580,1,80,1.45,5590,5600,5520,3509,19563260,112237247160,20114202,STK,ME005
023450,KR7023450000,동남합성,KOSPI,,32000,1,50,0.16,32050,32350,31950,773,24774200,112000000000,3500000,STK,ME005
201490,KR7201490000,미투온,KOSDAQ,중견기업부,3415,1,5,0.15,3400,3470,3360,418952,1431452947,111751524290,32723726,KSQ,ME005
083420,KR7083420000,그린케미칼,KOSPI,,4650,3,0,0.0,4605,4680,4600,7629,35268755,111600000000,24000000,STK,ME005
311320,KR7311320006,지오엘리먼트,KOSDAQ,기술성장기업부,8820,1,560,6.78,8260,9000,8250,34436,301857870,111260419200,12614560,KSQ,ME005
002460,KR7002460004,HS화성,KOSPI,,10940,2,-140,-1.26,11080,11080,10900,1412,15436540,111041000000,10150000,STK,ME005
018120,KR7018120006,진로발효,KOSDAQ,우량기업부,16770,2,-40,-0.24,16800,16800,16760,191,3207410,111036182400,6621120,KSQ,ME005
012200,KR7012200002,계양전기,KOSPI,,3130,1,130,4.33,3000,3260,2970,882835,2757190304,110873454770,35422829,STK,ME005
039560,KR7039560008,다산네트웍스,KOSDAQ,중견기업부,2585,1,80,3.19,2510,2605,2490,81534,208096546,110866689780,42888468,KSQ,ME005
290720,KR7290720002,푸드나무,KOSDAQ,중견기업부,2905,2,-75,-2.52,2980,3050,2850,18212,54233505,110823638065,38149273,KSQ,ME005
079650,KR7079650008,서산,KOSDAQ,중견기업부,5540,2,-220,-3.82,5760,5760,5470,435161,2427222790,110800000000,20000000,KSQ,ME005
090850,KR7090850009,현대이지웰,KOSDAQ,우량기업부,4925,2,-20,-0.4,4910,4955,4910,5667,27926630,110703672275,22477903,KSQ,ME005
242040,KR7242040004,나무AX,KOSDAQ,기술성장기업부,3190,1,85,2.74,3115,3225,3090,137366,435837680,110393982160,34606264,KSQ,ME005
016710,KR7016710006,대성홀딩스,KOSPI,,6850,2,-40,-0.58,6920,6920,6830,10913,74715130,110212794150,16089459,STK,ME005
051360,KR7051360006,토비스,KOSDAQ,우량기업부,11770,3,0,0.0,11680,11860,11500,10572,123286405,110174403240,9360612,KSQ,ME005
131030,KR7131030009,옵투스제약,KOSDAQ,우량기업부,6230,1,210,3.49,5960,6440,5950,116782,732239600,109938255700,17646590,KSQ,ME005
389020,KR7389020009,자람테크놀로지,KOSDAQ,기술성장기업부,15900,1,90,0.57,15810,16190,15700,38808,618183120,109790803800,6905082,KSQ,ME005
011810,KR7011810009,STX,KOSPI,,3530,3,0,0.0,0,0,0,0,0,109493282310,31017927,STK,ME005
473980,KR7473980001,노머스,KOSDAQ,기술성장기업부,10050,2,-40,-0.4,10150,10180,10020,10115,102079270,109371657600,10882752,KSQ,ME005
086980,KR7086980000,쇼박스,KOSDAQ,중견기업부,1751,2,-10,-0.57,1740,1774,1740,41774,72907502,109328938000,62438000,KSQ,ME005
334970,KR7334970001,프레스티지바이오로직스,KOSDAQ,기술성장기업부,1405,1,51,3.77,1398,1405,1321,60390,83323880,109242454985,77752637,KSQ,ME005
217820,KR7217820000,원익피앤이,KOSDAQ,중견기업부,2300,2,-20,-0.86,2310,2325,2275,96202,221117014,109145485700,47454559,KSQ,ME005
310200,KR7310200001,애니플러스,KOSDAQ,중견기업부,2090,3,0,0.0,2090,2125,2030,131107,274305880,109020327240,52162836,KSQ,ME005
013570,KR7013570007,디와이,KOSPI,,4125,2,-15,-0.36,4200,4200,4075,21903,90368395,108568486125,26319633,STK,ME005
255440,KR7255440000,야스,KOSDAQ,벤처기업부,8310,3,0,0.0,8290,8480,8140,43292,358192250,108511980000,13058000,KSQ,ME005
008040,KR7008040008,사조동아원,KOSPI,,7680,2,-20,-0.26,7840,7840,7570,4253,32757900,108399052800,14114460,STK,ME005
217190,KR7217190008,제너셈,KOSDAQ,벤처기업부,8220,1,210,2.62,8010,8420,7950,129695,1069831920,108123915420,13153761,KSQ,ME005
067900,KR7067900001,와이엔텍,KOSDAQ,우량기업부,5940,1,20,0.34,5880,5960,5880,4849,28737540,108105974460,18199659,KSQ,ME005
036010,KR7036010007,아비코전자,KOSDAQ,중견기업부,8120,1,460,6.01,7660,8130,7580,130263,1039995695,107938624080,13292934,KSQ,ME005
012800,KR7012800009,대창,KOSPI,,1184,1,9,0.77,1173,1187,1173,102954,121576803,107910350816,91140499,STK,ME005
040300,KR7040300006,YTN,KOSDAQ,중견기업부,2260,2,-10,-0.44,2295,2295,2250,25340,57222490,107749974800,47676980,KSQ,ME005
217270,KR7217270008,넵튠,KOSDAQ,중견기업부,2360,2,-5,-0.21,2370,2370,2340,5452,12871330,107744282520,45654357,KSQ,ME005
175250,KR7175250000,아이큐어,KOSDAQ,관리종목(소속부없음),1744,1,144,9.0,1587,1759,1515,281353,461787302,107668136848,61736317,KSQ,ME005
009580,KR7009580002,무림P&P,KOSPI,,1722,1,2,0.12,1712,1750,1705,102343,175665207,107398253928,62368324,STK,ME005
036630,KR7036630002,세종텔레콤,KOSDAQ,우량기업부,7670,2,-50,-0.65,7710,7710,7520,1601,12181380,107380000000,14000000,KSQ,ME005
129920,KR7129920005,대성하이텍,KOSDAQ,벤처기업부,6600,3,0,0.0,6610,6920,6430,92474,616958380,107241393600,16248696,KSQ,ME005
039340,KR7039340005,한국경제TV,KOSDAQ,우량기업부,4865,2,-25,-0.51,4890,4890,4850,148,721090,107030000000,22000000,KSQ,ME005
120240,KR7120240007,대정화금,KOSDAQ,우량기업부,14820,1,20,0.14,14780,14920,14720,4089,60488130,106561594620,7190391,KSQ,ME005
097800,KR7097800007,윈팩,KOSDAQ,중견기업부,3885,1,850,28.01,3035,3940,2870,7322827,26296100095,106021824825,27290045,KSQ,ME005
339950,KR7339950008,아이비김영,KOSDAQ,우량기업부,2355,2,-15,-0.63,2370,2390,2340,18134,42883575,105849372525,44946655,KSQ,ME005
246710,KR7246710008,티앤알바이오팹,KOSDAQ,기술성장기업부,2220,1,90,4.23,2130,2245,2115,82757,180665770,105815198880,47664504,KSQ,ME005
317770,KR7317770006,엑스페릭스,KOSDAQ,벤처기업부,2855,1,230,8.76,2625,2945,2580,580912,1640050835,105626440710,36997002,KSQ,ME005
021820,KR7021820006,세원정공,KOSPI,,10550,1,30,0.29,10540,10750,10510,3301,34857370,105500000000,10000000,STK,ME005
106190,KR7106190002,하이텍팜,KOSDAQ,우량기업부,9910,2,-30,-0.3,9820,9940,9780,7625,74876390,105374744430,10633173,KSQ,ME005
289930,KR7289930000,웨이비스,KOSDAQ,기술성장기업부,8000,1,20,0.25,7950,8100,7930,13457,107702840,105192080000,13149010,KSQ,ME005
0011A0,KR70011A0009,액스비스,KOSDAQ,벤처기업부,11270,2,-30,-0.27,11320,11320,10740,140750,1553375070,105191249800,9333740,KSQ,ME005
053350,KR7053350005,이니텍,KOSDAQ,중견기업부,4765,1,15,0.32,4670,4820,4670,21359,101552830,104930374725,22021065,KSQ,ME005
004250,KR7004250007,NPC,KOSPI,,2855,1,10,0.35,2860,2860,2825,1500,4263575,104835600000,36720000,STK,ME005
010100,KR7010100006,한국무브넥스,KOSPI,,3430,1,20,0.59,3425,3465,3395,33656,115297630,104444940600,30450420,STK,ME005
073560,KR7073560005,우리손에프앤지,KOSDAQ,우량기업부,1508,1,8,0.53,1496,1510,1495,23274,34949904,104410365644,69237643,KSQ,ME005
209640,KR7209640002,와이제이링크,KOSDAQ,중견기업부,3670,1,105,2.95,3535,3695,3520,201901,733274954,104386345820,28443146,KSQ,ME005
419050,KR7419050000,삼기에너지솔루션즈,KOSDAQ,중견기업부,1822,1,7,0.39,1816,1918,1784,3365307,6229934997,104211549280,57196240,KSQ,ME005
053700,KR7053700001,삼보모터스,KOSDAQ,우량기업부,3895,1,45,1.17,3890,3905,3800,47933,185625215,104057873515,26715757,KSQ,ME005
006660,KR7006660005,삼성공조,KOSPI,,12800,1,310,2.48,12490,13300,12490,121459,1564187565,104016819200,8126314,STK,ME005
130580,KR7130580004,나이스디앤비,KOSDAQ,우량기업부,6740,2,-20,-0.3,6760,6780,6680,8366,56439810,103796000000,15400000,KSQ,ME005
078935,KR7078931003,GS우,KOSPI,,58300,2,-900,-1.52,59600,59600,58200,1304,76131650,103755110800,1779676,STK,ME005
123690,KR7123690000,한국화장품,KOSPI,,6440,1,170,2.71,6260,6520,6200,47257,301005605,103477920000,16068000,STK,ME005
475230,KR7475230009,엔알비,KOSDAQ,벤처기업부,9490,2,-160,-1.66,9650,9650,9400,55477,526411760,103428501670,10898683,KSQ,ME005
120030,KR7120030002,조선선재,KOSPI,,82200,2,-200,-0.24,82700,83200,81800,170,14046200,103378912200,1257651,STK,ME005
235980,KR7235980000,메드팩토,KOSDAQ,기술성장기업부,3015,1,185,6.54,2855,3020,2835,70716,207601015,103339489815,34275121,KSQ,ME005
261780,KR7261780001,아리바이오랩,KOSDAQ,기술성장기업부,3565,1,95,2.74,3470,3605,3300,432919,1494188605,103228054440,28955976,KSQ,ME005
038540,KR7038540001,상상인,KOSDAQ,중견기업부,1865,1,14,0.76,1851,1879,1851,5427,10118328,103187303745,55328313,KSQ,ME005
014580,KR7014580005,태경비케이,KOSPI,,3740,2,-15,-0.4,3765,3765,3715,22623,84334975,103160794000,27583100,STK,ME005
125210,KR7125210005,아모그린텍,KOSDAQ,우량기업부,6250,1,100,1.63,6160,6280,6050,51148,315265800,103104937500,16496790,KSQ,ME005
267850,KR7267850006,아시아나IDT,KOSPI,,9270,1,140,1.53,9180,9310,9150,8026,74316860,102897000000,11100000,STK,ME005
012320,KR7012320008,경동인베스트,KOSPI,,43400,1,50,0.12,43100,43650,43100,1684,72858300,102641998200,2365023,STK,ME005
109740,KR7109740001,디에스케이,KOSDAQ,벤처기업부,3990,1,110,2.84,4100,4100,3900,15020,59919930,102584456100,25710390,KSQ,ME005
37550L,KR737550K029,DL이앤씨2우(전환),KOSPI,,48550,2,-1150,-2.31,48400,48900,47600,1128,54192850,102535221050,2111951,STK,ME005
123040,KR7123040008,엠에스오토텍,KOSDAQ,중견기업부,1636,1,21,1.3,1670,1670,1625,24831,40564736,102459897164,62628299,KSQ,ME005
306620,KR7306620006,지아이에스,KOSDAQ,벤처기업부,2135,1,115,5.69,2075,2135,1992,188559,392244831,102356562840,47942184,KSQ,ME005
027970,KR7027970003,한국제지,KOSPI,,2690,2,-15,-0.55,2710,2735,2670,4534,12140715,102301087360,38030144,STK,ME005
394420,KR7394420004,리센스메디컬,KOSDAQ,기술성장기업부,9260,1,460,5.23,8630,9480,8530,85456,775217145,101857231260,10999701,KSQ,ME005
411080,KR7411080005,샌즈랩,KOSDAQ,기술성장기업부,6660,1,160,2.46,6450,6660,6400,96503,631487970,101682469080,15267638,KSQ,ME005
006620,KR7006620009,동구바이오제약,KOSDAQ,우량기업부,3560,1,75,2.15,3480,3570,3480,35249,124610334,101335371520,28464992,KSQ,ME005
453450,KR7453450009,그리드위즈,KOSDAQ,중견기업부,12750,1,90,0.71,12680,12790,12500,8725,110325880,101270062500,7942750,KSQ,ME005
091440,KR7091440008,한울소재과학,KOSDAQ,투자주의환기종목(소속부없음),2735,2,-30,-1.08,2765,2870,2650,225183,619471440,101064628020,36952332,KSQ,ME005
250060,KR7250060001,모비스,KOSDAQ,기술성장기업부,3140,1,80,2.61,3110,3170,3065,105368,330224244,101017925960,32171314,KSQ,ME005
366030,KR7366030005,나인앤컴퍼니,KOSDAQ,중견기업부,4455,1,125,2.89,4335,4470,4335,15976,70307190,100922901750,22653850,KSQ,ME005
105740,KR7105740005,디케이락,KOSDAQ,우량기업부,9920,1,300,3.12,9650,9990,9490,382715,3744772890,100871648960,10168513,KSQ,ME005
119650,KR7119650000,KC코트렐,KOSPI,,918,3,0,0.0,0,0,0,0,0,100782913662,109785309,STK,ME005
100700,KR7100700004,세운메디칼,KOSDAQ,우량기업부,2300,2,-10,-0.43,2315,2315,2290,6699,15418540,100740000000,43800000,KSQ,ME005
475580,KR7475580007,에이럭스,KOSDAQ,벤처기업부,7380,1,80,1.1,7270,7390,7270,11837,87047280,100551762000,13624900,KSQ,ME005
045970,KR7045970001,코아시아,KOSDAQ,중견기업부,3805,1,150,4.1,3630,3805,3630,41753,156315855,100128103180,26314876,KSQ,ME005
248170,KR7248170003,샘표식품,KOSPI,,21900,3,0,0.0,21850,21950,21700,12402,270711500,100045463400,4568286,STK,ME005
189330,KR7189330004,씨이랩,KOSDAQ,기술성장기업부,10640,1,570,5.66,10170,10700,9980,96783,1000055235,99827501760,9382284,KSQ,ME005
063170,KR7063170005,서울옥션,KOSDAQ,중견기업부,5610,2,-10,-0.18,5620,5670,5490,9795,54690975,99713637870,17774267,KSQ,ME005
307930,KR7307930008,컴퍼니케이,KOSDAQ,중견기업부,6380,1,120,1.92,6210,6390,6210,6478,40813990,99591800000,15610000,KSQ,ME005
246720,KR7246720007,아스타,KOSDAQ,관리종목(소속부없음),6070,3,0,0.0,0,0,0,0,0,99434491000,16381300,KSQ,ME005
048550,KR7048550008,SM C&C,KOSDAQ,중견기업부,1026,1,13,1.28,1013,1124,1013,330512,344142444,99229200120,96714620,KSQ,ME005
309960,KR7309960003,LB인베스트먼트,KOSDAQ,중견기업부,4270,2,-15,-0.35,4280,4280,4225,8907,37888835,99137610530,23217239,KSQ,ME005
439580,KR7439580002,블루엠텍,KOSDAQ,기술성장기업부,2925,2,-75,-2.5,2945,2990,2830,551439,1604825094,99001149975,33846547,KSQ,ME005
323990,KR7323990002,박셀바이오,KOSDAQ,기술성장기업부,4255,1,35,0.83,4250,4350,4155,51642,217718760,98960002975,23257345,KSQ,ME005
021080,KR7021080007,에이티넘인베스트,KOSDAQ,우량기업부,2060,1,20,0.98,2065,2065,2030,53167,108473339,98880000000,48000000,KSQ,ME005
059210,KR7059210005,메타바이오메드,KOSDAQ,우량기업부,3635,1,30,0.83,3610,3685,3595,113729,410828665,98768202575,27171445,KSQ,ME005
352090,KR7352090005,스톰테크,KOSDAQ,우량기업부,3675,1,10,0.27,3685,3695,3655,14679,53966430,98758267650,26872998,KSQ,ME005
086960,KR7086960002,MDS테크,KOSDAQ,우량기업부,2320,1,60,2.65,2260,2355,2215,626540,1438390800,98666514400,42528670,KSQ,ME005
173130,KR7173130006,오파스넷,KOSDAQ,중견기업부,7560,1,10,0.13,7610,7710,7440,77624,589013230,98631335880,13046473,KSQ,ME005
011280,KR7011280005,태림포장,KOSPI,,1392,1,9,0.65,1383,1400,1383,21692,30138957,98561868480,70805940,STK,ME005
035000,KR7035000009,HS애드,KOSPI,,6080,1,70,1.16,6050,6100,6030,118825,720847280,98542475520,16207644,STK,ME005
049950,KR7049950009,미래컴퍼니,KOSDAQ,중견기업부,11170,1,170,1.55,11000,11220,10850,15894,176766340,98495764280,8817884,KSQ,ME005
002450,KR7002450005,삼익악기,KOSPI,,1082,2,-6,-0.55,1080,1088,1077,9653,10427699,97954450030,90530915,STK,ME005
070960,KR7070960000,모나용평,KOSPI,,2035,1,5,0.25,2050,2050,2005,17956,36351055,97951332655,48133333,STK,ME005
099750,KR7099750002,이지케어텍,KOSDAQ,벤처기업부,7160,1,30,0.42,7110,7230,7050,23044,163927520,97799678680,13659173,KSQ,ME005
412350,KR7412350001,레이저쎌,KOSDAQ,기술성장기업부,6680,1,60,0.91,6670,7150,6590,447021,3076750305,97548327240,14603043,KSQ,ME005
357880,KR7357880004,SKAI,KOSDAQ,기술성장기업부,1798,2,-23,-1.26,1821,1838,1790,262866,473803122,97462069754,54205823,KSQ,ME005
088130,KR7088130000,동아엘텍,KOSDAQ,우량기업부,5570,2,-50,-0.89,5620,5650,5480,49774,277266110,97393198980,17485314,KSQ,ME005
066790,KR7066790007,씨씨에스,KOSDAQ,관리종목(소속부없음),2205,3,0,0.0,0,0,0,0,0,97355245995,44152039,KSQ,ME005
493330,KR7493330005,지에프아이,KOSDAQ,벤처기업부,12100,3,0,0.0,12130,12160,11810,11987,142825600,97278107300,8039513,KSQ,ME005
182360,KR7182360008,큐브엔터,KOSDAQ,우량기업부,6220,2,-200,-3.12,6450,6630,6130,15347,97872745,96687324920,15544586,KSQ,ME005
068240,KR7068240001,다원시스,KOSDAQ,관리종목(소속부없음),2530,3,0,0.0,0,0,0,0,0,96553495610,38163437,KSQ,ME005
187790,KR7187790001,나노,KOSDAQ,벤처기업부,3125,1,90,2.97,3010,3140,3010,47032,145256690,96377593750,30840830,KSQ,ME005
298540,KR7298540006,더네이쳐홀딩스,KOSDAQ,우량기업부,6650,2,-40,-0.6,6650,6720,6610,1405,9343755,96334466900,14486386,KSQ,ME005
205100,KR7205100001,엑셈,KOSDAQ,벤처기업부,1425,1,15,1.06,1410,1443,1410,133220,190562939,96243607950,67539374,KSQ,ME005
417310,KR7417310000,코람코더원리츠,KOSPI,,2380,1,15,0.63,2365,2385,2365,7029,16709245,96152000000,40400000,STK,ME005
008700,KR7008700007,아남전자,KOSPI,,1242,2,-11,-0.88,1254,1255,1231,72699,90074158,95789026440,77124820,STK,ME005
264900,KR7264900002,크라운제과,KOSPI,,7640,1,20,0.26,7660,7740,7630,679,5201825,95682214000,12523850,STK,ME005
348350,KR7348350000,위드텍,KOSDAQ,벤처기업부,9780,1,450,4.82,9350,10000,9350,27424,266865560,95585808000,9773600,KSQ,ME005
363280,KR7363280009,티와이홀딩스,KOSPI,,2090,1,85,4.24,2015,2150,2005,13088,27194425,95089425970,45497333,STK,ME005
091120,KR7091120006,이엠텍,KOSDAQ,중견기업부,5540,1,120,2.21,5410,5600,5320,29598,161740860,94916465440,17132936,KSQ,ME005
017650,KR7017650003,대림제지,KOSDAQ,우량기업부,10800,3,0,0.0,0,0,0,0,0,94878000000,8785000,KSQ,ME005
008260,KR7008260002,NI스틸,KOSPI,,3315,2,-55,-1.63,3460,3575,3305,114529,390903675,94809387855,28600117,STK,ME005
330350,KR7330350000,위더스제약,KOSDAQ,우량기업부,7180,2,-20,-0.28,7210,7270,7060,28353,203182920,94773702400,13199680,KSQ,ME005
002230,KR7002230001,피에스텍,KOSDAQ,우량기업부,5140,1,90,1.78,5090,5160,5060,18140,92697550,94684299800,18421070,KSQ,ME005
380550,KR7380550004,뉴로핏,KOSDAQ,기술성장기업부,7740,1,150,1.98,7500,7950,7430,86798,669056840,94419222840,12198866,KSQ,ME005
014790,KR7014790000,HL D&I,KOSPI,,2490,3,0,0.0,2505,2505,2460,9619,23910846,94267916490,37858601,STK,ME005
032560,KR7032560005,황금에스티,KOSPI,,5540,1,30,0.54,5590,5590,5480,14535,80323580,94180000000,17000000,STK,ME005
198440,KR7198440000,강동씨앤엘,KOSDAQ,중견기업부,1542,2,-29,-1.85,1570,1570,1522,213389,330089376,93956983632,60931896,KSQ,ME005
002780,KR7002780005,진흥기업,KOSPI,,6450,2,-60,-0.92,6510,6550,6410,24919,160970950,93829272300,14547174,STK,ME005
037030,KR7037030004,파워넷,KOSDAQ,우량기업부,3670,1,15,0.41,3650,3670,3600,89266,324339567,93632680640,25512992,KSQ,ME005
003580,KR7003580008,HLB글로벌,KOSPI,,1848,2,-112,-5.71,1945,1966,1811,280286,520805922,93626157240,50663505,STK,ME005
052900,KR7052900008,KX하이텍,KOSDAQ,우량기업부,1220,1,67,5.81,1178,1230,1152,1133568,1371186598,93535069800,76668090,KSQ,ME005
052420,KR7052420007,오성첨단소재,KOSDAQ,우량기업부,9590,1,10,0.1,9580,9700,9540,5957,57299855,93425866310,9742009,KSQ,ME005
013700,KR7013700000,까뮤이앤씨,KOSPI,,1562,2,-8,-0.51,1589,1611,1552,74576,117201512,93330796460,59750830,STK,ME005
014440,KR7014440002,영보화학,KOSPI,,4665,2,-5,-0.11,4660,4670,4635,1450,6738190,93300000000,20000000,STK,ME005
074430,KR7074430000,아미노로직스,KOSDAQ,중견기업부,1044,2,-1,-0.1,1037,1052,1030,35587,37003612,93273039648,89341992,KSQ,ME005
234030,KR7234030005,싸이닉솔루션,KOSDAQ,중견기업부,3950,1,205,5.47,3700,4040,3655,1121500,4408080041,93239750000,23605000,KSQ,ME005
007540,KR7007540008,샘표,KOSPI,,46250,1,50,0.11,46050,46500,45850,4313,199429600,93215395000,2015468,STK,ME005
042500,KR7042500009,링네트,KOSDAQ,우량기업부,4175,1,15,0.36,4200,4235,4170,32304,135502415,93065526200,22291144,KSQ,ME005
007210,KR7007210008,벽산,KOSPI,,1423,2,-6,-0.42,1429,1435,1403,29861,42463080,93007280000,65360000,STK,ME005
067830,KR7067830000,세이브존I&C,KOSPI,,2265,2,-20,-0.88,2280,2285,2240,5809,13172220,92957627175,41040895,STK,ME005
322180,KR7322180001,LS티라유텍,KOSDAQ,벤처기업부,4320,1,160,3.85,4140,4320,4140,43598,185104160,92863177920,21496106,KSQ,ME005
282720,KR7282720002,금양그린파워,KOSDAQ,중견기업부,7620,1,80,1.06,7460,7650,7430,4193,31521710,92350590000,12119500,KSQ,ME005
109610,KR7109610006,에스와이,KOSDAQ,중견기업부,1886,1,31,1.67,1841,2005,1841,221606,424759098,92239356400,48907400,KSQ,ME005
036220,KR7036220002,오상헬스케어,KOSDAQ,우량기업부,6440,1,20,0.31,6350,6490,6340,22107,141197130,92152639040,14309416,KSQ,ME005
002200,KR7002200004,한국수출포장,KOSPI,,2750,2,-35,-1.26,2850,2855,2730,20590,56598449,92124837750,33499941,STK,ME005
052460,KR7052460003,아이크래프트,KOSDAQ,벤처기업부,6300,1,160,2.61,6200,6440,6120,44211,276614520,92029996800,14607936,KSQ,ME005
005860,KR7005860002,한일사료,KOSDAQ,우량기업부,2335,1,5,0.21,2310,2345,2300,107020,248300776,92007604475,39403685,KSQ,ME005
040420,KR7040420002,정상제이엘에스,KOSDAQ,우량기업부,5850,1,10,0.17,5840,5870,5820,5012,29307465,91713679200,15677552,KSQ,ME005
357580,KR7357580000,아모센스,KOSDAQ,기술성장기업부,7770,1,120,1.57,7700,7900,7390,159343,1227562935,91606450740,11789762,KSQ,ME005
432470,KR7432470003,케이엔에스,KOSDAQ,벤처기업부,10420,1,180,1.76,10230,10460,10220,18057,187099090,91399613520,8771556,KSQ,ME005
307870,KR7307870006,비투엔,KOSDAQ,벤처기업부,1229,1,28,2.33,1200,1250,1176,433958,521227350,91313821265,74299285,KSQ,ME005
058850,KR7058850009,KTcs,KOSPI,,2200,3,0,0.0,2210,2230,2195,59766,132240258,91089790000,41404450,STK,ME005
023900,KR7023900004,풍국주정,KOSDAQ,우량기업부,7220,1,120,1.69,7220,7230,7070,5913,42484340,90972000000,12600000,KSQ,ME005
053580,KR7053580007,웹케시,KOSDAQ,우량기업부,7020,3,0,0.0,6970,7100,6970,5339,37367850,90940140720,12954436,KSQ,ME005
136150,KR7136150000,원일티엔아이,KOSDAQ,벤처기업부,10850,1,2500,29.94,8350,10850,8350,174377,1857723230,90934175500,8381030,KSQ,ME005
001275,KR7001271006,부국증권우,KOSPI,,30300,1,50,0.17,30250,30300,30250,47,1422000,90900000000,3000000,STK,ME005
303810,KR7303810006,동국생명과학,KOSDAQ,중견기업부,2840,2,-20,-0.7,2820,2865,2770,635030,1786889407,90834957600,31984140,KSQ,ME005
033560,KR7033560004,블루콤,KOSDAQ,중견기업부,5300,1,120,2.32,5180,5390,5180,20161,106396970,90630000000,17100000,KSQ,ME005
019180,KR7019180009,티에이치엔,KOSPI,,5020,1,65,1.31,4980,5040,4950,17411,86943750,90360000000,18000000,STK,ME005
058860,KR7058860008,KTis,KOSPI,,2590,1,20,0.78,2575,2600,2570,41158,106423990,90137180000,34802000,STK,ME005
139990,KR7139990006,아주스틸,KOSPI,,2325,1,5,0.22,2410,2525,2280,110836,265773039,90106337550,38755414,STK,ME005
036580,KR7036580009,팜스코,KOSPI,,2450,2,-30,-1.21,2490,2490,2445,12060,29643128,89983460350,36727943,STK,ME005
065450,KR7065450009,빅텍,KOSDAQ,벤처기업부,3045,2,-65,-2.09,3075,3105,3005,506979,1539011707,89814720135,29495803,KSQ,ME005
009300,KR7009300005,삼아제약,KOSDAQ,우량기업부,14070,1,70,0.5,14140,14140,13760,267,3726670,89625900000,6370000,KSQ,ME005
006840,KR7006840003,AK홀딩스,KOSPI,,6760,2,-70,-1.02,6830,6830,6710,1860,12576300,89553512360,13247561,STK,ME005
001290,KR7001290006,상상인증권,KOSPI,,4130,1,40,0.98,4080,4165,4060,17739,72844454,89486461120,21667424,STK,ME005
054540,KR7054540000,삼영엠텍,KOSDAQ,우량기업부,6880,1,60,0.88,6880,6900,6700,37144,252757465,89440000000,13000000,KSQ,ME005
025620,KR7025620006,차AI헬스케어,KOSPI,,4910,2,-140,-2.77,4990,4990,4880,5310,26080230,89381507430,18203973,STK,ME005
048910,KR7048910004,대원미디어,KOSDAQ,우량기업부,7100,1,140,2.01,7000,7270,6910,35755,252807590,89310516600,12578946,KSQ,ME005
093920,KR7093920007,서원인텍,KOSDAQ,우량기업부,4790,1,60,1.27,4750,4805,4745,1501,7185070,89094000000,18600000,KSQ,ME005
013310,KR7013310008,아진산업,KOSDAQ,우량기업부,2295,1,15,0.66,2290,2300,2250,31063,70882315,89061105690,38806582,KSQ,ME005
457370,KR7457370005,한켐,KOSDAQ,중견기업부,11030,1,230,2.13,10610,11500,10530,763076,8442039860,88980488020,8067134,KSQ,ME005
066590,KR7066590001,스모트로닉,KOSDAQ,중견기업부,2300,1,5,0.22,2295,2315,2245,29776,67825390,88959255100,38677937,KSQ,ME005
048530,KR7048530000,인트론바이오,KOSDAQ,기술성장기업부,2875,1,50,1.77,2825,2900,2805,20380,58389335,88813804250,30891758,KSQ,ME005
234300,KR7234300002,에스트래픽,KOSDAQ,우량기업부,3260,1,5,0.15,3255,3270,3210,8370,27211400,88697362800,27207780,KSQ,ME005
047560,KR7047560008,이스트소프트,KOSDAQ,중견기업부,7510,3,0,0.0,7530,7550,7350,6255,46507370,88265645820,11753082,KSQ,ME005
357230,KR7357230002,에이치피오,KOSDAQ,우량기업부,2130,3,0,0.0,2160,2160,2120,2724,5809350,87955103880,41293476,KSQ,ME005
023000,KR7023000003,삼원강재,KOSPI,,2210,2,-5,-0.23,2215,2220,2200,764,1684557,87825302760,39739956,STK,ME005
900260,HK0000295359,로스웰,KOSDAQ,외국기업(소속부없음),1905,1,15,0.79,1830,1911,1830,2483,4679161,87686589930,46029706,KSQ,ME005
096775,KR7096771001,SK이노베이션우,KOSPI,,70000,2,-1400,-1.96,71400,71900,70000,1140,80477850,87389820000,1248426,STK,ME005
478560,KR7478560006,블랙야크아이앤씨,KOSDAQ,벤처기업부,3370,1,75,2.28,3295,3455,3250,29592,99524225,87048104260,25830298,KSQ,ME005
0017J0,KR70017J0004,세미티에스,KOSDAQ,벤처기업부,2875,1,345,13.64,2535,3065,2505,2314272,6650299198,86684242875,30151041,KSQ,ME005
014950,KR7014950000,삼익제약,KOSDAQ,벤처기업부,8610,1,40,0.47,8560,8760,8450,230854,1977164040,86681932680,10067588,KSQ,ME005
162300,KR7162300008,신스틸,KOSDAQ,우량기업부,2090,2,-170,-7.52,2365,2445,2040,1639679,3611262191,86675188380,41471382,KSQ,ME005
246960,KR7246960009,SCL사이언스,KOSDAQ,기술성장기업부,2545,2,-75,-2.86,2670,2670,2505,54639,140651120,86573384615,34017047,KSQ,ME005
362320,KR7362320004,청담글로벌,KOSDAQ,중견기업부,4180,2,-10,-0.24,4150,4235,4105,22698,94141030,86496393060,20692917,KSQ,ME005
251120,KR7251120002,바이오에프디엔씨,KOSDAQ,기술성장기업부,9930,1,10,0.1,10000,10060,9720,6940,68311875,86348301000,8695700,KSQ,ME005
192410,KR7192410009,오늘이엔엠,KOSDAQ,중견기업부,3425,1,15,0.44,3410,3450,3250,22192,73779080,86261738325,25185909,KSQ,ME005
100130,KR7100130004,동국S&C,KOSDAQ,중견기업부,1508,1,6,0.4,1512,1544,1505,86812,131338160,86171644000,57143000,KSQ,ME005
004140,KR7004140000,동방,KOSPI,,1792,1,3,0.17,1795,1799,1772,14148,25368401,85965404672,47971766,STK,ME005
096240,KR7096240007,크레버스,KOSDAQ,우량기업부,8390,2,-50,-0.59,8430,8500,8350,6057,50763780,85898330200,10238180,KSQ,ME005
033290,KR7033290008,로젠,KOSDAQ,우량기업부,1522,1,3,0.2,1523,1527,1514,10355,15777007,85469890122,56156301,KSQ,ME005
140070,KR7140070004,서플러스글로벌,KOSDAQ,벤처기업부,2310,1,35,1.54,2260,2370,2260,56978,131857473,85442280000,36988000,KSQ,ME005
004650,KR7004650008,창해에탄올,KOSDAQ,우량기업부,9280,1,60,0.65,9220,9300,9220,6697,62037330,85291412800,9190885,KSQ,ME005
044990,KR7044990000,에이치엔에스하이텍,KOSDAQ,기술성장기업부,11040,1,200,1.85,10840,11140,10840,5926,65274500,84847092000,7685425,KSQ,ME005
062970,KR7062970009,한국첨단소재,KOSDAQ,중견기업부,2815,2,-75,-2.6,2890,2910,2740,709029,1968847784,84794620745,30122423,KSQ,ME005
263720,KR7263720005,디앤씨미디어,KOSDAQ,우량기업부,6920,1,40,0.58,6870,6990,6850,1532,10578665,84739282120,12245561,KSQ,ME005
226400,KR7226400000,오스테오닉,KOSDAQ,기술성장기업부,4095,1,20,0.49,4085,4150,4020,32398,132348395,84609256095,20661601,KSQ,ME005
185490,KR7185490000,아이진,KOSDAQ,벤처기업부,1957,1,22,1.14,1988,1988,1921,23477,46001615,84600687288,43229784,KSQ,ME005
072020,KR7072020001,중앙백신,KOSDAQ,벤처기업부,9130,3,0,0.0,9210,9210,9050,1969,17938770,84514410530,9256781,KSQ,ME005
123010,KR7123010001,MSDI,KOSDAQ,기술성장기업부,4180,1,135,3.34,4095,4345,3985,402964,1685762391,84501906060,20215767,KSQ,ME005
078140,KR7078140001,대봉엘에스,KOSDAQ,우량기업부,7600,2,-50,-0.65,7640,7640,7540,18119,137426310,84258000400,11086579,KSQ,ME005
365330,KR7365330000,에스와이스틸텍,KOSDAQ,우량기업부,1678,1,113,7.22,1624,1920,1618,3317438,5759016583,84186938000,50171000,KSQ,ME005
067000,KR7067000000,조이시티,KOSDAQ,중견기업부,1204,1,59,5.15,1150,1380,1148,6293963,8018862383,84163748984,69903446,KSQ,ME005
025950,KR7025950007,동신건설,KOSDAQ,우량기업부,10010,1,150,1.52,10050,10060,9800,8629,85802960,84084000000,8400000,KSQ,ME005
049180,KR7049180003,셀루메드,KOSDAQ,투자주의환기종목(소속부없음),1009,3,0,0.0,0,0,0,0,0,83975227728,83226192,KSQ,ME005
066700,KR7066700006,테라젠이텍스,KOSDAQ,중견기업부,2260,1,30,1.35,2200,2285,2200,21413,48413105,83964369760,37152376,KSQ,ME005
223250,KR7223250002,드림씨아이에스,KOSDAQ,벤처기업부,3410,1,50,1.49,3355,3435,3300,94980,320804957,83887514040,24600444,KSQ,ME005
002600,KR7002600005,조흥,KOSPI,,139800,1,2800,2.04,139800,139800,139800,1,139800,83880000000,600000,STK,ME005
086710,KR7086710001,선진뷰티사이언스,KOSDAQ,우량기업부,6870,1,20,0.29,6800,6890,6800,1621,11095175,83836533600,12203280,KSQ,ME005
183490,KR7183490002,엔지켐생명과학,KOSDAQ,관리종목(소속부없음),990,3,0,0.0,0,0,0,0,0,83793832650,84640235,KSQ,ME005
215100,KR7215100009,로보로보,KOSDAQ,벤처기업부,4110,1,120,3.01,3975,4130,3945,62827,254947262,83632145940,20348454,KSQ,ME005
330730,KR7330730003,스톤브릿지벤처스,KOSDAQ,벤처기업부,4580,3,0,0.0,4540,4590,4520,7525,34370525,83437661400,18217830,KSQ,ME005
004890,KR7004890000,동일산업,KOSPI,,34400,2,-200,-0.58,34850,35000,34350,417,14401700,83427396000,2425215,STK,ME005
006090,KR7006090005,사조오양,KOSPI,,8850,2,-140,-1.56,8930,8930,8820,1749,15488760,83391213600,9422736,STK,ME005
038110,KR7038110003,에코플라스틱,KOSDAQ,우량기업부,2025,1,10,0.5,1995,2035,1995,21995,44476220,83367974250,41169370,KSQ,ME005
0007J0,KR70007J0006,인벤테라,KOSDAQ,기술성장기업부,10590,2,-460,-4.16,11030,11090,10520,120831,1298695010,83297911260,7865714,KSQ,ME005
058820,KR7058820002,CMG제약,KOSDAQ,관리종목(소속부없음),562,3,0,0.0,0,0,0,0,0,83245438472,148123556,KSQ,ME005
085670,KR7085670008,뉴프렉스,KOSDAQ,우량기업부,3395,2,-5,-0.15,3405,3420,3130,134328,450284174,83180083595,24500761,KSQ,ME005
007980,KR7007980006,TP,KOSPI,,1769,2,-25,-1.39,1794,1794,1765,48589,86040189,82961412150,46897350,STK,ME005
101330,KR7101330009,모베이스,KOSDAQ,중견기업부,3575,1,75,2.14,3495,3600,3465,27803,98555635,82750628675,23147029,KSQ,ME005
078890,KR7078890001,가온그룹,KOSDAQ,중견기업부,4485,1,115,2.63,4370,4515,4325,30114,134415871,82635869355,18424943,KSQ,ME005
33626K,KR733626K013,두산퓨얼셀1우,KOSPI,,6150,2,-40,-0.65,6160,6190,6050,2256,13818050,82189830000,13364200,STK,ME005
100590,KR7100590009,머큐리,KOSDAQ,중견기업부,4790,1,125,2.68,4645,4800,4525,111374,522029915,82098420550,17139545,KSQ,ME005
000850,KR7000850008,화천기공,KOSPI,,37150,2,-250,-0.67,37300,37300,36550,1941,71675550,81730000000,2200000,STK,ME005
063080,KR7063080006,컴투스홀딩스,KOSDAQ,중견기업부,12390,1,300,2.48,12090,12550,12090,9876,121587540,81714428880,6595192,KSQ,ME005
029480,KR7029480001,광무,KOSDAQ,중견기업부,1365,2,-8,-0.58,1378,1378,1356,20933,28532273,81516615180,59719132,KSQ,ME005
007820,KR7007820004,엠엑스로보틱스,KOSDAQ,중견기업부,3495,1,125,3.71,3370,3500,3345,74384,254556075,81515349405,23323419,KSQ,ME005
049080,KR7049080005,기가레인,KOSDAQ,벤처기업부,9590,1,180,1.91,9400,9600,9150,71712,669604510,81403123060,8488334,KSQ,ME005
032300,KR7032300006,한국파마,KOSDAQ,중견기업부,7460,1,130,1.77,7330,7480,7230,2406,17744020,81363989460,10906701,KSQ,ME005
037760,KR7037760006,쎄니트,KOSDAQ,중견기업부,2400,1,5,0.21,2395,2400,2375,72153,172462150,81199010400,33832921,KSQ,ME005
389030,KR7389030008,지니너스,KOSDAQ,기술성장기업부,2060,1,76,3.83,1981,2130,1948,290050,596208300,81148078260,39392271,KSQ,ME005
412540,KR7412540007,제일엠앤에스,KOSDAQ,관리종목(소속부없음),3935,3,0,0.0,0,0,0,0,0,81063616775,20600665,KSQ,ME005
066980,KR7066980004,한성크린텍,KOSDAQ,벤처기업부,1504,1,44,3.01,1446,1504,1446,100007,147876665,80871889312,53771203,KSQ,ME005
294630,KR7294630009,서남,KOSDAQ,기술성장기업부,3050,1,60,2.01,3090,3090,2980,55994,169478853,80822495950,26499179,KSQ,ME005
036640,KR7036640001,HRS,KOSDAQ,우량기업부,4940,2,-25,-0.5,4965,5000,4900,17087,84405718,80792712000,16354800,KSQ,ME005
302550,KR7302550009,리메드,KOSDAQ,기술성장기업부,2665,1,30,1.14,2640,2670,2590,10424,27299745,80682909645,30275013,KSQ,ME005
094860,KR7094860004,네오리진,KOSDAQ,중견기업부,1519,1,3,0.2,1533,1538,1491,22944,34791285,80674111266,53110014,KSQ,ME005
142280,KR7142280007,녹십자엠에스,KOSDAQ,중견기업부,3365,1,115,3.54,3270,3375,3230,392854,1311034068,80635599315,23963031,KSQ,ME005
011700,KR7011700002,한신기계,KOSPI,,2485,1,25,1.02,2505,2560,2435,114567,284572782,80628685235,32446151,STK,ME005
000590,KR7000590000,CS홀딩스,KOSPI,,69800,1,500,0.72,71000,71000,69350,440,30772050,80582843600,1154482,STK,ME005
250030,KR7250030004,진코스텍,KONEX,일반기업부,27750,2,-250,-0.89,28350,28350,27350,8667,241744300,80251140750,2891933,KNX,ME005
149980,KR7149980005,하이로닉,KOSDAQ,중견기업부,4660,1,100,2.19,4630,4700,4420,10643,48312715,80147554360,17199046,KSQ,ME005
066430,KR7066430000,아이로보틱스,KOSDAQ,중견기업부,2045,2,-15,-0.73,2070,2075,2000,185205,376274790,80068858420,39153476,KSQ,ME005
396270,KR7396270001,넥스트칩,KOSDAQ,벤처기업부,2430,1,65,2.75,2365,2450,2340,200955,482969117,79916457330,32887431,KSQ,ME005
418470,KR7418470001,KT밀리의서재,KOSDAQ,우량기업부,9290,1,70,0.76,9320,9320,9220,2353,21861360,79576179810,8565789,KSQ,ME005
381620,KR7381620004,제닉스로보틱스,KOSDAQ,중견기업부,6060,1,270,4.66,5880,6070,5810,24130,143741680,79494595200,13117920,KSQ,ME005
147760,KR7147760003,피엠티,KOSDAQ,벤처기업부,3970,2,-10,-0.25,3980,4100,3890,141951,569697427,79400000000,20000000,KSQ,ME005
023800,KR7023800006,인지컨트롤스,KOSPI,,5020,3,0,0.0,5090,5090,4995,5736,28802050,79362168940,15809197,STK,ME005
001260,KR7001260009,남광토건,KOSPI,,8060,1,60,0.75,7920,8150,7860,20328,162439080,79250530320,9832572,STK,ME005
069730,KR7069730000,DSR제강,KOSPI,,5500,1,60,1.1,5700,5970,5400,140837,797683890,79200000000,14400000,STK,ME005
058400,KR7058400003,KNN,KOSDAQ,우량기업부,5970,1,10,0.17,6020,6020,5850,6296,37332580,79060542840,13242972,KSQ,ME005
032540,KR7032540007,TJ미디어,KOSDAQ,우량기업부,3780,2,-10,-0.26,3745,3795,3745,794,2997960,78992221140,20897413,KSQ,ME005
054670,KR7054670005,대한뉴팜,KOSDAQ,우량기업부,5500,1,20,0.36,5440,5630,5380,7049,38948310,78952060000,14354920,KSQ,ME005
111380,KR7111380002,동인기연,KOSPI,,12820,2,-100,-0.77,13030,13030,12720,2206,28175190,78560960000,6128000,STK,ME005
131370,KR7131370009,알서포트,KOSDAQ,벤처기업부,1474,1,11,0.75,1470,1485,1465,18018,26483516,78515680342,53267083,KSQ,ME005
0015S0,KR70015S0005,페스카로,KOSDAQ,기술성장기업부,7950,1,100,1.27,7790,7980,7730,17780,139470770,78440503500,9866730,KSQ,ME005
009180,KR7009180001,한솔로지스틱스,KOSPI,,2785,2,-5,-0.18,2800,2800,2775,5857,16310200,78413972625,28155825,STK,ME005
475430,KR7475430005,키스트론,KOSDAQ,중견기업부,4390,1,15,0.34,4390,4435,4340,46490,203370772,78353202900,17848110,KSQ,ME005
382840,KR7382840007,원준,KOSDAQ,중견기업부,5130,1,40,0.79,5130,5190,5030,25444,130442455,78343210530,15271581,KSQ,ME005
360070,KR7360070007,탑머티리얼,KOSDAQ,중견기업부,9550,1,60,0.63,9690,9690,9130,9509,88868710,78234010650,8192043,KSQ,ME005
0117P0,KR70117P0005,피스피스스튜디오,KOSDAQ,중견기업부,5510,1,110,2.04,5400,5620,5320,47221,262107755,78070699610,14168911,KSQ,ME005
047820,KR7047820006,초록뱀미디어,KOSDAQ,중견기업부,3185,2,-30,-0.93,3215,3225,3180,6844,21882530,77885767050,24453930,KSQ,ME005
323350,KR7323350009,다원넥스뷰,KOSDAQ,기술성장기업부,9700,1,720,8.02,9300,9830,8870,67187,637356340,77704488400,8010772,KSQ,ME005
004590,KR7004590006,한국가구,KOSDAQ,중견기업부,5180,1,20,0.39,5220,5220,5110,9772,50399540,77700000000,15000000,KSQ,ME005
225530,KR7225530005,HC보광산업,KOSDAQ,우량기업부,2135,1,25,1.18,2110,2135,2085,6907,14468005,77583182145,36338727,KSQ,ME005
137950,KR7137950002,제이씨케미칼,KOSDAQ,우량기업부,3480,2,-65,-1.83,3750,3750,3470,32385,113544850,77491992720,22267814,KSQ,ME005
007610,KR7007610009,선도전기,KOSPI,,4300,3,0,0.0,4305,4330,4200,111542,474577665,77400000000,18000000,STK,ME005
024880,KR7024880007,케이피에프,KOSDAQ,우량기업부,3880,3,0,0.0,3880,3930,3820,16134,62396599,77373501120,19941624,KSQ,ME005
331380,KR7331380006,포커스에이아이,KOSDAQ,투자주의환기종목(소속부없음),2090,1,75,3.72,2140,2140,2030,8695,18029430,77246874430,36960227,KSQ,ME005
388870,KR7388870008,파로스아이바이오,KOSDAQ,기술성장기업부,5960,1,90,1.53,5830,5960,5650,37275,217291170,77157754720,12945932,KSQ,ME005
303360,KR7303360002,프로티아,KOSDAQ,기술성장기업부,5990,1,140,2.39,5890,6020,5820,29957,177806445,77149492850,12879715,KSQ,ME005
066310,KR7066310004,큐에스아이,KOSDAQ,벤처기업부,8300,1,260,3.23,8040,8300,8030,30585,250825655,76954454300,9271621,KSQ,ME005
389140,KR7389140005,포바이포,KOSDAQ,벤처기업부,5390,1,40,0.75,5350,5420,5250,15511,82998880,76913871650,14269735,KSQ,ME005
109070,KR7109070003,주성코퍼레이션,KOSPI,,7280,1,470,6.9,7100,7750,6860,40006,297538990,76891694880,10562046,STK,ME005
084730,KR7084730001,팅크웨어,KOSDAQ,중견기업부,6920,1,280,4.22,6640,6980,6630,30604,209522170,76877214080,11109424,KSQ,ME005
088390,KR7088390000,이녹스,KOSDAQ,중견기업부,8180,1,20,0.25,8120,8280,8110,834,6799100,76776203920,9385844,KSQ,ME005
005740,KR7005740006,크라운해태홀딩스,KOSPI,,5160,3,0,0.0,5160,5220,5090,4917,25307410,76612310520,14847347,STK,ME005
163560,KR7163560006,동일고무벨트,KOSPI,,5510,1,20,0.36,5510,5520,5460,8957,49146220,76589000000,13900000,STK,ME005
302430,KR7302430004,이노메트리,KOSDAQ,벤처기업부,7810,1,180,2.36,7630,8180,7500,116743,922224285,76563054480,9803208,KSQ,ME005
079810,KR7079810008,APS이노베이션,KOSDAQ,우량기업부,3550,2,-45,-1.25,3550,3590,3515,15386,54596077,76424733700,21528094,KSQ,ME005
000440,KR7000440008,중앙에너비스,KOSDAQ,중견기업부,12270,1,20,0.16,12250,12370,12160,5230,64048930,76406885100,6227130,KSQ,ME005
004840,KR7004840005,DRB동일,KOSPI,,3950,1,10,0.25,3935,3985,3935,954,3765055,76125837800,19272364,STK,ME005
073640,KR7073640005,테라사이언스,KOSDAQ,관리종목(소속부없음),654,3,0,0.0,0,0,0,0,0,76111715580,116378770,KSQ,ME005
089230,KR7089230007,THE E&M,KOSDAQ,중견기업부,1929,2,-86,-4.27,1995,1999,1870,160869,307383593,76043791866,39421354,KSQ,ME005
007590,KR7007590003,동방아그로,KOSPI,,5580,2,-10,-0.18,5600,5610,5560,62,345850,75986079660,13617577,STK,ME005
055490,KR7055490007,테이팩스,KOSPI,,15850,1,670,4.41,15340,16200,15000,18488,288683480,75868402500,4786650,STK,ME005
253840,KR7253840003,수젠텍,KOSDAQ,중견기업부,4525,1,85,1.91,4400,4545,4370,50633,226861114,75762980000,16743200,KSQ,ME005
058630,KR7058630005,엠게임,KOSDAQ,우량기업부,4035,1,70,1.77,3970,4080,3950,59319,237710820,75747336090,18772574,KSQ,ME005
012790,KR7012790002,신일제약,KOSDAQ,우량기업부,6315,1,35,0.56,6220,6350,6080,18920,118603625,75694210725,11986415,KSQ,ME005
950130,KR8840090003,엑세스바이오,KOSDAQ,외국기업(소속부없음),2150,1,30,1.42,2120,2150,2115,25845,55127980,75623743100,35173834,KSQ,ME005
124560,KR7124560004,태웅로직스,KOSDAQ,우량기업부,1950,2,-30,-1.52,1980,1981,1939,11354,22126399,75505581450,38720811,KSQ,ME005
084680,KR7084680008,이월드,KOSPI,,532,3,0,0.0,0,0,0,0,0,75440894676,141806193,STK,ME005
011320,KR7011320009,유니크,KOSDAQ,우량기업부,3900,1,35,0.91,3880,3935,3845,23227,90600875,75350710500,19320695,KSQ,ME005
030960,KR7030960009,양지사,KOSDAQ,중견기업부,4715,2,-20,-0.42,4710,4730,4690,3528,16599645,75345700000,15980000,KSQ,ME005
102370,KR7102370004,케이옥션,KOSDAQ,기술성장기업부,2905,2,-5,-0.17,2900,2950,2890,2629,7640270,75205482450,25888290,KSQ,ME005
012700,KR7012700001,리드코프,KOSDAQ,우량기업부,2890,2,-5,-0.17,2915,2915,2870,5479,15802255,75125122280,25994852,KSQ,ME005
000105,KR7000101006,유한양행우,KOSPI,,65300,1,1300,2.03,64000,65300,64000,100,6466200,74986602000,1148340,STK,ME005
041930,KR7041930009,SY동아,KOSDAQ,우량기업부,4930,2,-30,-0.6,4920,4975,4820,11276,55425329,74936000000,15200000,KSQ,ME005
040160,KR7040160004,누리플렉스,KOSDAQ,중견기업부,6300,2,-150,-2.33,6600,6600,6200,6000,37781030,74865111300,11883351,KSQ,ME005
011370,KR7011370004,서한,KOSDAQ,우량기업부,3710,1,45,1.23,3660,3715,3650,6626,24473875,74863989830,20178973,KSQ,ME005
065510,KR7065510000,휴비츠,KOSDAQ,우량기업부,6880,1,220,3.3,6740,6930,6720,40590,276654995,74839917600,10877895,KSQ,ME005
010280,KR7010280006,아이티센엔텍,KOSDAQ,우량기업부,5740,2,-260,-4.33,5990,5990,5660,79074,454708750,74762105180,13024757,KSQ,ME005
229500,KR7229500004,노브메타파마,KONEX,일반기업부,5750,1,260,4.74,5580,5800,5430,954,5484450,74695300250,12990487,KNX,ME005
451250,KR7451250005,삐아,KOSDAQ,벤처기업부,7300,1,60,0.83,7220,7480,7010,5006,36095970,74648902100,10225877,KSQ,ME005
263800,KR7263800005,데이타솔루션,KOSDAQ,중견기업부,4595,1,145,3.26,4430,4595,4430,77148,349352556,74555621100,16225380,KSQ,ME005
104040,KR7104040001,디에스엠,KOSDAQ,벤처기업부,2780,1,30,1.09,2800,2820,2720,17876,49977635,74541710700,26813565,KSQ,ME005
040910,KR7040910002,아이씨디,KOSDAQ,중견기업부,4085,2,-5,-0.12,4110,4140,4070,10206,41834680,74241913375,18174275,KSQ,ME005
168330,KR7168330009,내츄럴엔도텍,KOSDAQ,투자주의환기종목(소속부없음),2335,1,5,0.21,2330,2375,2305,4468,10435450,74147691500,31754900,KSQ,ME005
060590,KR7060590007,씨티씨바이오,KOSDAQ,중견기업부,3065,2,-5,-0.16,3070,3100,3010,21098,64316180,74114826300,24181020,KSQ,ME005
170030,KR7170030001,현대공업,KOSDAQ,우량기업부,4830,1,35,0.73,4825,4850,4720,6563,31607805,74092200000,15340000,KSQ,ME005
002220,KR7002220002,한일철강,KOSPI,,2775,2,-30,-1.07,2900,2905,2725,94713,264926280,74085451500,26697460,STK,ME005
019550,KR7019550003,SBI인베스트먼트,KOSDAQ,중견기업부,917,1,5,0.55,923,932,911,92418,84871548,73876247158,80562974,KSQ,ME005
013360,KR7013360003,일성건설,KOSPI,,1367,1,8,0.59,1359,1375,1345,40278,54876878,73852010960,54024880,STK,ME005
371950,KR7371950007,풍원정밀,KOSDAQ,기술성장기업부,3130,1,180,6.1,2940,3170,2915,91595,272947790,73758481300,23565010,KSQ,ME005
060570,KR7060570009,드림어스컴퍼니,KOSDAQ,중견기업부,4975,2,-20,-0.4,4980,5020,4975,700,3491950,73731062150,14820314,KSQ,ME005
208140,KR7208140004,정다운,KOSDAQ,우량기업부,2255,1,10,0.45,2245,2265,2215,25189,56500615,73702974730,32684246,KSQ,ME005
038680,KR7038680005,에스넷,KOSDAQ,우량기업부,3695,1,60,1.65,3675,3770,3620,36930,136599344,73577212190,19912642,KSQ,ME005
217330,KR7217330000,싸이토젠,KOSDAQ,기술성장기업부,3180,1,140,4.61,3075,3205,3060,45501,143517940,73551959460,23129547,KSQ,ME005
080010,KR7080010002,이상네트웍스,KOSDAQ,중견기업부,7470,1,60,0.81,7350,7470,7310,371,2720630,73467980370,9835071,KSQ,ME005
010960,KR7010960003,삼호개발,KOSPI,,3045,1,5,0.16,3040,3065,3030,33285,101293170,73445400000,24120000,STK,ME005
107600,KR7107600009,새빗켐,KOSDAQ,벤처기업부,12980,1,180,1.41,13000,13000,12500,7927,101935180,73337700920,5650054,KSQ,ME005
347890,KR7347890006,엠엑스온,KOSDAQ,벤처기업부,4305,1,15,0.35,4285,4340,4180,3130,13272110,73241843220,17013204,KSQ,ME005
041910,KR7041910001,폴라리스AI파마,KOSDAQ,우량기업부,5510,2,-20,-0.36,5520,5530,5420,4516,24785380,73191258500,13283350,KSQ,ME005
013870,KR7013870001,지엠비코리아,KOSPI,,3825,1,20,0.53,3775,3830,3775,7312,27842370,72951471000,19072280,STK,ME005
294140,KR7294140009,레몬,KOSDAQ,관리종목(소속부없음),2925,1,135,4.84,2850,2945,2740,16690,47823330,72875842650,24914818,KSQ,ME005
214330,KR7214330003,금호에이치티,KOSPI,,6960,2,-30,-0.43,7100,7100,6880,16843,116976350,72780225840,10456929,STK,ME005
017480,KR7017480005,삼현철강,KOSDAQ,우량기업부,4710,2,-40,-0.84,4850,4965,4705,41037,196295075,72736011900,15442890,KSQ,ME005
024740,KR7024740003,한일단조,KOSDAQ,우량기업부,2210,1,10,0.45,2215,2220,2185,26241,57808635,72702478290,32897049,KSQ,ME005
067170,KR7067170001,오텍,KOSDAQ,중견기업부,2645,1,40,1.54,2580,2835,2560,1401823,3801394939,72650445115,27467087,KSQ,ME005
053280,KR7053280004,예스24,KOSDAQ,중견기업부,2900,1,5,0.17,2915,2920,2845,4455,12898202,72500000000,25000000,KSQ,ME005
451220,KR7451220008,아이엠티,KOSDAQ,기술성장기업부,9150,1,480,5.54,8780,9250,8580,27101,245070425,72052690650,7874611,KSQ,ME005
039980,KR7039980008,폴라리스AI,KOSDAQ,중견기업부,5010,1,120,2.45,4960,5030,4850,25414,125497210,72049882140,14381214,KSQ,ME005
277880,KR7277880001,티에스아이,KOSDAQ,우량기업부,3630,1,60,1.68,3590,3640,3545,14207,51054015,72030859560,19843212,KSQ,ME005
020710,KR7020710000,시공테크,KOSDAQ,우량기업부,3590,1,10,0.28,3585,3630,3490,59970,212271150,71972212300,20047970,KSQ,ME005
487580,KR7487580003,폴레드,KOSDAQ,벤처기업부,2855,2,-70,-2.39,2925,2925,2800,252876,719078020,71897068155,25182861,KSQ,ME005
234920,KR7234920007,자이글,KOSDAQ,관리종목(소속부없음),5310,3,0,0.0,0,0,0,0,0,71849132100,13530910,KSQ,ME005
171120,KR7171120009,라이온켐텍,KOSDAQ,우량기업부,2000,1,9,0.45,1992,2005,1991,2778,5542654,71803520000,35901760,KSQ,ME005
338100,KR7338100001,NH프라임리츠,KOSPI,,3845,1,15,0.39,3830,3850,3825,11180,42897894,71747700000,18660000,STK,ME005
039010,KR7039010004,현대에이치티,KOSDAQ,우량기업부,8270,2,-150,-1.78,8420,8500,8150,18515,152134000,71328750000,8625000,KSQ,ME005
413390,KR7413390006,엠오티,KOSDAQ,중견기업부,6320,1,100,1.61,6290,6450,6130,10366,65088280,71324486400,11285520,KSQ,ME005
024900,KR7024900003,디와이덕양,KOSPI,,2190,3,0,0.0,2195,2230,2180,39381,86620092,71317306200,32564980,STK,ME005
090470,KR7090470006,제이스로보틱스,KOSDAQ,벤처기업부,4080,1,75,1.87,4175,4175,4005,5349,21641450,71304503520,17476594,KSQ,ME005
091590,KR7091590000,남화토건,KOSDAQ,중견기업부,6070,1,20,0.33,6000,6150,5900,85519,515287270,71261800000,11740000,KSQ,ME005
208370,KR7208370007,셀바스헬스케어,KOSDAQ,벤처기업부,2765,2,-15,-0.54,2755,2835,2650,362384,993258382,71172659460,25740564,KSQ,ME005
377480,KR7377480009,마음AI,KOSDAQ,기술성장기업부,10000,1,30,0.3,10000,10080,9900,18217,182396200,71102750000,7110275,KSQ,ME005
002795,KR7002791002,아모레퍼시픽홀딩스우,KOSPI,,11140,2,-170,-1.5,11300,11300,11060,8177,90901620,71086256080,6381172,STK,ME005
071090,KR7071090005,하이스틸,KOSPI,,3520,2,-400,-10.2,4100,4270,3505,2975282,11331329483,71073977920,20191471,STK,ME005
083790,KR7083790006,CG인바이츠,KOSDAQ,벤처기업부,924,2,-26,-2.74,964,964,918,28420,26427277,71050224168,76894182,KSQ,ME005
054040,KR7054040001,한국컴퓨터,KOSDAQ,우량기업부,4420,2,-5,-0.11,4425,4465,4410,5166,22867890,71035101800,16071290,KSQ,ME005
014160,KR7014160006,대영포장,KOSPI,,655,3,0,0.0,0,0,0,0,0,70998429595,108394549,STK,ME005
038460,KR7038460002,바이오스마트,KOSDAQ,우량기업부,2800,3,0,0.0,2810,2830,2760,23657,66067445,70768717600,25274542,KSQ,ME005
456570,KR7456570001,아이엠지티,KONEX,일반기업부,13430,3,0,0.0,0,0,0,0,0,70706317720,5264804,KNX,ME005
004770,KR7004770004,써니전자,KOSPI,,1990,1,16,0.81,1971,1992,1959,185753,366580456,70659801620,35507438,STK,ME005
212710,KR7212710008,아이에스티이,KOSDAQ,기술성장기업부,7270,1,80,1.11,7140,7450,7090,56942,415519380,70627890060,9714978,KSQ,ME005
320000,KR7320000003,한울반도체,KOSDAQ,중견기업부,10190,1,180,1.8,10010,10380,9900,56396,573052770,70450297300,6913670,KSQ,ME005
001020,KR7001020007,페이퍼코리아,KOSPI,,1978,2,-9,-0.45,1974,2050,1969,5556,10969478,70410197436,35596662,STK,ME005
063160,KR7063160006,종근당바이오,KOSPI,,12830,1,70,0.55,12660,12940,12560,6708,85528030,70384892460,5485962,STK,ME005
332370,KR7332370006,아이디피,KOSDAQ,벤처기업부,5300,2,-40,-0.75,5340,5640,5240,1065,5635280,70350747800,13273726,KSQ,ME005
005750,KR7005750005,대림바스,KOSPI,,4235,1,15,0.36,4215,4300,4190,28576,120389470,70268136400,16592240,STK,ME005
299660,KR7299660001,셀리드,KOSDAQ,기술성장기업부,2380,2,-30,-1.24,2390,2430,2330,140770,335446860,70217085260,29502977,KSQ,ME005
347000,KR7347000002,센코,KOSDAQ,기술성장기업부,1855,2,-35,-1.85,1884,1884,1840,13862,25621048,70139119330,37810846,KSQ,ME005
128660,KR7128660008,피제이메탈,KOSDAQ,우량기업부,2825,2,-15,-0.53,2850,2850,2815,14313,40377425,70069517425,24803369,KSQ,ME005
460940,KR7460940000,피앤에스로보틱스,KOSDAQ,기술성장기업부,5200,1,140,2.77,5070,5220,4970,28336,145729360,69967456000,13455280,KSQ,ME005
104460,KR7104460001,디와이피엔에프,KOSDAQ,우량기업부,6650,2,-50,-0.75,6650,6720,6580,3581,23847950,69945371650,10518101,KSQ,ME005
282620,KR7282620004,기도산업,KOSDAQ,중견기업부,11920,1,110,0.93,11850,12040,11800,21686,258019270,69859627440,5860707,KSQ,ME005
024830,KR7024830002,세원물산,KOSDAQ,중견기업부,8330,1,20,0.24,8390,8390,8100,616,5088450,69555500000,8350000,KSQ,ME005
120115,KR7120111000,코오롱인더우,KOSPI,,25100,2,-150,-0.59,25300,25300,25100,1178,29670900,69473286000,2767860,STK,ME005
045660,KR7045660008,에이텍,KOSDAQ,우량기업부,8400,2,-120,-1.41,8610,8730,8260,13418,112224490,69384000000,8260000,KSQ,ME005
155650,KR7155650005,와이엠씨,KOSDAQ,우량기업부,3650,1,165,4.73,3505,3655,3450,49936,179256092,69256406700,18974358,KSQ,ME005
032850,KR7032850000,비트컴퓨터,KOSDAQ,벤처기업부,4165,2,-10,-0.24,4160,4165,4080,31411,129440845,69236015345,16623293,KSQ,ME005
000230,KR7000230003,일동홀딩스,KOSPI,,5980,1,120,2.05,5920,6080,5860,5462,32626570,69011592000,11540400,STK,ME005
001560,KR7001560002,제일연마,KOSPI,,9080,1,10,0.11,9060,9120,9060,134,1215685,69008000000,7600000,STK,ME005
004440,KR7004440004,삼일씨엔에스,KOSPI,,5420,1,20,0.37,5400,5530,5370,14774,80368000,69007152740,12731947,STK,ME005
117670,KR7117670000,알파칩스,KOSDAQ,벤처기업부,10350,1,170,1.67,10180,10400,10130,12236,125122470,68949029700,6661742,KSQ,ME005
096350,KR7096350004,대창솔루션,KOSDAQ,벤처기업부,1870,1,10,0.54,1875,1887,1820,39854,74175369,68918404940,36854762,KSQ,ME005
092040,KR7092040005,아미코젠,KOSDAQ,기술성장기업부,975,1,27,2.85,952,983,940,132788,127475687,68889002325,70655387,KSQ,ME005
002720,KR7002720001,국제약품,KOSPI,,3255,1,35,1.09,3220,3270,3195,24506,79152465,68875253160,21159832,STK,ME005
009770,KR7009770009,삼정펄프,KOSPI,,27550,2,-200,-0.72,27750,27750,27350,1849,50830500,68874201050,2499971,STK,ME005
010040,KR7010040004,한국내화,KOSPI,,1674,2,-6,-0.36,1715,1720,1650,62039,104407630,68746261788,41067062,STK,ME005
026150,KR7026150003,특수건설,KOSDAQ,중견기업부,3915,1,35,0.9,3910,3960,3880,8095,31561465,68693885865,17546331,KSQ,ME005
110790,KR7110790003,크리스에프앤씨,KOSDAQ,우량기업부,2930,2,-10,-0.34,2950,3240,2820,17424,51478300,68652712800,23430960,KSQ,ME005
155660,KR7155660004,DSR,KOSPI,,4290,1,20,0.47,4360,4470,4250,31765,137583030,68640000000,16000000,STK,ME005
031820,KR7031820004,아이티센씨티에스,KOSPI,,5670,1,40,0.71,5650,5680,5600,6137,34551040,68636177820,12105146,STK,ME005
0004V0,KR70004V0003,엔비알모션,KOSDAQ,기술성장기업부,6230,1,320,5.41,5890,6230,5820,90779,548682040,68594692320,11010384,KSQ,ME005
048430,KR7048430003,유라테크,KOSDAQ,우량기업부,5930,2,-70,-1.17,6000,6050,5850,31996,189251710,68313600000,11520000,KSQ,ME005
002700,KR7002700003,신일전자,KOSPI,,996,1,2,0.2,999,1008,993,264862,264198409,68273330916,68547521,STK,ME005
337930,KR7337930002,젝시믹스,KOSDAQ,우량기업부,2350,1,25,1.08,2380,2390,2330,13919,32660735,68264983150,29048929,KSQ,ME005
214260,KR7214260002,라파스,KOSDAQ,기술성장기업부,7650,1,300,4.08,7420,7680,7370,6085,45921930,68256841950,8922463,KSQ,ME005
011150,KR7011150000,CJ씨푸드,KOSPI,,1898,2,-5,-0.26,1903,1907,1897,9947,18909660,68196607154,35930773,STK,ME005
095720,KR7095720009,웅진씽크빅,KOSPI,,1200,2,-13,-1.07,1213,1268,1190,23073,27961683,68192502000,56827085,STK,ME005
228670,KR7228670006,레이,KOSDAQ,벤처기업부,4360,2,-30,-0.68,4375,4415,4350,18157,79418425,68190491560,15640021,KSQ,ME005
067570,KR7067570002,엔브이에이치코리아,KOSDAQ,중견기업부,1616,2,-1,-0.06,1650,1650,1609,8894,14386713,68146720000,42170000,KSQ,ME005
950220,KR8840140006,네오이뮨텍,KOSDAQ,기술성장기업부,1991,1,31,1.58,1950,2010,1907,153497,299203787,68115773440,34211840,KSQ,ME005
019540,KR7019540004,일지테크,KOSDAQ,우량기업부,5030,1,35,0.7,4995,5080,4920,11702,58647675,67972905000,13513500,KSQ,ME005
417790,KR7417790003,트루엔,KOSDAQ,벤처기업부,6480,1,20,0.31,6410,6780,6410,20222,133291540,67835173680,10468391,KSQ,ME005
109860,KR7109860007,동일금속,KOSDAQ,우량기업부,7440,3,0,0.0,7400,7440,7340,33,244740,67704000000,9100000,KSQ,ME005
347860,KR7347860009,알체라,KOSDAQ,중견기업부,1606,1,13,0.82,1593,1623,1506,117705,185290005,67698757082,42153647,KSQ,ME005
054620,KR7054620000,APS,KOSDAQ,중견기업부,3680,2,-15,-0.41,3725,3775,3675,7221,26768510,67690733280,18394221,KSQ,ME005
067370,KR7067370007,선바이오,KOSDAQ,기술성장기업부,5530,2,-10,-0.18,5540,5630,5420,1613,8845900,67542540730,12213841,KSQ,ME005
010660,KR7010660009,화천기계,KOSPI,,3070,1,65,2.16,3080,3095,3045,28845,88739045,67540000000,22000000,STK,ME005
123420,KR7123420002,위메이드플레이,KOSDAQ,우량기업부,6480,1,70,1.09,6370,6520,6370,16544,106942760,67398745680,10401041,KSQ,ME005
228340,KR7228340006,동양파일,KOSDAQ,중견기업부,3365,2,-85,-2.46,3375,3425,3300,143984,482042890,67300000000,20000000,KSQ,ME005
002800,KR7002800001,신신제약,KOSDAQ,우량기업부,4435,3,0,0.0,4430,4460,4390,1596,7063060,67281167500,15170500,KSQ,ME005
000180,KR7000180000,성창기업지주,KOSPI,,4820,2,-80,-1.63,4900,4945,4820,2438,11800265,67240542400,13950320,STK,ME005
076610,KR7076610005,해성옵틱스,KOSDAQ,벤처기업부,1102,2,-7,-0.63,1095,1123,1095,276953,306024613,67127262162,60914031,KSQ,ME005
265560,KR7265560003,영화테크,KOSDAQ,우량기업부,6270,1,30,0.48,6250,6280,6190,5597,34920170,67027428600,10690180,KSQ,ME005
456070,KR7456070002,이엔셀,KOSDAQ,기술성장기업부,6070,1,240,4.12,5860,6140,5730,83744,502710570,66949168190,11029517,KSQ,ME005
049550,KR7049550007,잉크테크,KOSDAQ,우량기업부,3410,2,-80,-2.29,3445,3445,3380,3803,12919755,66857404570,19606277,KSQ,ME005
262260,KR7262260003,에이프로,KOSDAQ,우량기업부,4430,1,110,2.55,4360,4450,4320,13895,60928730,66794033800,15077660,KSQ,ME005
0155E0,KR70155E0001,해치텍,KOSDAQ,기술성장기업부,12170,1,30,0.25,12100,12240,11820,89817,1080327130,66778615500,5487150,KSQ,ME005
084670,KR7084670009,동양고속,KOSPI,,23000,2,-450,-1.92,23500,23500,22000,6816,155377800,66598087000,2895569,STK,ME005
089790,KR7089790000,제이티,KOSDAQ,벤처기업부,6450,1,360,5.91,6070,6630,6070,133177,860847015,66535058850,10315513,KSQ,ME005
291650,KR7291650000,츌립앤사이언스,KOSDAQ,기술성장기업부,2180,2,-65,-2.9,2180,2320,2045,37443,82016455,66532773780,30519621,KSQ,ME005
487400,KR7487400004,케이앤에스아이앤씨,KOSDAQ,기술성장기업부,6460,2,-70,-1.07,6530,6530,6400,60817,393000770,66285297720,10260882,KSQ,ME005
079980,KR7079980009,휴비스,KOSPI,,1914,2,-14,-0.73,1937,1937,1905,17751,34024615,66033000000,34500000,STK,ME005
153710,KR7153710009,옵티팜,KOSDAQ,기술성장기업부,4500,2,-10,-0.22,4510,4585,4470,5263,23680350,66014811000,14669958,KSQ,ME005
204840,KR7204840003,지엘팜텍,KOSDAQ,기술성장기업부,4255,2,-55,-1.28,4305,4325,4220,3989,17057585,65994203255,15509801,KSQ,ME005
417970,KR7417970001,모델솔루션,KOSDAQ,우량기업부,10310,1,280,2.79,9950,10360,9940,13271,134588200,65949977000,6396700,KSQ,ME005
039610,KR7039610001,화성밸브,KOSDAQ,우량기업부,6330,2,-440,-6.5,7120,7440,6310,658294,4457665825,65897832000,10410400,KSQ,ME005
004780,KR7004780003,대륙제관,KOSDAQ,우량기업부,4140,1,25,0.61,4085,4180,4085,11354,46844685,65839243860,15903199,KSQ,ME005
085310,KR7085310001,엔케이,KOSPI,,8870,2,-60,-0.67,8930,8930,8750,3512,30959130,65798316380,7418074,STK,ME005
100030,KR7100030006,인지소프트,KOSDAQ,중견기업부,19970,1,150,0.76,19990,19990,19790,158,3152470,65575768580,3283714,KSQ,ME005
241790,KR7241790005,티이엠씨씨엔에스,KOSDAQ,우량기업부,6550,1,310,4.97,6290,6570,6210,60334,388175660,65517252700,10002634,KSQ,ME005
004720,KR7004720009,팜젠사이언스,KOSPI,,2890,1,5,0.17,2815,2900,2750,6493,18426005,65471114850,22654365,STK,ME005
007280,KR7007280001,한국특강,KOSPI,,2280,1,40,1.79,2345,2345,2215,8094,18584675,65314111200,28646540,STK,ME005
019680,KR7019680008,대교,KOSPI,,1621,2,-18,-1.1,1640,1640,1611,8642,13984647,65219070850,40233850,STK,ME005
096250,KR7096250006,와이즈넛,KOSDAQ,기술성장기업부,5520,1,130,2.41,5410,5590,5390,8276,45535900,65218143120,11814881,KSQ,ME005
040350,KR7040350001,크레오에스지,KOSDAQ,벤처기업부,3270,1,5,0.15,3280,3335,3205,25597,83856213,64929760920,19856196,KSQ,ME005
006140,KR7006140008,피제이전자,KOSDAQ,우량기업부,4365,1,45,1.04,4400,4400,4310,9479,41191580,64885725000,14865000,KSQ,ME005
126880,KR7126880004,제이엔케이글로벌,KOSDAQ,우량기업부,2800,1,150,5.66,2640,2815,2635,81986,226676220,64870744400,23168123,KSQ,ME005
061040,KR7061040002,알에프텍,KOSDAQ,중견기업부,7150,1,30,0.42,7120,7290,7120,566,4049300,64694794450,9048223,KSQ,ME005
100220,KR7100220003,비상교육,KOSPI,,4975,3,0,0.0,4970,4995,4940,9689,48150410,64658786475,12996741,STK,ME005
318160,KR7318160009,셀바이오휴먼텍,KOSDAQ,벤처기업부,6910,2,-70,-1.0,7190,7190,6800,3020,20935570,64522214830,9337513,KSQ,ME005
210980,KR7210980009,SK디앤디,KOSPI,,3465,1,20,0.58,3635,3635,3385,28555,98816830,64509228630,18617382,STK,ME005
111710,KR7111710000,남화산업,KOSDAQ,중견기업부,3130,2,-15,-0.48,3135,3160,3075,10546,32936725,64440440000,20588000,KSQ,ME005
0218L0,KR70218L0007,네오뷰,KOSDAQ,중견기업부,12210,1,450,3.83,11770,12360,11770,10811,130851090,64422096750,5276175,KSQ,ME005
222110,KR7222110009,팬젠,KOSDAQ,기술성장기업부,4750,1,45,0.96,4750,4765,4700,373,1768780,64193917750,13514509,KSQ,ME005
214680,KR7214680001,디알텍,KOSDAQ,벤처기업부,3845,1,110,2.95,3685,3875,3685,21234,80340880,64193855295,16695411,KSQ,ME005
014970,KR7014970008,삼륭물산,KOSDAQ,중견기업부,4330,1,40,0.93,4335,4335,4285,3624,15583940,64192250000,14825000,KSQ,ME005
205470,KR7205470008,휴마시스,KOSDAQ,중견기업부,2600,1,100,4.0,2460,2640,2460,45322,116874645,64155002600,24675001,KSQ,ME005
104540,KR7104540000,코렌텍,KOSDAQ,기술성장기업부,4780,1,190,4.14,4605,4890,4515,169752,800828915,64087419800,13407410,KSQ,ME005
187420,KR7187420005,HLB제넥스,KOSDAQ,기술성장기업부,1959,2,-37,-1.85,1997,1997,1925,56002,109434521,63951451173,32644947,KSQ,ME005
067920,KR7067920009,이글루,KOSDAQ,우량기업부,5800,2,-50,-0.85,5850,5850,5740,18724,107938240,63777490200,10996119,KSQ,ME005
095270,KR7095270005,웨이브일렉트로,KOSDAQ,벤처기업부,4425,1,35,0.8,4360,4460,4310,19260,84863155,63597896550,14372406,KSQ,ME005
017370,KR7017370008,우신시스템,KOSPI,,3470,1,40,1.17,3490,3615,3465,5919,20811560,63549767380,18314054,STK,ME005
214270,KR7214270001,FSN,KOSDAQ,중견기업부,1404,1,35,2.56,1369,1408,1363,25987,36357393,63533296944,45251636,KSQ,ME005
049470,KR7049470008,비트플래닛,KOSDAQ,중견기업부,2695,1,5,0.19,2810,2810,2645,32661,87644725,63453502805,23544899,KSQ,ME005
048770,KR7048770002,TPC로보틱스,KOSDAQ,벤처기업부,4040,1,70,1.76,4010,4050,3820,130267,518351734,63419883640,15697991,KSQ,ME005
058730,KR7058730003,다스코,KOSPI,,3130,1,5,0.16,3125,3165,3080,124229,386871130,63386415630,20251251,STK,ME005
137080,KR7137080008,나래나노텍,KOSDAQ,중견기업부,5900,2,-130,-2.16,6220,6220,5900,6038,35958160,63188699100,10709949,KSQ,ME005
382480,KR7382480002,지아이텍,KOSDAQ,벤처기업부,1605,2,-3,-0.19,1602,1677,1574,72955,116710244,63168209700,39357140,KSQ,ME005
331740,KR7331740001,아우토크립트,KOSDAQ,기술성장기업부,6470,1,90,1.41,6380,6580,6300,6283,40214590,63088911770,9750991,KSQ,ME005
424960,KR7424960003,스마트레이더시스템,KOSDAQ,기술성장기업부,3815,1,50,1.33,3730,3880,3730,8320,31509975,62890694650,16485110,KSQ,ME005
122350,KR7122350002,삼기,KOSDAQ,중견기업부,1640,1,50,3.14,1571,1687,1571,537398,878992441,62876661920,38339428,KSQ,ME005
127710,KR7127710002,아시아경제,KOSDAQ,중견기업부,1427,1,8,0.56,1409,1428,1401,17128,24326589,62858222670,44049210,KSQ,ME005
315640,KR7315640003,딥노이드,KOSDAQ,기술성장기업부,2140,1,15,0.71,2155,2155,2065,61920,130623736,62856576480,29372232,KSQ,ME005
018500,KR7018500009,동원모빌리티,KOSPI,,1344,1,13,0.98,1349,1349,1322,16270,21720787,62838629952,46754933,STK,ME005
005870,KR7005870001,휴니드,KOSPI,,4450,2,-35,-0.78,4485,4485,4335,14778,65227140,62816266750,14116015,STK,ME005
009200,KR7009200007,무림페이퍼,KOSPI,,1507,1,6,0.4,1500,1515,1500,11432,17238272,62705230170,41609310,STK,ME005
089850,KR7089850002,유비벨록스,KOSDAQ,우량기업부,4250,2,-30,-0.7,4210,4300,4205,1494,6380205,62603345750,14730199,KSQ,ME005
001840,KR7001840008,이화공영,KOSDAQ,관리종목(소속부없음),2215,3,0,0.0,0,0,0,0,0,62588831935,28256809,KSQ,ME005
036000,KR7036000008,예림당,KOSDAQ,중견기업부,2715,1,15,0.56,2645,2715,2645,7082,18979903,62538062055,23034277,KSQ,ME005
241690,KR7241690007,유니테크노,KOSDAQ,우량기업부,2555,1,10,0.39,2550,2720,2495,17862,46036900,62522653830,24470706,KSQ,ME005
291230,KR7291230001,컴투스엔,KOSDAQ,중견기업부,2600,3,0,0.0,2600,2640,2580,9271,24092370,62429200600,24011231,KSQ,ME005
041460,KR7041460007,한국전자인증,KOSDAQ,중견기업부,3285,2,-15,-0.45,3300,3305,3250,6545,21440440,62415000000,19000000,KSQ,ME005
043650,KR7043650001,국순당,KOSDAQ,중견기업부,3495,2,-5,-0.14,3565,3565,3480,30593,106909155,62414772480,17858304,KSQ,ME005
081150,KR7081150005,티플랙스,KOSDAQ,중견기업부,2570,3,0,0.0,2545,2590,2545,51477,131670445,62369793140,24268402,KSQ,ME005
294090,KR7294090006,이오플로우,KOSDAQ,관리종목(소속부없음),1490,3,0,0.0,0,0,0,0,0,62295566450,41809105,KSQ,ME005
480370,KR7480370006,씨케이솔루션,KOSPI,,1917,1,106,5.85,1812,1961,1801,284675,535233708,62266859136,32481408,STK,ME005
033130,KR7033130006,디지틀조선,KOSDAQ,중견기업부,1675,2,-27,-1.59,1702,1741,1665,123760,207716220,62168072225,37115267,KSQ,ME005
064240,KR7064240005,홈캐스트,KOSDAQ,벤처기업부,1790,1,25,1.42,1813,1813,1761,3461,6175453,62102709290,34694251,KSQ,ME005
0156T0,KR70156T0003,에이치엘지노믹스,KOSDAQ,중견기업부,7980,2,-60,-0.75,8030,8190,7860,55800,445752375,62101644780,7782161,KSQ,ME005
066670,KR7066670001,디티씨,KOSDAQ,중견기업부,3310,1,80,2.48,3295,3345,3260,18602,61539810,61870248580,18691918,KSQ,ME005
483350,KR7483350005,딜리셔스,KOSDAQ,기술성장기업부,2790,3,0,0.0,2805,2850,2755,143069,399097452,61808153400,22153460,KSQ,ME005
016090,KR7016090003,대현,KOSPI,,1395,2,-5,-0.36,1403,1410,1394,35331,49472110,61773822450,44282310,STK,ME005
059270,KR7059270009,해성에어로보틱스,KOSDAQ,기술성장기업부,5520,1,70,1.28,5450,5640,5340,20459,112544240,61632450480,11165299,KSQ,ME005
065530,KR7065530008,와이어블,KOSDAQ,우량기업부,1288,1,11,0.86,1289,1289,1265,38718,49419102,61616321592,47838759,KSQ,ME005
014470,KR7014470009,부방,KOSDAQ,벤처기업부,1080,1,28,2.66,1060,1097,1042,93319,100295751,61613611200,57049640,KSQ,ME005
463020,KR7463020008,뉴엔AI,KOSDAQ,기술성장기업부,6850,1,140,2.09,6650,6930,6650,30131,205149795,61562320000,8987200,KSQ,ME005
043610,KR7043610005,KT지니뮤직,KOSDAQ,중견기업부,1059,2,-33,-3.02,1062,1083,1058,177339,188687272,61544248842,58115438,KSQ,ME005
005670,KR7005670005,푸드웰,KOSDAQ,우량기업부,6140,3,0,0.0,6140,6180,6070,6209,37874860,61400000000,10000000,KSQ,ME005
145170,KR7145170007,노브랜드,KOSDAQ,중견기업부,3625,2,-70,-1.89,3660,3920,3600,1097305,4082246346,61292968125,16908405,KSQ,ME005
082210,KR7082210006,옵트론텍,KOSDAQ,중견기업부,1750,1,5,0.29,1820,1820,1723,5799,10155241,61185827500,34963330,KSQ,ME005
352910,KR7352910004,오비고,KOSDAQ,기술성장기업부,4835,2,-80,-1.63,4865,4920,4835,2481,12053745,61103772670,12637802,KSQ,ME005
072130,KR7072130008,유엔젤,KOSPI,,4805,2,-20,-0.41,4860,4860,4750,9038,43271380,61001656470,12695454,STK,ME005
016250,KR7016250003,SGC E&C,KOSDAQ,중견기업부,12110,2,-60,-0.49,12090,12230,12030,481,5816335,60997900460,5036986,KSQ,ME005
203400,KR7203400007,에이비온,KOSDAQ,관리종목(소속부없음),676,3,0,0.0,0,0,0,0,0,60908481504,90101304,KSQ,ME005
010240,KR7010240000,흥국,KOSDAQ,우량기업부,5200,3,0,0.0,5200,5210,5100,11612,59972820,60871200000,11706000,KSQ,ME005
460870,KR7460870009,에스엠씨지,KOSDAQ,벤처기업부,3030,1,110,3.77,2905,3060,2830,45914,136089530,60822111120,20073304,KSQ,ME005
068290,KR7068290006,삼성출판사,KOSPI,,6080,2,-30,-0.49,6120,6120,5810,7250,43895560,60800000000,10000000,STK,ME005
221800,KR7221800006,지구홀딩스,KOSDAQ,투자주의환기종목(소속부없음),3720,1,85,2.34,3635,3820,3600,14421,53146730,60706125720,16318851,KSQ,ME005
039420,KR7039420005,케이엘넷,KOSDAQ,중견기업부,2635,2,-5,-0.19,2640,2675,2600,7362,19290990,60465329190,22946994,KSQ,ME005
056360,KR7056360001,코위버,KOSDAQ,벤처기업부,6170,1,70,1.15,6080,6190,5970,55268,335738515,60446256000,9796800,KSQ,ME005
054300,KR7054300009,팬스타엔터프라이즈,KOSDAQ,벤처기업부,1038,1,1,0.1,1025,1047,1019,65057,66978236,60381440910,58170945,KSQ,ME005
008370,KR7008370009,원풍,KOSDAQ,우량기업부,5025,2,-25,-0.5,5020,5050,5020,1356,6829155,60300000000,12000000,KSQ,ME005
004450,KR7004450003,삼화왕관,KOSPI,,27950,2,-500,-1.76,28150,28400,27750,483,13602700,60214893050,2154379,STK,ME005
049480,KR7049480007,오픈베이스,KOSDAQ,우량기업부,1912,1,23,1.22,1889,1912,1873,44045,83683775,60079596296,31422383,KSQ,ME005
900110,HK0000057197,딥커머스,KOSDAQ,외국기업(소속부없음),5420,2,-50,-0.91,5440,5450,5200,2113,11326880,59957546760,11062278,KSQ,ME005
002760,KR7002760007,보락,KOSPI,,999,2,-1,-0.1,1000,1002,994,28704,28672868,59840100000,59900000,STK,ME005
216050,KR7216050005,인크로스,KOSDAQ,중견기업부,4905,2,-30,-0.61,4940,4945,4890,2914,14300170,59834240910,12198622,KSQ,ME005
010470,KR7010470003,오리콤,KOSDAQ,우량기업부,4995,2,-15,-0.3,5050,5050,4960,2309,11527755,59815374750,11975050,KSQ,ME005
448710,KR7448710004,코츠테크놀로지,KOSDAQ,벤처기업부,11290,1,200,1.8,11010,11290,10970,6222,69432570,59670946680,5285292,KSQ,ME005
007815,KR7007811003,코리아써우,KOSPI,,20100,2,-100,-0.5,20650,20650,20000,356,7142650,59590269000,2964690,STK,ME005
094850,KR7094850005,참좋은여행,KOSDAQ,우량기업부,4255,1,5,0.12,4300,4300,4170,17160,72814395,59570000000,14000000,KSQ,ME005
950200,KR8840150005,소마젠,KOSDAQ,외국기업(소속부없음),3095,1,10,0.32,3050,3125,3050,33146,102288830,59535584035,19236053,KSQ,ME005
033320,KR7033320003,제이씨현시스템,KOSDAQ,벤처기업부,3110,1,55,1.8,3050,3110,3040,27611,84925875,59445883520,19114432,KSQ,ME005
036090,KR7036090009,위지트,KOSDAQ,중견기업부,1397,1,15,1.09,1382,1397,1366,126180,174291594,59443068058,42550514,KSQ,ME005
225190,KR7225190008,LK삼양,KOSDAQ,중견기업부,4205,1,735,21.18,3440,4455,3430,1599257,6531377955,59263958040,14093688,KSQ,ME005
372910,KR7372910000,한컴라이프케어,KOSPI,,2140,3,0,0.0,2140,2165,2110,87700,188074371,59223228840,27674406,STK,ME005
000220,KR7000220004,유유제약,KOSPI,,3755,1,55,1.49,3700,3755,3685,30598,113472470,59131719810,15747462,STK,ME005
081180,KR7081180002,쎄크,KOSDAQ,기술성장기업부,6700,1,300,4.69,6400,6900,6240,87186,573043620,59131084500,8825535,KSQ,ME005
025550,KR7025550005,한국선재,KOSDAQ,중견기업부,2305,2,-5,-0.22,2290,2350,2290,20821,48073405,58809779220,25514004,KSQ,ME005
039020,KR7039020003,이건홀딩스,KOSDAQ,중견기업부,2600,2,-30,-1.14,2670,2670,2595,41497,108422683,58720243400,22584709,KSQ,ME005
251630,KR7251630000,브이원텍,KOSDAQ,벤처기업부,3680,1,30,0.82,3620,3735,3615,4738,17490530,58669820480,15942886,KSQ,ME005
065170,KR7065170003,비엘팜텍,KOSDAQ,투자주의환기종목(소속부없음),2095,2,-90,-4.12,2170,2215,2050,294033,619492903,58479396335,27913793,KSQ,ME005
299170,KR7299170001,더블유에스아이,KOSDAQ,중견기업부,1408,1,9,0.64,1394,1414,1367,453448,631661837,58447893504,41511288,KSQ,ME005
263690,KR7263690000,디알젬,KOSDAQ,우량기업부,5150,2,-20,-0.39,5120,5180,5090,3839,19654285,58326891500,11325610,KSQ,ME005
424980,KR7424980001,마이크로투나노,KOSDAQ,기술성장기업부,9840,1,460,4.9,9380,9900,9260,23530,227445100,58241877600,5918890,KSQ,ME005
003310,KR7003310000,대주산업,KOSDAQ,우량기업부,1645,1,21,1.29,1625,1655,1613,117090,191968992,58220415750,35392350,KSQ,ME005
060310,KR7060310000,3S,KOSDAQ,벤처기업부,1097,1,19,1.76,1063,1098,1063,35816,38649974,58205766880,53059040,KSQ,ME005
099520,KR7099520009,DGI,KOSDAQ,관리종목(소속부없음),1284,3,0,0.0,0,0,0,0,0,58141862016,45281824,KSQ,ME005
050960,KR7050960004,수산아이앤티,KOSDAQ,벤처기업부,8610,3,0,0.0,8610,8690,8560,929,7998130,58126110000,6751000,KSQ,ME005
192250,KR7192250009,케이사인,KOSDAQ,벤처기업부,8220,2,-30,-0.36,8420,8420,8110,13495,110235420,58091767500,7067125,KSQ,ME005
014990,KR7014990006,인디에프,KOSPI,,3865,1,130,3.48,3800,3980,3745,174603,672263752,58062345135,15022599,STK,ME005
045340,KR7045340007,토탈소프트,KOSDAQ,벤처기업부,6770,1,70,1.04,6650,6830,6650,5325,35880355,57937930800,8558040,KSQ,ME005
273640,KR7273640003,와이엠텍,KOSDAQ,벤처기업부,5280,1,60,1.15,5300,5340,5120,7016,36662400,57900480000,10966000,KSQ,ME005
464490,KR7464490002,쿼드메디슨,KOSDAQ,기술성장기업부,5030,1,330,7.02,4880,5210,4700,72457,359563916,57885053890,11507963,KSQ,ME005
053620,KR7053620001,태양,KOSDAQ,우량기업부,6730,2,-50,-0.74,6730,6740,6630,4449,29712230,57878000000,8600000,KSQ,ME005
033310,KR7033310004,엠투엔,KOSDAQ,중견기업부,1445,2,-41,-2.76,1486,1486,1442,78879,114476190,57760198920,39972456,KSQ,ME005
191420,KR7191420009,테고사이언스,KOSDAQ,벤처기업부,7120,2,-160,-2.2,7740,7740,7100,1721,12290630,57734898080,8108834,KSQ,ME005
037440,KR7037440005,희림,KOSDAQ,우량기업부,4145,1,25,0.61,4180,4200,4100,23770,98322755,57708658875,13922475,KSQ,ME005
175140,KR7175140003,아고스,KOSDAQ,투자주의환기종목(소속부없음),2300,2,-10,-0.43,2310,2330,2270,3940,9034625,57371781900,24944253,KSQ,ME005
111110,KR7111110003,호전실업,KOSPI,,6320,2,-50,-0.78,6440,6440,6260,1809,11423075,57297120000,9066000,STK,ME005
348150,KR7348150004,고바이오랩,KOSDAQ,기술성장기업부,2950,1,60,2.08,2895,3000,2815,29008,84289755,57285722550,19418889,KSQ,ME005
046210,KR7046210001,HLB파나진,KOSDAQ,벤처기업부,1257,2,-17,-1.33,1274,1274,1192,138763,169448333,57228645720,45527960,KSQ,ME005
003925,KR7003921004,남양유업우,KOSPI,,30200,2,-300,-0.98,30650,30700,30200,129,3898450,57112699800,1891149,STK,ME005
360350,KR7360350003,코셈,KOSDAQ,기술성장기업부,10500,2,-780,-6.91,11280,11280,10320,57448,614492700,57098685000,5437970,KSQ,ME005
215360,KR7215360009,우리산업,KOSDAQ,우량기업부,6240,1,40,0.65,6200,6260,6160,7600,47273000,56984697120,9132163,KSQ,ME005
036120,KR7036120004,서울평가정보,KOSDAQ,중견기업부,1615,2,-33,-2.0,1664,1664,1598,24919,40538875,56759175000,35145000,KSQ,ME005
129260,KR7129260006,인터지스,KOSPI,,1905,2,-3,-0.16,1905,1915,1893,6599,12578280,56669699970,29747874,STK,ME005
090080,KR7090080003,평화산업,KOSPI,,1032,2,-6,-0.58,1043,1043,1026,26709,27580041,56659131288,54902259,STK,ME005
053050,KR7053050001,지에스이,KOSDAQ,우량기업부,1885,1,2,0.11,1900,1900,1869,16951,31872279,56526620345,29987597,KSQ,ME005
37550K,KR737550K011,DL이앤씨우,KOSPI,,26650,2,-50,-0.19,26900,26900,26300,1273,33840075,56335035250,2113885,STK,ME005
001465,KR7001461003,BYC우,KOSPI,,26150,1,100,0.38,26050,26150,26000,629,16438200,56323177500,2153850,STK,ME005
033230,KR7033230004,인성정보,KOSDAQ,중견기업부,1110,3,0,0.0,1110,1111,1078,94566,103592983,56072071800,50515380,KSQ,ME005
317530,KR7317530004,에피소드컴퍼니,KOSDAQ,기술성장기업부,3205,2,-35,-1.08,3225,3290,3145,10282,32977350,56071096810,17494882,KSQ,ME005
333620,KR7333620003,엔시스,KOSDAQ,벤처기업부,5090,2,-20,-0.39,5170,5170,4970,28063,140873660,55979361900,10997910,KSQ,ME005
007370,KR7007370000,진양제약,KOSDAQ,우량기업부,3955,1,10,0.25,3900,3975,3900,6517,25633610,55902291585,14134587,KSQ,ME005
290660,KR7290660000,다이나믹솔루션,KOSDAQ,기술성장기업부,1303,2,-4,-0.31,1324,1344,1297,137571,180247637,55817768064,42837888,KSQ,ME005
000725,KR7000721001,현대건설우,KOSPI,,52900,2,-100,-0.19,53300,53400,51900,708,37352200,55793259700,1054693,STK,ME005
261520,KR7261520001,이지스,KOSDAQ,기술성장기업부,5420,2,-120,-2.17,5580,5580,5380,27885,151859350,55705676000,10277800,KSQ,ME005
006890,KR7006890008,태경케미컬,KOSPI,,4795,2,-10,-0.21,4800,4880,4795,9006,43279732,55622000000,11600000,STK,ME005
340930,KR7340930007,성원에너텍,KOSDAQ,관리종목(소속부없음),806,3,0,0.0,0,0,0,0,0,55513882710,68875785,KSQ,ME005
365660,KR7365660000,레몬헬스케어,KOSDAQ,기술성장기업부,4125,1,5,0.12,4115,4165,4050,140734,576772497,55504180875,13455559,KSQ,ME005
020760,KR7020760005,일진디스플,KOSPI,,902,3,0,0.0,0,0,0,0,0,55503470462,61533781,STK,ME005
075180,KR7075180000,새론오토모티브,KOSPI,,2890,2,-5,-0.17,2980,2980,2855,15288,44354310,55488000000,19200000,STK,ME005
0220WL,KR70220WK021,한화머시너리앤서비스홀딩스3우B,KOSPI,,2340,2,-5,-0.21,2335,2375,2305,58663,136567480,55315587600,23639140,STK,ME005
35320K,KR735320K011,대덕전자1우,KOSPI,,26250,1,800,3.14,25500,26450,24850,5814,150106875,55007373750,2095519,STK,ME005
263600,KR7263600009,덕우전자,KOSDAQ,중견기업부,3450,1,55,1.62,3390,3495,3340,11606,39932230,54959569500,15930310,KSQ,ME005
443250,KR7443250006,레뷰코퍼레이션,KOSDAQ,벤처기업부,5080,1,30,0.59,5070,5130,5050,968,4918770,54913870360,10809817,KSQ,ME005
217480,KR7217480003,에스디생명공학,KOSDAQ,투자주의환기종목(소속부없음),499,3,0,0.0,0,0,0,0,0,54756837359,109733141,KSQ,ME005
238090,KR7238090005,앤디포스,KOSDAQ,벤처기업부,1792,2,-12,-0.67,1804,1804,1783,6356,11405447,54638868480,30490440,KSQ,ME005
033170,KR7033170002,시그네틱스,KOSDAQ,중견기업부,3185,1,420,15.19,2700,3475,2700,1191402,3759297936,54608936655,17145663,KSQ,ME005
419080,KR7419080007,엔젯,KOSDAQ,기술성장기업부,5020,1,150,3.08,4900,5030,4810,12886,63416255,54576521340,10871817,KSQ,ME005
391710,KR7391710001,코닉오토메이션,KOSDAQ,벤처기업부,1276,1,11,0.87,1283,1283,1250,72678,91615062,54383719720,42620470,KSQ,ME005
088280,KR7088280003,쏘닉스,KOSDAQ,기술성장기업부,3140,1,65,2.11,3055,3210,3020,46963,146007266,54342378600,17306490,KSQ,ME005
288180,KR7288180003,케이피항공산업,KOSDAQ,중견기업부,7340,1,130,1.8,7150,7390,7150,3384,24628130,54266543080,7393262,KSQ,ME005
061250,KR7061250007,화일약품,KOSDAQ,우량기업부,6440,2,-10,-0.16,6410,6460,6410,2503,16105530,54209240960,8417584,KSQ,ME005
036670,KR7036670008,삼양케이씨아이,KOSDAQ,우량기업부,5020,2,-50,-0.99,5090,5090,5000,8541,42915010,54016204000,10760200,KSQ,ME005
025530,KR7025530007,SJM홀딩스,KOSPI,,3615,1,25,0.7,3590,3635,3590,2848,10311540,53986438920,14934008,STK,ME005
435570,KR7435570007,에르코스,KOSDAQ,벤처기업부,7070,2,-20,-0.28,7090,7090,6940,624,4381790,53852069810,7616983,KSQ,ME005
28513K,KR728513K010,SK케미칼우,KOSPI,,25450,2,-250,-0.97,25400,25700,25300,510,12993550,53837668050,2115429,STK,ME005
092440,KR7092440007,기신정기,KOSPI,,1839,2,-21,-1.13,1860,1885,1835,210389,390334770,53698800000,29200000,STK,ME005
459100,KR7459100004,위츠,KOSDAQ,중견기업부,3985,2,-30,-0.75,4030,4030,3970,958,3819410,53662408500,13466100,KSQ,ME005
420570,KR7420570004,제이투케이바이오,KOSDAQ,벤처기업부,9170,1,70,0.77,9070,9220,8890,7964,72322340,53621419110,5847483,KSQ,ME005
040610,KR7040610008,SG&G,KOSDAQ,중견기업부,3145,1,10,0.32,3150,3150,3115,3641,11392875,53602115710,17043598,KSQ,ME005
321820,KR7321820003,아티스트컴퍼니,KOSDAQ,기술성장기업부,3425,1,275,8.73,3240,3500,3080,148674,493847572,53400462800,15591376,KSQ,ME005
024910,KR7024910002,경창산업,KOSDAQ,중견기업부,1490,1,25,1.71,1465,1500,1465,8230,12213597,53370317450,35819005,KSQ,ME005
396690,KR7396690000,미래에셋글로벌리츠,KOSPI,,1347,1,2,0.15,1345,1370,1340,22689,30587175,53349201180,39605940,STK,ME005
043710,KR7043710003,코스리거글로벌,KOSDAQ,중견기업부,3080,1,15,0.49,3155,3190,2990,3220,9702034,53322506160,17312502,KSQ,ME005
053270,KR7053270005,구영테크,KOSDAQ,우량기업부,1944,1,8,0.41,1975,1975,1940,12936,25283503,53285827320,27410405,KSQ,ME005
003475,KR7003471000,유안타증권우,KOSPI,,4155,2,-5,-0.12,4160,4170,4140,4075,16912475,53231242350,12811370,STK,ME005
900300,HK0000312568,오가닉티코스메틱,KOSDAQ,외국기업(소속부없음),2585,2,-50,-1.9,2670,2735,2510,61408,157453853,53199550745,20580097,KSQ,ME005
002410,KR7002410009,범양건영,KOSPI,,1935,3,0,0.0,0,0,0,0,0,53173451700,27479820,STK,ME005
003780,KR7003780004,진양산업,KOSPI,,4090,2,-310,-7.05,4360,4360,4070,161990,667859229,53170000000,13000000,STK,ME005
0013V0,KR70013V0002,삼진식품,KOSDAQ,중견기업부,5360,1,370,7.41,5040,5670,5030,378839,2071503240,53163996160,9918656,KSQ,ME005
001550,KR7001550003,조비,KOSPI,,10230,2,-80,-0.78,10100,10310,10030,10448,106423410,53116604970,5192239,STK,ME005
378850,KR7378850002,화승알앤에이,KOSPI,,2795,2,-20,-0.71,2825,2835,2790,8967,25217185,53087176285,18993623,STK,ME005
179530,KR7179530001,애드바이오텍,KOSDAQ,기술성장기업부,1705,1,15,0.89,1700,1742,1675,23390,39708150,53066283600,31123920,KSQ,ME005
459550,KR7459550000,알트,KOSDAQ,중견기업부,2100,1,5,0.24,2105,2115,2055,146160,304716030,52963598100,25220761,KSQ,ME005
393210,KR7393210000,토마토시스템,KOSDAQ,기술성장기업부,3390,2,-45,-1.31,3435,3650,3290,783767,2686350097,52933304160,15614544,KSQ,ME005
003465,KR7003461001,유화증권우,KOSPI,,3025,2,-95,-3.04,3255,3255,3025,11,33505,52866185625,17476425,STK,ME005
039240,KR7039240007,경남스틸,KOSDAQ,우량기업부,1956,1,49,2.57,1933,2125,1933,316276,632391821,52772105424,26979604,KSQ,ME005
006125,KR7006121008,SK디스커버리우,KOSPI,,42750,1,200,0.47,42100,43050,42100,1954,83975925,52655388750,1231705,STK,ME005
163280,KR7163280001,에어레인,KOSDAQ,기술성장기업부,3870,1,80,2.11,3860,3980,3800,48051,185912358,52643911860,13603078,KSQ,ME005
071670,KR7071670004,에이테크솔루션,KOSDAQ,중견기업부,5260,2,-30,-0.57,5320,5330,5160,8164,42563330,52600000000,10000000,KSQ,ME005
170790,KR7170790000,파이오링크,KOSDAQ,우량기업부,8220,2,-80,-0.96,8300,8300,8130,6205,50730480,52586093700,6397335,KSQ,ME005
457600,KR7457600005,벡트,KOSDAQ,벤처기업부,3835,1,15,0.39,3815,3920,3700,34798,131557590,52568262500,13707500,KSQ,ME005
370090,KR7370090003,퓨런티어,KOSDAQ,기술성장기업부,6140,1,150,2.5,5950,6170,5950,9523,57811965,52538936200,8556830,KSQ,ME005
054930,KR7054930003,유신,KOSDAQ,우량기업부,17510,1,90,0.52,17630,17690,17410,1283,22478110,52530000000,3000000,KSQ,ME005
278650,KR7278650007,HLB바이오스텝,KOSDAQ,중견기업부,3005,2,-250,-7.68,3255,3255,2980,217153,665589423,52384349980,17432396,KSQ,ME005
053160,KR7053160008,프리엠스,KOSDAQ,중견기업부,8710,2,-110,-1.25,8820,8870,8625,2521,21863505,52260000000,6000000,KSQ,ME005
021050,KR7021050000,서원,KOSPI,,1100,1,34,3.19,1067,1105,1067,93521,102064919,52222049000,47474590,STK,ME005
104620,KR7104620000,노랑풍선,KOSDAQ,중견기업부,3105,1,25,0.81,3115,3125,3045,10417,32155546,52196763960,16810552,KSQ,ME005
317850,KR7317850006,대모,KOSDAQ,벤처기업부,6260,1,40,0.64,6180,6320,6180,28796,180214570,52110869200,8324420,KSQ,ME005
109080,KR7109080002,옵티시스,KOSDAQ,벤처기업부,9220,1,90,0.99,9230,9350,9130,3048,28096090,51963920000,5636000,KSQ,ME005
024950,KR7024950008,삼천리자전거,KOSDAQ,중견기업부,4190,1,40,0.96,4255,4255,4110,6487,26939008,51956000000,12400000,KSQ,ME005
006980,KR7006980007,우성,KOSPI,,16750,2,-410,-2.39,17130,17160,16000,1686,28288770,51757500000,3090000,STK,ME005
064800,KR7064800006,포니링크,KOSDAQ,중견기업부,2020,1,63,3.22,1998,2230,1882,39349,80825303,51634147180,25561459,KSQ,ME005
012690,KR7012690004,모나리자,KOSPI,,1410,3,0,0.0,1414,1419,1396,13495,18951889,51565469550,36571255,STK,ME005
004830,KR7004830006,덕성,KOSPI,,3285,1,50,1.55,3240,3300,3215,8303,27136570,51508800000,15680000,STK,ME005
092300,KR7092300003,현우산업,KOSDAQ,우량기업부,2555,1,20,0.79,2515,2575,2485,43026,108438865,51482920405,20149871,KSQ,ME005
010770,KR7010770006,평화홀딩스,KOSPI,,3515,3,0,0.0,3515,3560,3500,10405,36590645,51408512990,14625466,STK,ME005
314140,KR7314140005,알피바이오,KOSDAQ,우량기업부,5920,2,-20,-0.34,5940,5980,5860,830,4894830,51304857120,8666361,KSQ,ME005
105760,KR7105760003,포스뱅크,KOSDAQ,우량기업부,5030,1,30,0.6,5000,5050,4985,6707,33557090,51260161610,10190887,KSQ,ME005
052790,KR7052790003,액토즈소프트,KOSDAQ,중견기업부,4690,1,10,0.21,4670,4800,4605,21333,100176964,51236125430,10924547,KSQ,ME005
027050,KR7027050004,코리아나,KOSDAQ,중견기업부,1278,1,17,1.35,1252,1283,1247,27377,34695996,51120000000,40000000,KSQ,ME005
015710,KR7015710007,코콤,KOSDAQ,우량기업부,2915,1,10,0.34,2910,2920,2850,2294,6648585,51101407500,17530500,KSQ,ME005
005305,KR7005301007,롯데칠성우,KOSPI,,65900,2,-200,-0.3,66500,66500,65500,58,3810000,51092929000,775310,STK,ME005
011230,KR7011230000,삼화전자,KOSPI,,2665,1,5,0.19,2640,2680,2600,138279,363715820,51076817025,19165785,STK,ME005
256630,KR7256630005,포인트엔지니어링,KOSDAQ,벤처기업부,4385,1,60,1.39,4280,4415,4280,2489,10914050,50863430390,11599414,KSQ,ME005
123700,KR7123700007,SJM,KOSPI,,3245,2,-15,-0.46,3320,3320,3230,8051,26135428,50637894010,15604898,STK,ME005
023810,KR7023810005,인팩,KOSPI,,5060,1,40,0.8,5020,5120,5020,4713,23902580,50600000000,10000000,STK,ME005
094940,KR7094940004,푸른로보틱스,KOSDAQ,벤처기업부,6050,1,140,2.37,5910,6060,5880,21021,125685865,50586385300,8361386,KSQ,ME005
317830,KR7317830008,에스피시스템스,KOSDAQ,벤처기업부,4695,1,75,1.62,4630,4715,4535,16370,75789641,50583075510,10773818,KSQ,ME005
019990,KR7019990001,에너토크,KOSDAQ,중견기업부,5180,1,140,2.78,5190,5300,5100,28091,145860770,50536535840,9756088,KSQ,ME005
393970,KR7393970009,대진첨단소재,KOSDAQ,관리종목(소속부없음),2825,3,0,0.0,0,0,0,0,0,50428566500,17850820,KSQ,ME005
246690,KR7246690002,TS인베스트먼트,KOSDAQ,중견기업부,2120,1,10,0.47,2095,2125,2055,40772,85477827,50409728880,23778174,KSQ,ME005
088910,KR7088910005,동우팜투테이블,KOSDAQ,우량기업부,1957,2,-13,-0.66,1967,1971,1950,53865,105599536,50337492148,25721764,KSQ,ME005
217500,KR7217500008,러셀,KOSDAQ,벤처기업부,1580,1,80,5.33,1509,1598,1505,121088,188672667,50262960000,31812000,KSQ,ME005
355690,KR7355690009,에이텀,KOSDAQ,기술성장기업부,5250,2,-60,-1.13,5220,5380,5140,37494,197155860,50244542250,9570389,KSQ,ME005
408470,KR7408470003,한패스,KOSDAQ,중견기업부,4750,1,90,1.93,4795,4795,4640,7474,35045920,50217000000,10572000,KSQ,ME005
000950,KR7000950006,전방,KOSPI,,29800,1,300,1.02,28500,32150,28500,417,12574700,50064000000,1680000,STK,ME005
011390,KR7011390002,부산산업,KOSPI,,47350,1,1700,3.72,45300,47350,45300,1567,73011500,50001600000,1056000,STK,ME005
340810,KR7340810001,시선AI,KOSDAQ,기술성장기업부,3565,2,-25,-0.7,3590,3605,3415,103764,367043592,49729903330,13949482,KSQ,ME005
347740,KR7347740003,피엔케이피부임상연구센타,KOSDAQ,벤처기업부,1653,2,-19,-1.14,1655,1688,1635,30855,50771599,49607482128,30010576,KSQ,ME005
007460,KR7007460009,에이프로젠,KOSPI,,1934,1,8,0.42,1923,1935,1875,90975,173335892,49607129010,25650015,STK,ME005
006880,KR7006880009,신송홀딩스,KOSPI,,4190,2,-30,-0.71,4290,4290,4150,11839,49538895,49562915020,11828858,STK,ME005
376290,KR7376290003,씨유테크,KOSDAQ,벤처기업부,2805,1,55,2.0,2750,2825,2700,2708,7436455,49529287500,17657500,KSQ,ME005
219550,KR7219550001,디와이디,KOSDAQ,관리종목(소속부없음),1196,1,3,0.25,1229,1229,1178,6546,7902275,49489535160,41379210,KSQ,ME005
063440,KR7063440002,SM Life Design,KOSDAQ,중견기업부,1091,1,4,0.37,1098,1098,1079,4375,4747831,49443426124,45319364,KSQ,ME005
340360,KR7340360007,다보링크,KOSDAQ,투자주의환기종목(소속부없음),921,2,-2,-0.22,924,924,895,33736,30733378,49387586112,53623872,KSQ,ME005
046940,KR7046940003,우원개발,KOSDAQ,우량기업부,2725,1,30,1.11,2735,2735,2700,34384,93360020,49252603750,18074350,KSQ,ME005
044340,KR7044340008,위닉스,KOSDAQ,중견기업부,2755,1,15,0.55,2740,2805,2700,41635,114962318,49241285875,17873425,KSQ,ME005
011300,KR7011300001,우성머티리얼스,KOSPI,,2855,1,50,1.78,2920,2920,2840,11729,33604126,49217073775,17238905,STK,ME005
189860,KR7189860000,서전기전,KOSDAQ,벤처기업부,5060,1,195,4.01,5060,5600,4975,569197,2994413205,49075826800,9698780,KSQ,ME005
382150,KR7382150001,온코크로스,KOSDAQ,기술성장기업부,3755,2,-10,-0.27,3655,3795,3655,18442,68469215,48989059270,13046354,KSQ,ME005
060560,KR7060560000,HC홈센타,KOSDAQ,중견기업부,1917,2,-12,-0.62,1927,1950,1914,7717,14893083,48668797917,25388001,KSQ,ME005
053450,KR7053450003,세코닉스,KOSDAQ,우량기업부,3290,1,120,3.79,3175,3370,3165,81392,267013000,48668321870,14792803,KSQ,ME005
321260,KR7321260002,프로이천,KOSDAQ,벤처기업부,1725,1,37,2.19,1688,1742,1672,62632,107608018,48631344900,28192084,KSQ,ME005
311690,KR7311690002,CJ 바이오사이언스,KOSDAQ,기술성장기업부,3720,1,15,0.4,3705,3830,3685,2169,8029822,48603518640,13065462,KSQ,ME005
463480,KR7463480004,모티브링크,KOSDAQ,중견기업부,3920,1,35,0.9,3905,3925,3870,3262,12688435,48570203360,12390358,KSQ,ME005
348080,KR7348080003,큐라티스,KOSDAQ,중견기업부,3785,1,50,1.34,3750,3865,3655,15565,58607070,48553045105,12827753,KSQ,ME005
199550,KR7199550005,레이저옵텍,KOSDAQ,벤처기업부,3270,1,60,1.87,3295,3300,3135,11321,36512160,48545736570,14845791,KSQ,ME005
011000,KR7011000007,진원생명과학,KOSPI,,2670,3,0,0.0,0,0,0,0,0,48531471270,18176581,STK,ME005
002630,KR7002630002,오리엔트바이오,KOSPI,,1637,2,-5,-0.3,1611,1668,1611,36127,58992748,48530094387,29645751,STK,ME005
004410,KR7004410007,서울식품,KOSPI,,1218,1,19,1.58,1201,1235,1200,51653,62735560,48056205834,39455013,STK,ME005
122310,KR7122310006,제노레이,KOSDAQ,우량기업부,3295,2,-25,-0.75,3320,3320,3295,1340,4438105,47954915980,14553844,KSQ,ME005
002140,KR7002140002,고려산업,KOSPI,,1921,2,-19,-0.98,1927,1946,1913,70154,134830583,47908635425,24939425,STK,ME005
001620,KR7001620004,케이비아이동국실업,KOSPI,,2150,2,-25,-1.15,2190,2195,2140,4863,10501811,47856002900,22258606,STK,ME005
009320,KR7009320003,아진전자부품,KOSPI,,970,1,14,1.46,958,976,958,9214,8924588,47820776900,49299770,STK,ME005
232830,KR7232830000,아이티센피엔에스,KOSDAQ,벤처기업부,2890,1,30,1.05,2860,2985,2785,72441,206457135,47782468140,16533726,KSQ,ME005
452400,KR7452400005,이닉스,KOSDAQ,우량기업부,5260,2,-60,-1.13,5280,5290,5200,5814,30373460,47715711280,9071428,KSQ,ME005
038010,KR7038010005,제일테크노스,KOSDAQ,우량기업부,5300,1,170,3.31,5180,5340,5090,14738,77584700,47700000000,9000000,KSQ,ME005
476040,KR7476040001,오가노이드사이언스,KOSDAQ,기술성장기업부,7240,1,330,4.78,6850,7530,6720,40117,288419705,47680902400,6585760,KSQ,ME005
418250,KR7418250007,시큐레터,KOSDAQ,관리종목(소속부없음),6550,3,0,0.0,0,0,0,0,0,47629012750,7271605,KSQ,ME005
042110,KR7042110007,에스씨디,KOSDAQ,우량기업부,984,2,-5,-0.51,990,996,976,101390,99711151,47556290976,48329564,KSQ,ME005
373160,KR7373160001,데이원컴퍼니,KOSDAQ,기술성장기업부,3500,1,75,2.19,3445,3535,3350,4034,13919110,47538645000,13582470,KSQ,ME005
101140,KR7101140002,인바이오젠,KOSPI,,4720,1,115,2.5,4590,4720,4530,2414,11160390,47408699520,10044216,STK,ME005
059100,KR7059100008,아이컴포넌트,KOSDAQ,벤처기업부,6700,1,10,0.15,6690,6750,6630,6518,43497100,47374762000,7070860,KSQ,ME005
014190,KR7014190003,원익큐브,KOSDAQ,우량기업부,1338,2,-12,-0.89,1334,1350,1323,43489,58147751,47358604998,35395071,KSQ,ME005
004920,KR7004920005,씨아이테크,KOSPI,,907,3,0,0.0,0,0,0,0,0,47327143904,52179872,STK,ME005
440290,KR7440290005,HB인베스트먼트,KOSDAQ,중견기업부,1718,2,-5,-0.29,1741,1741,1705,17007,29164469,47256046740,27506430,KSQ,ME005
226340,KR7226340008,본느,KOSDAQ,관리종목(소속부없음),5630,1,330,6.23,5350,5680,5170,263466,1442646385,47238424920,8390484,KSQ,ME005
317690,KR7317690006,퀀타매트릭스,KOSDAQ,기술성장기업부,2340,1,130,5.88,2210,2365,2200,32844,75026485,47115967860,20135029,KSQ,ME005
065130,KR7065130007,탑엔지니어링,KOSDAQ,중견기업부,2940,1,100,3.52,2840,3060,2760,58930,170620490,47051760000,16004000,KSQ,ME005
023440,KR7023440001,제이스코홀딩스,KOSDAQ,관리종목(소속부없음),521,3,0,0.0,0,0,0,0,0,46964378481,90142761,KSQ,ME005
453860,KR7453860009,에이에스텍,KOSDAQ,벤처기업부,7260,2,-470,-6.08,7710,7710,7040,16259,118100860,46786510980,6444423,KSQ,ME005
041650,KR7041650003,상신브레이크,KOSPI,,2175,2,-5,-0.23,2200,2200,2170,3299,7184130,46700403750,21471450,STK,ME005
277070,KR7277070009,린드먼아시아,KOSDAQ,중견기업부,3410,1,60,1.79,3355,3455,3355,1275,4326945,46689720000,13692000,KSQ,ME005
222420,KR7222420002,쎄노텍,KOSDAQ,벤처기업부,963,1,63,7.0,931,985,915,235371,225335710,46627037649,48418523,KSQ,ME005
032960,KR7032960007,동일기연,KOSDAQ,중견기업부,2650,1,10,0.38,2640,2675,2490,26797,69241389,46621383750,17592975,KSQ,ME005
179900,KR7179900006,유티아이,KOSDAQ,투자주의환기종목(소속부없음),2155,2,-60,-2.71,2215,2265,2150,82110,179727756,46481882445,21569319,KSQ,ME005
004540,KR7004540001,깨끗한나라,KOSPI,,1245,2,-2,-0.16,1239,1246,1232,5981,7413612,46364662785,37240693,STK,ME005
069460,KR7069460004,대호에이엘,KOSPI,,2660,3,0,0.0,0,0,0,0,0,46322277400,17414390,STK,ME005
384470,KR7384470001,코어라인소프트,KOSDAQ,기술성장기업부,2580,2,-20,-0.77,2595,2595,2530,29831,76109875,46301539140,17946333,KSQ,ME005
073110,KR7073110009,엘엠에스,KOSDAQ,벤처기업부,5200,1,20,0.39,5090,5250,5090,312,1629400,46257926000,8895755,KSQ,ME005
357250,KR7357250000,미래에셋맵스리츠,KOSPI,,1849,3,0,0.0,1860,1860,1849,3549,6570530,46215949145,24995105,STK,ME005
009835,KR7009831009,한화솔루션우,KOSPI,,18160,2,-430,-2.31,18590,18650,18150,3264,59841710,46210226560,2544616,STK,ME005
068330,KR7068330000,일신바이오,KOSDAQ,중견기업부,1045,1,19,1.85,1020,1048,1016,16720,17324578,46205866300,44216140,KSQ,ME005
189980,KR7189980006,흥국에프엔비,KOSDAQ,우량기업부,1151,2,-8,-0.69,1151,1184,1147,14458,16758065,46198638877,40137827,KSQ,ME005
000910,KR7000910000,유니온,KOSPI,,2955,1,35,1.2,2990,2990,2945,13629,40384160,46132334145,15611619,STK,ME005
094970,KR7094970001,제이엠티,KOSDAQ,벤처기업부,2750,1,40,1.48,2675,2750,2650,58177,156503497,46057660000,16748240,KSQ,ME005
002920,KR7002920007,유성기업,KOSPI,,1774,1,12,0.68,1762,1800,1755,21276,37723434,46030865000,25947500,STK,ME005
150900,KR7150900009,파수AI,KOSDAQ,벤처기업부,3930,1,50,1.29,3900,3975,3850,25115,97783215,45996413460,11703922,KSQ,ME005
037950,KR7037950003,엘컴텍,KOSDAQ,중견기업부,2715,1,85,3.23,2750,3100,2635,116743,332992925,45855000645,16889503,KSQ,ME005
229000,KR7229000005,젠큐릭스,KOSDAQ,기술성장기업부,1957,3,0,0.0,0,0,0,0,0,45848918905,23428165,KSQ,ME005
361570,KR7361570005,알비더블유,KOSDAQ,중견기업부,1590,1,4,0.25,1600,1600,1570,2493,3958893,45701832690,28743291,KSQ,ME005
131400,KR7131400004,이브이첨단소재,KOSDAQ,관리종목(소속부없음),766,3,0,0.0,0,0,0,0,0,45647381612,59591882,KSQ,ME005
471820,KR7471820001,셀로맥스사이언스,KOSDAQ,벤처기업부,4025,1,20,0.5,4010,4025,3910,4846,19219060,45494087975,11302879,KSQ,ME005
083550,KR7083550004,케이엠,KOSDAQ,중견기업부,3350,2,-80,-2.33,3400,3430,3220,7018,23358585,45413152750,13556165,KSQ,ME005
263700,KR7263700007,케어랩스,KOSDAQ,중견기업부,2330,2,-20,-0.85,2325,2375,2320,12265,28639985,45235086000,19414200,KSQ,ME005
072990,KR7072990005,에이치시티,KOSDAQ,우량기업부,3120,1,10,0.32,3070,3145,3070,9339,29058560,45234402720,14498206,KSQ,ME005
053980,KR7053980009,오상자이엘,KOSDAQ,우량기업부,2380,2,-15,-0.63,2385,2420,2380,6876,16435942,45179023540,18982783,KSQ,ME005
198080,KR7198080004,캐프,KOSDAQ,우량기업부,2090,3,0,0.0,2090,2090,2075,6515,13546785,45008536650,21535185,KSQ,ME005
114450,KR7114450000,그린생명과학,KOSDAQ,벤처기업부,2250,1,40,1.81,2185,2270,2185,31678,70807245,45000000000,20000000,KSQ,ME005
0010V0,KR70010V0005,제이피아이헬스케어,KOSDAQ,벤처기업부,8810,1,60,0.69,8850,8990,8730,1560,13717095,44978574000,5105400,KSQ,ME005
162120,KR7162120000,루켄테크놀러지스,KONEX,일반기업부,4030,1,25,0.62,4090,4090,4000,164,657110,44961106060,11156602,KNX,ME005
143540,KR7143540003,영우디에스피,KOSDAQ,벤처기업부,1006,3,0,0.0,1012,1024,995,41893,41845248,44867494370,44599895,KSQ,ME005
074610,KR7074610007,이엔플러스,KOSPI,,5110,3,0,0.0,0,0,0,0,0,44815400070,8770137,STK,ME005
466410,KR7466410008,사이냅소프트,KOSDAQ,벤처기업부,8890,1,40,0.45,8690,8950,8690,500,4393860,44779134470,5037023,KSQ,ME005
092780,KR7092780006,DYP,KOSPI,,3400,1,45,1.34,3365,3415,3345,20478,69358930,44772764000,13168460,STK,ME005
051390,KR7051390003,YW,KOSDAQ,중견기업부,3935,3,0,0.0,4050,4050,3915,456,1803821,44683373080,11355368,KSQ,ME005
033340,KR7033340001,좋은사람들,KOSDAQ,관리종목(소속부없음),460,3,0,0.0,0,0,0,0,0,44597256680,96950558,KSQ,ME005
260930,KR7260930003,씨티케이,KOSDAQ,중견기업부,2305,1,45,1.99,2295,2305,2215,6784,15335217,44582367255,19341591,KSQ,ME005
050120,KR7050120005,ES큐브,KOSDAQ,중견기업부,3285,1,40,1.23,3245,3285,3230,208,673900,44558022510,13564086,KSQ,ME005
003080,KR7003080009,SB성보,KOSPI,,2225,2,-20,-0.89,2215,2230,2215,1859,4133350,44544500000,20020000,STK,ME005
066130,KR7066130006,하츠,KOSDAQ,우량기업부,3480,1,10,0.29,3480,3500,3425,4326,14929049,44544000000,12800000,KSQ,ME005
227950,KR7227950003,엔투텍,KOSDAQ,벤처기업부,1289,1,87,7.24,1201,1338,1200,185113,237635532,44481081401,34508209,KSQ,ME005
084870,KR7084870005,TBH글로벌,KOSPI,,2165,1,5,0.23,2145,2180,2135,2478,5325040,44292124240,20458256,STK,ME005
178780,KR7178780003,일월지엠엘,KOSDAQ,벤처기업부,2375,2,-50,-2.06,2405,2445,2320,12027,28581701,44268088125,18639195,KSQ,ME005
288330,KR7288330004,파라택시스코리아,KOSDAQ,관리종목(소속부없음),416,3,0,0.0,0,0,0,0,0,44129674368,106080948,KSQ,ME005
072470,KR7072470008,우리산업홀딩스,KOSDAQ,중견기업부,2335,2,-30,-1.27,2355,2380,2285,6032,14102190,44101941235,18887341,KSQ,ME005
007110,KR7007110000,일신석재,KOSPI,,2845,2,-170,-5.64,3180,3300,2790,298144,893097758,44072811090,15491322,STK,ME005
005320,KR7005320007,온타이드,KOSPI,,1289,1,19,1.5,1270,1311,1242,65678,84027998,44068132205,34187845,STK,ME005
900250,KYG2115T1076,크리스탈신소재,KOSDAQ,외국기업(소속부없음),1230,1,13,1.07,1217,1240,1217,43159,53160996,44052451230,35815001,KSQ,ME005
317870,KR7317870004,엔바이오니아,KOSDAQ,기술성장기업부,4960,1,15,0.3,4800,5080,4580,8461,40866625,43855799200,8841895,KSQ,ME005
460470,KR7460470008,아이빔테크놀로지,KOSDAQ,기술성장기업부,2890,2,-25,-0.86,2980,2980,2865,7076,20535400,43694979300,15119370,KSQ,ME005
373200,KR7373200005,엑스플러스,KOSDAQ,벤처기업부,1736,2,-116,-6.26,1880,1880,1713,35877,63330293,43475059432,25043237,KSQ,ME005
099410,KR7099410003,동방선기,KOSDAQ,벤처기업부,3105,2,-25,-0.8,3100,3125,3080,6048,18721026,43470000000,14000000,KSQ,ME005
258610,KR7258610005,케일럼,KOSDAQ,중견기업부,1191,1,13,1.1,1200,1200,1162,17387,20526209,43453710033,36485063,KSQ,ME005
196300,KR7196300008,HLB펩,KOSDAQ,관리종목(소속부없음),4575,2,-25,-0.54,4565,4775,4410,20578,93243830,43434807525,9493947,KSQ,ME005
008420,KR7008420002,문배철강,KOSPI,,2115,1,20,0.95,2250,2470,2100,484491,1089053001,43364913075,20503505,STK,ME005
004910,KR7004910006,조광페인트,KOSPI,,3385,1,20,0.59,3365,3410,3340,3855,12991175,43328000000,12800000,STK,ME005
479960,KR7479960007,위너스일렉,KOSDAQ,중견기업부,6070,1,20,0.33,6010,6090,6010,1552,9386350,43254820000,7126000,KSQ,ME005
900340,HK0000449303,윙입푸드,KOSDAQ,외국기업(소속부없음),1215,1,3,0.25,1203,1228,1196,41161,49738664,43233019380,35582732,KSQ,ME005
022220,KR7022220008,티케이지애강,KOSDAQ,관리종목(소속부없음),832,1,7,0.85,820,845,820,1636,1351283,43093089728,51794579,KSQ,ME005
082850,KR7082850009,우리바이오,KOSDAQ,중견기업부,4440,1,30,0.68,4435,4455,4395,4845,21494415,43029438600,9691315,KSQ,ME005
042040,KR7042040006,케이피엠테크,KOSDAQ,중견기업부,4960,2,-40,-0.8,5000,5000,4900,856,4214695,43008115360,8670991,KSQ,ME005
263020,KR7263020000,디케이앤디,KOSDAQ,벤처기업부,3105,2,-15,-0.48,3120,3130,3100,6240,19435390,42961233330,13836146,KSQ,ME005
014910,KR7014910004,성문전자,KOSPI,,1955,1,1,0.05,1960,1975,1932,84006,163688399,42730937435,21857257,STK,ME005
086060,KR7086060001,진바이오텍,KOSDAQ,중견기업부,4960,1,85,1.74,4815,4960,4750,9051,44353835,42708511520,8610587,KSQ,ME005
026940,KR7026940007,부국철강,KOSPI,,2135,2,-30,-1.39,2275,2440,2120,1108729,2523238762,42700000000,20000000,STK,ME005
112190,KR7112190004,KC산업,KONEX,일반기업부,1194,1,19,1.62,1194,1194,1194,3,3582,42601283598,35679467,KNX,ME005
129890,KR7129890000,앱코,KOSDAQ,벤처기업부,933,1,7,0.76,934,934,926,26821,25007882,42494046666,45545602,KSQ,ME005
481850,KR7481850006,신한글로벌액티브리츠,KOSPI,,977,1,1,0.1,980,981,965,8365,8170776,42477677728,43477664,STK,ME005
140520,KR7140520008,대창스틸,KOSDAQ,중견기업부,2010,3,0,0.0,2010,2040,1998,9661,19500459,42429578430,21109243,KSQ,ME005
017180,KR7017180001,명문제약,KOSPI,,1248,1,16,1.3,1232,1255,1225,30708,38149347,42373910592,33953454,STK,ME005
191600,KR7191600006,블루탑,KONEX,일반기업부,14780,3,0,0.0,0,0,0,0,0,42254955840,2858928,KNX,ME005
413640,KR7413640004,비아이매트릭스,KOSDAQ,벤처기업부,5860,2,-40,-0.68,5900,5900,5760,1594,9255730,42232668400,7206940,KSQ,ME005
307280,KR7307280008,원바이오젠,KOSDAQ,벤처기업부,5950,2,-40,-0.67,6110,6110,5860,6571,39360345,42213030650,7094627,KSQ,ME005
256150,KR7256150004,한독크린텍,KOSDAQ,벤처기업부,5020,1,30,0.6,4965,5050,4965,898,4503965,42142900000,8395000,KSQ,ME005
004060,KR7004060000,SG세계물산,KOSPI,,2075,1,25,1.22,2045,2090,2045,12489,25778205,42003179200,20242496,STK,ME005
461030,KR7461030009,아이엠비디엑스,KOSDAQ,기술성장기업부,2930,1,15,0.51,2960,2975,2870,15225,44274693,42000134810,14334517,KSQ,ME005
261200,KR7261200000,덴티스,KOSDAQ,중견기업부,2650,1,35,1.34,2640,2670,2580,8112,21437740,41895705000,15809700,KSQ,ME005
159580,KR7159580000,제로투세븐,KOSDAQ,중견기업부,2090,1,5,0.24,2065,2100,2065,1727,3589525,41868209240,20032636,KSQ,ME005
290670,KR7290670009,대보마그네틱,KOSDAQ,중견기업부,5310,1,60,1.14,5180,5420,5180,2204,11640800,41724174600,7857660,KSQ,ME005
200580,KR7200580009,메디쎄이,KONEX,일반기업부,11180,3,0,0.0,11180,11180,11170,7895,88260720,41657563220,3726079,KNX,ME005
446070,KR7446070005,유니드비티플러스,KOSPI,,3920,1,55,1.42,3865,3920,3865,4113,16002358,41595962800,10611215,STK,ME005
019490,KR7019490002,엑시큐어하이트론,KOSPI,,541,3,0,0.0,0,0,0,0,0,41349858070,76432270,STK,ME005
190650,KR7190650002,코리아에셋투자증권,KOSDAQ,우량기업부,6465,2,-35,-0.54,6490,6490,6415,968,6226850,41298420000,6388000,KSQ,ME005
023350,KR7023350002,한국종합기술,KOSPI,,3770,1,10,0.27,3780,3780,3720,5647,21141635,41281500000,10950000,STK,ME005
002290,KR7002290005,삼일기업공사,KOSDAQ,우량기업부,3325,2,-5,-0.15,3370,3370,3315,2668,8878972,41230000000,12400000,KSQ,ME005
007680,KR7007680002,대원,KOSDAQ,중견기업부,3115,1,10,0.32,3090,3245,2870,24914,75703990,41188828870,13222738,KSQ,ME005
263810,KR7263810004,상신전자,KOSDAQ,중견기업부,2585,2,-5,-0.19,2580,2600,2565,8395,21679110,41165672625,15924825,KSQ,ME005
000215,KR7000211003,DL우,KOSPI,,24350,1,50,0.21,25000,25050,24300,133,3258000,41056900250,1686115,STK,ME005
084650,KR7084650001,랩지노믹스,KOSDAQ,관리종목(소속부없음),2765,1,150,5.74,2615,2825,2610,70608,193703697,41054714470,14847998,KSQ,ME005
056700,KR7056700008,신화인터텍,KOSDAQ,중견기업부,1408,2,-7,-0.49,1410,1415,1402,17684,24861281,41022208128,29135091,KSQ,ME005
180060,KR7180060006,탑선,KONEX,일반기업부,4380,2,-10,-0.23,4400,4400,4105,1092,4636785,40942777080,9347666,KNX,ME005
286750,KR7286750005,나노실리칸첨단소재,KOSDAQ,투자주의환기종목(소속부없음),2555,2,-25,-0.97,2575,2590,2555,5769,14803150,40916863540,16014428,KSQ,ME005
100660,KR7100660000,서암기계공업,KOSDAQ,중견기업부,3235,1,90,2.86,3180,3250,3125,31851,102080195,40761000000,12600000,KSQ,ME005
136410,KR7136410008,아셈스,KOSDAQ,벤처기업부,3695,2,-10,-0.27,3740,3740,3675,2627,9708915,40715596670,11019106,KSQ,ME005
189690,KR7189690001,포시에스,KOSDAQ,벤처기업부,1484,2,-1,-0.07,1485,1485,1460,11156,16384477,40545801996,27321969,KSQ,ME005
017040,KR7017040007,광명전기,KOSPI,,932,3,0,0.0,0,0,0,0,0,40390657180,43337615,STK,ME005
238120,KR7238120000,얼라인드,KOSDAQ,기술성장기업부,2840,2,-125,-4.22,2850,2850,2805,13601,38488370,40379898160,14218274,KSQ,ME005
224110,KR7224110007,에이텍모빌리티,KOSDAQ,벤처기업부,7940,2,-150,-1.85,8090,8120,7860,3800,30336690,40338264840,5080386,KSQ,ME005
199480,KR7199480005,뱅크웨어글로벌,KOSDAQ,기술성장기업부,3950,2,-50,-1.25,3970,3995,3950,3085,12248540,40276522600,10196588,KSQ,ME005
263770,KR7263770000,유에스티,KOSDAQ,우량기업부,1699,1,2,0.12,1698,1711,1695,13731,23366032,40266592228,23700172,KSQ,ME005
452200,KR7452200009,민테크,KOSDAQ,기술성장기업부,1650,2,-11,-0.66,1694,1698,1609,30503,50355221,40149120000,24332800,KSQ,ME005
465480,KR7465480002,인스피언,KOSDAQ,벤처기업부,3950,2,-25,-0.63,3945,4055,3920,3002,11983570,40044199400,10137772,KSQ,ME005
002870,KR7002870004,신풍,KOSPI,,1139,1,58,5.37,1115,1155,1084,75276,84348539,39817959300,34958700,STK,ME005
011330,KR7011330008,유니켐,KOSPI,,3970,1,35,0.89,4000,4000,3870,23493,92118242,39774572480,10018784,STK,ME005
203450,KR7203450002,유니온바이오메트릭스,KOSDAQ,벤처기업부,2820,1,20,0.71,2815,2840,2730,7451,20917595,39702799740,14079007,KSQ,ME005
064090,KR7064090004,인크레더블버즈,KOSDAQ,관리종목(소속부없음),798,3,0,0.0,0,0,0,0,0,39694710510,49742745,KSQ,ME005
066900,KR7066900002,디에이피,KOSDAQ,관리종목(소속부없음),1740,2,-28,-1.58,1762,1762,1722,643,1109959,39575435220,22744503,KSQ,ME005
008870,KR7008870008,금비,KOSPI,,39550,2,-650,-1.62,40000,40050,39500,130,5170800,39550000000,1000000,STK,ME005
011420,KR7011420007,갤럭시아에스엠,KOSPI,,1433,2,-6,-0.42,1445,1446,1430,4669,6705662,39478639852,27549644,STK,ME005
122830,KR7122830003,원포유,KONEX,일반기업부,1202,2,-47,-3.76,1280,1296,1202,412,496276,39367885970,32751985,KNX,ME005
037230,KR7037230000,한국팩키지,KOSDAQ,우량기업부,1318,2,-8,-0.6,1317,1338,1301,12184,15989047,39276830986,29800327,KSQ,ME005
053950,KR7053950002,경남제약,KOSDAQ,중견기업부,2000,1,13,0.65,1966,2025,1965,41798,83546130,39239298000,19619649,KSQ,ME005
049830,KR7049830003,승일,KOSDAQ,중견기업부,6380,2,-10,-0.16,6490,6490,6380,226,1459180,39122874560,6132112,KSQ,ME005
044960,KR7044960003,이글벳,KOSDAQ,중견기업부,3090,2,-20,-0.64,3110,3125,3085,14770,45809460,39063418470,12641883,KSQ,ME005
009810,KR7009810003,MDS스피어,KOSPI,,1916,2,-34,-1.74,1946,1946,1916,7601,14748463,38993772896,20351656,STK,ME005
002360,KR7002360006,SH에너지화학,KOSPI,,3500,1,100,2.94,3400,3600,3400,52236,183304980,38896805500,11113373,STK,ME005
025880,KR7025880006,케이씨피드,KOSDAQ,우량기업부,2325,1,45,1.97,2305,2325,2280,5015,11571165,38864369850,16715858,KSQ,ME005
184230,KR7184230001,SGA솔루션즈,KOSDAQ,벤처기업부,2055,1,35,1.73,2005,2080,1984,44617,91609641,38703771360,18833952,KSQ,ME005
218150,KR7218150001,미래생명자원,KOSDAQ,벤처기업부,1886,2,-14,-0.74,1882,1900,1858,49954,93704659,38504202572,20415802,KSQ,ME005
221980,KR7221980006,케이디켐,KOSDAQ,우량기업부,9540,1,30,0.32,9570,9570,9540,13,124280,38491992000,4034800,KSQ,ME005
352700,KR7352700009,씨앤투스,KOSDAQ,벤처기업부,1459,1,7,0.48,1463,1463,1453,337,491682,38337995641,26276899,KSQ,ME005
052220,KR7052220001,iMBC,KOSDAQ,중견기업부,1663,1,12,0.73,1660,1663,1603,20413,33580902,38249000000,23000000,KSQ,ME005
047400,KR7047400007,유니온머티리얼,KOSPI,,910,2,-11,-1.19,944,945,866,92201,83510359,38220000000,42000000,STK,ME005
065440,KR7065440000,이루온,KOSDAQ,벤처기업부,1401,2,-1,-0.07,1409,1433,1383,63991,89221378,38212303020,27275020,KSQ,ME005
045510,KR7045510005,정원엔시스,KOSDAQ,중견기업부,1212,1,6,0.5,1205,1230,1172,35722,42917717,38153707884,31479957,KSQ,ME005
446440,KR7446440000,에피바이오텍,KONEX,일반기업부,16500,2,-500,-2.94,16500,16500,16500,1,16500,38063503500,2306879,KNX,ME005
145270,KR7145270005,케이탑리츠,KOSPI,,791,2,-2,-0.25,794,795,789,1669,1324430,38016072234,48060774,STK,ME005
023960,KR7023960008,에쓰씨엔지니어링,KOSPI,,999,1,1,0.1,1015,1015,987,28319,28173787,37997937027,38035973,STK,ME005
007530,KR7007530009,와이엠,KOSDAQ,중견기업부,1706,1,2,0.12,1749,1749,1696,1576,2716975,37965718086,22254231,KSQ,ME005
450330,KR7450330006,하스,KOSDAQ,기술성장기업부,4637,2,-68,-1.45,4705,4790,4630,2760,12841724,37962390991,8186843,KSQ,ME005
081580,KR7081580003,성우전자,KOSDAQ,중견기업부,2445,1,10,0.41,2445,2455,2405,49255,119774147,37917409635,15508143,KSQ,ME005
050860,KR7050860006,아세아텍,KOSDAQ,우량기업부,1682,2,-21,-1.23,1728,1728,1672,28959,49333075,37845000000,22500000,KSQ,ME005
019770,KR7019770007,서연탑메탈,KOSDAQ,우량기업부,3245,1,20,0.62,3215,3270,3215,3836,12419845,37804250000,11650000,KSQ,ME005
046310,KR7046310009,백금T&A,KOSDAQ,우량기업부,2300,1,10,0.44,2290,2320,2280,7687,17667065,37762874300,16418641,KSQ,ME005
049800,KR7049800006,우진플라임,KOSPI,,1886,1,2,0.11,1900,1900,1884,3243,6113093,37720000000,20000000,STK,ME005
221840,KR7221840002,하이즈항공,KOSDAQ,중견기업부,2015,2,-5,-0.25,2005,2070,1995,6167,12511257,37681630415,18700561,KSQ,ME005
273060,KR7273060004,와이즈버즈,KOSDAQ,중견기업부,3825,1,45,1.19,3820,3860,3750,1856,7012370,37595374200,9828856,KSQ,ME005
134790,KR7134790005,시디즈,KOSPI,,18780,1,260,1.4,18520,18830,18520,472,8761810,37560000000,2000000,STK,ME005
215380,KR7215380007,콜마바이오텍,KOSDAQ,중견기업부,2230,2,-5,-0.22,2290,2290,2180,9673,21351260,37529954480,16829576,KSQ,ME005
446840,KR7446840001,지슨,KOSDAQ,기술성장기업부,3405,1,240,7.58,3165,3470,3020,37623,125688655,37511577480,11016616,KSQ,ME005
054780,KR7054780002,키이스트,KOSDAQ,중견기업부,1899,2,-3,-0.16,1910,1950,1837,82627,156066730,37330148907,19657793,KSQ,ME005
219420,KR7219420007,링크제니시스,KOSDAQ,기술성장기업부,3250,2,-5,-0.15,3220,3280,3185,10840,35080430,37275897750,11469507,KSQ,ME005
097870,KR7097870000,효성오앤비,KOSDAQ,중견기업부,4385,1,15,0.34,4360,4440,4345,1305,5736880,37228650000,8490000,KSQ,ME005
101240,KR7101240000,씨큐브,KOSDAQ,우량기업부,3275,2,-45,-1.36,3320,3370,3275,3229,10655030,37194345300,11357052,KSQ,ME005
250000,KR7250000007,보라티알,KOSDAQ,우량기업부,5500,1,10,0.18,5450,5530,5450,1671,9160140,37129031500,6750733,KSQ,ME005
234100,KR7234100006,폴라리스세원,KOSDAQ,우량기업부,2535,2,-15,-0.59,2545,2550,2480,6797,17057350,37015147260,14601636,KSQ,ME005
171010,KR7171010002,램테크놀러지,KOSDAQ,벤처기업부,2575,1,55,2.18,2520,2610,2515,19704,50700367,36819286400,14298752,KSQ,ME005
027740,KR7027740000,마니커,KOSPI,,1154,1,23,2.03,1144,1155,1126,24705,28246924,36645978556,31755614,STK,ME005
208710,KR7208710004,포톤,KOSDAQ,중견기업부,2775,1,5,0.18,2770,2835,2735,17750,49175665,36574866300,13180132,KSQ,ME005
133820,KR7133820001,화인베스틸,KOSPI,,985,1,3,0.31,974,1005,974,31255,30956168,36557784470,37114502,STK,ME005
122690,KR7122690001,서진오토모티브,KOSDAQ,중견기업부,1582,2,-17,-1.06,1590,1594,1580,13928,22059696,36511240612,23079166,KSQ,ME005
038070,KR7038070009,서린바이오,KOSDAQ,중견기업부,3925,1,30,0.77,3945,3945,3850,2681,10470150,36505153300,9300676,KSQ,ME005
258790,KR7258790005,소프트캠프,KOSDAQ,벤처기업부,7290,1,50,0.69,7480,7480,7250,10315,76196420,36437286240,4998256,KSQ,ME005
065500,KR7065500001,오리엔트정공,KOSDAQ,중견기업부,1017,1,3,0.3,1025,1030,1005,31439,31906673,36350541504,35742912,KSQ,ME005
039290,KR7039290002,인포뱅크,KOSDAQ,중견기업부,4175,1,55,1.33,4190,4190,4060,1941,8008190,36297358150,8693978,KSQ,ME005
037370,KR7037370004,EG,KOSDAQ,벤처기업부,4200,1,50,1.2,4195,4345,4170,3066,12947550,36224882400,8624972,KSQ,ME005
121890,KR7121890008,에스디시스템,KOSDAQ,중견기업부,2725,2,-5,-0.18,2735,2790,2710,48864,134160812,36219190350,13291446,KSQ,ME005
042940,KR7042940007,상지건설,KOSDAQ,중견기업부,5300,1,50,0.95,5400,5400,5210,6669,35287260,36192173600,6828712,KSQ,ME005
035460,KR7035460005,기산텔레콤,KOSDAQ,벤처기업부,2425,2,-5,-0.21,2430,2455,2390,56730,137146699,36181824500,14920340,KSQ,ME005
239890,KR7239890007,피엔에이치테크,KOSDAQ,기술성장기업부,3640,1,60,1.68,3685,3700,3575,14854,54331410,36166148200,9935755,KSQ,ME005
086040,KR7086040003,바이오톡스텍,KOSDAQ,벤처기업부,2265,2,-5,-0.22,2275,2275,2210,5750,12931935,36145429455,15958247,KSQ,ME005
406820,KR7406820001,뷰티스킨,KOSDAQ,벤처기업부,2550,1,60,2.41,2520,2690,2445,914867,2358898085,36047200350,14136157,KSQ,ME005
043910,KR7043910009,자연과환경,KOSDAQ,벤처기업부,3175,2,-10,-0.31,3225,3235,3140,1603,5075912,36001785375,11339145,KSQ,ME005
000890,KR7000890004,보해양조,KOSPI,,1303,1,3,0.23,1292,1311,1292,67707,88378695,35994104575,27624025,STK,ME005
284620,KR7284620002,카이노스메드,KOSDAQ,투자주의환기종목(소속부없음),1087,3,0,0.0,0,0,0,0,0,35965517911,33086953,KSQ,ME005
123570,KR7123570004,이엠넷,KOSDAQ,중견기업부,1609,2,-14,-0.86,1623,1630,1609,2816,4567110,35842209502,22276078,KSQ,ME005
296160,KR7296160005,프로젠,KONEX,일반기업부,2330,2,-70,-2.92,2490,2495,2330,6703,15813950,35823934070,15375079,KNX,ME005
057540,KR7057540007,옴니시스템,KOSDAQ,관리종목(소속부없음),602,3,0,0.0,0,0,0,0,0,35755349336,59394268,KSQ,ME005
068940,KR7068940006,셀피글로벌,KOSDAQ,관리종목(소속부없음),778,3,0,0.0,0,0,0,0,0,35720093048,45912716,KSQ,ME005
363250,KR7363250002,진시스템,KOSDAQ,기술성장기업부,4195,1,15,0.36,4190,4205,4170,1999,8370895,35692662490,8508382,KSQ,ME005
026040,KR7026040006,제이에스티나,KOSDAQ,중견기업부,2160,1,60,2.86,2110,2160,2075,19863,42294950,35648186400,16503790,KSQ,ME005
014570,KR7014570006,고려제약,KOSDAQ,중견기업부,3235,1,45,1.41,3185,3245,3185,287,917870,35585000000,11000000,KSQ,ME005
060850,KR7060850005,영림원소프트랩,KOSDAQ,벤처기업부,4375,3,0,0.0,4380,4380,4355,313,1366485,35573125000,8131000,KSQ,ME005
318410,KR7318410008,비비씨,KOSDAQ,중견기업부,6400,2,-30,-0.47,6430,6510,6380,1610,10313820,35553555200,5555243,KSQ,ME005
046390,KR7046390001,삼화네트웍스,KOSDAQ,중견기업부,2055,2,-55,-2.61,2095,2110,2045,2625,5464275,35488150515,17269173,KSQ,ME005
196450,KR7196450001,코아시아씨엠,KOSDAQ,중견기업부,3915,1,5,0.13,3900,3925,3870,9753,38091985,35485560000,9064000,KSQ,ME005
045060,KR7045060001,오공,KOSDAQ,우량기업부,2090,1,5,0.24,2065,2115,2065,11526,24149270,35408725660,16941974,KSQ,ME005
387570,KR7387570005,파인메딕스,KOSDAQ,기술성장기업부,6290,2,-60,-0.94,6300,6350,6010,3227,20038180,35386911000,5625900,KSQ,ME005
263050,KR7263050007,유틸렉스,KOSDAQ,관리종목(소속부없음),959,3,0,0.0,0,0,0,0,0,35324626904,36834856,KSQ,ME005
177900,KR7177900008,쓰리에이로직스,KOSDAQ,기술성장기업부,3665,1,70,1.95,3615,3720,3595,17111,62905770,35285154000,9627600,KSQ,ME005
332290,KR7332290006,누보,KOSDAQ,벤처기업부,4440,1,60,1.37,4420,4530,4400,9741,43033785,35250265560,7939249,KSQ,ME005
066360,KR7066360009,체리부로,KOSDAQ,우량기업부,1470,3,0,0.0,1485,1487,1445,8620,12713048,35244730290,23976007,KSQ,ME005
000760,KR7000760009,이화산업,KOSPI,,12580,1,590,4.92,11840,12620,11840,304,3829690,35224000000,2800000,STK,ME005
051490,KR7051490001,나라엠앤디,KOSDAQ,우량기업부,2475,2,-30,-1.2,2515,2515,2455,9596,23683690,35145000000,14200000,KSQ,ME005
024120,KR7024120008,KB오토시스,KOSDAQ,중견기업부,3055,2,-15,-0.49,3065,3085,3040,995,3033850,35132500000,11500000,KSQ,ME005
027830,KR7027830009,대성창투,KOSDAQ,관리종목(소속부없음),650,2,-89,-12.04,720,730,580,1112457,708955556,35100000000,54000000,KSQ,ME005
452300,KR7452300007,캡스톤파트너스,KOSDAQ,중견기업부,2465,1,30,1.23,2420,2487,2395,7731,18896489,34927829825,14169505,KSQ,ME005
060540,KR7060540002,에스에이티,KOSDAQ,중견기업부,1336,2,-3,-0.22,1349,1349,1320,14704,19541114,34913599824,26132934,KSQ,ME005
0010F0,KR70010F0005,보원케미칼,KOSDAQ,벤처기업부,3130,2,-5,-0.16,3120,3225,2980,915416,2850990128,34879471130,11143601,KSQ,ME005
204020,KR7204020002,그리티,KOSDAQ,우량기업부,1788,1,36,2.05,1800,1800,1743,4845,8601726,34778087616,19450832,KSQ,ME005
260660,KR7260660006,알리코제약,KOSDAQ,중견기업부,2255,2,-25,-1.1,2265,2295,2205,7214,16206025,34562432355,15327021,KSQ,ME005
207760,KR7207760000,미스터블루,KOSDAQ,중견기업부,2080,1,25,1.22,2040,2100,2010,6352,12988290,34561188480,16615956,KSQ,ME005
227420,KR7227420007,도부,KONEX,일반기업부,908,1,44,5.09,908,908,908,1,908,34544415080,38044510,KNX,ME005
417860,KR7417860004,오브젠,KOSDAQ,벤처기업부,7330,1,520,7.64,6990,7820,6890,126488,943550345,34501620980,4706906,KSQ,ME005
153460,KR7153460001,네이블,KOSDAQ,중견기업부,5270,1,30,0.57,5230,5330,5170,1322,6919790,34413173780,6530014,KSQ,ME005
434480,KR7434480000,모니터랩,KOSDAQ,기술성장기업부,2795,1,45,1.64,2750,2810,2715,12976,35777775,34407288500,12310300,KSQ,ME005
010640,KR7010640001,진양폴리,KOSPI,,2060,2,-135,-6.15,2180,2180,2000,87457,178903840,34402000000,16700000,STK,ME005
186230,KR7186230009,그린플러스,KOSDAQ,벤처기업부,3140,2,-40,-1.26,3205,3205,3060,2714,8520360,34289390320,10920188,KSQ,ME005
206400,KR7206400004,베노티앤알,KOSDAQ,중견기업부,914,1,48,5.54,868,995,868,534581,501423083,34284284412,37510158,KSQ,ME005
397810,KR7397810003,애드포러스,KOSDAQ,벤처기업부,6640,1,30,0.45,6510,6690,6390,227,1479510,34267512800,5160770,KSQ,ME005
008250,KR7008250003,이건산업,KOSPI,,3125,3,0,0.0,3095,3145,3090,4571,14276630,34226984375,10952635,STK,ME005
075130,KR7075130005,플랜티넷,KOSDAQ,벤처기업부,2120,3,0,0.0,2120,2135,2080,8236,17328598,34179318400,16122320,KSQ,ME005
057030,KR7057030009,YBM넷,KOSDAQ,중견기업부,2095,2,-10,-0.48,2105,2105,2070,754,1576695,34175100215,16312697,KSQ,ME005
469750,KR7469750004,아이비젼웍스,KOSDAQ,벤처기업부,991,3,0,0.0,0,0,0,0,0,34146372671,34456481,KSQ,ME005
009460,KR7009460007,한창제지,KOSPI,,2760,1,20,0.73,2740,2795,2600,4965,13556155,34057533360,12339686,STK,ME005
012280,KR7012280004,영화금속,KOSPI,,3435,1,30,0.88,3450,3455,3410,4603,15759447,34023334935,9904901,STK,ME005
013000,KR7013000005,세우글로벌,KOSPI,,1185,2,-16,-1.33,1199,1200,1185,3064,3647386,34015461735,28705031,STK,ME005
431190,KR7431190008,케이쓰리아이,KOSDAQ,기술성장기업부,4540,1,160,3.65,4300,4640,4250,72414,320713058,33988446680,7486442,KSQ,ME005
290090,KR7290090000,트윔,KOSDAQ,벤처기업부,4550,1,85,1.9,4465,4850,4375,3578,16663165,33854584400,7440568,KSQ,ME005
432430,KR7432430007,와이랩,KOSDAQ,기술성장기업부,2045,2,-25,-1.21,2065,2065,2025,1656,3380130,33759514400,16508320,KSQ,ME005
004365,KR7004361002,세방우,KOSPI,,9150,2,-60,-0.65,9210,9210,9130,18,164910,33756637500,3689250,STK,ME005
290120,KR7290120005,DH오토리드,KOSDAQ,중견기업부,2130,2,-20,-0.93,2130,2150,2105,3963,8437115,33707627010,15825177,KSQ,ME005
106240,KR7106240005,파인테크닉스,KOSDAQ,벤처기업부,1263,2,-43,-3.29,1286,1343,1254,12746,16231152,33572957382,26581914,KSQ,ME005
143210,KR7143210003,핸즈코퍼레이션,KOSPI,,1199,3,0,0.0,0,0,0,0,0,33571739817,27999783,STK,ME005
270520,KR7270520000,앱튼,KOSDAQ,투자주의환기종목(소속부없음),835,1,25,3.09,859,895,780,3389268,2900138251,33422473190,40026914,KSQ,ME005
310870,KR7310870001,디와이씨,KOSDAQ,벤처기업부,1522,2,-12,-0.78,1541,1541,1510,16634,25303802,33366200244,21922602,KSQ,ME005
104200,KR7104200001,NHN벅스,KOSDAQ,중견기업부,2250,1,50,2.27,2180,2260,2170,13765,30380375,33361987500,14827550,KSQ,ME005
052600,KR7052600004,한네트,KOSDAQ,중견기업부,2885,1,20,0.7,2855,2920,2840,3354,9667997,33361274500,11563700,KSQ,ME005
005820,KR7005820006,원림,KOSPI,,14510,2,-40,-0.27,14550,14700,14470,225,3292030,33343544700,2297970,STK,ME005
131090,KR7131090003,시큐브,KOSDAQ,벤처기업부,4345,1,15,0.35,4335,4365,4220,12747,55409615,33274970245,7658221,KSQ,ME005
099220,KR7099220006,SDN,KOSDAQ,관리종목(소속부없음),5270,1,40,0.76,5220,5370,5160,9768,51488930,33171672450,6294435,KSQ,ME005
064520,KR7064520000,테크엘,KOSDAQ,중견기업부,1483,2,-6,-0.4,1486,1486,1468,1181,1739346,33146624946,22351062,KSQ,ME005
038060,KR7038060000,루멘스바이오스,KOSDAQ,중견기업부,689,3,0,0.0,0,0,0,0,0,33143014541,48103069,KSQ,ME005
002880,KR7002880003,디와이에이,KOSPI,,3540,1,40,1.14,3560,3630,3480,12908,46043660,33115988460,9354799,STK,ME005
012160,KR7012160008,영흥,KOSPI,,2100,1,50,2.44,2025,2135,2020,4155,8666240,32803476300,15620703,STK,ME005
495810,KR7495810004,유비씨,KONEX,일반기업부,13120,3,0,0.0,0,0,0,0,0,32800000000,2500000,KNX,ME005
335810,KR7335810008,프리시젼바이오,KOSDAQ,기술성장기업부,1492,1,2,0.13,1481,1544,1480,2601,3867954,32748662952,21949506,KSQ,ME005
208860,KR7208860007,다산디엠씨,KOSDAQ,벤처기업부,9640,2,-20,-0.21,9810,10050,9620,1909,18714060,32727771080,3394997,KSQ,ME005
476080,KR7476080007,M83,KOSDAQ,중견기업부,4050,2,-30,-0.74,4100,4100,3970,4021,16164215,32711850000,8077000,KSQ,ME005
408900,KR7408900009,스튜디오미르,KOSDAQ,중견기업부,995,1,11,1.12,997,999,970,11938,11702149,32589164355,32752929,KSQ,ME005
220180,KR7220180004,폴라리스AI핸디,KOSDAQ,벤처기업부,1361,1,29,2.18,1332,1380,1321,9536,12944989,32569875962,23930842,KSQ,ME005
0203K0,KR70203K0005,송우인포텍,KONEX,일반기업부,10850,3,0,0.0,0,0,0,0,0,32550000000,3000000,KNX,ME005
006920,KR7006920003,모헨즈,KOSDAQ,중견기업부,2975,1,10,0.34,2960,2990,2950,11741,34851745,32487000000,10920000,KSQ,ME005
006370,KR7006370001,대구백화점,KOSPI,,3000,1,85,2.92,2915,3000,2840,57226,165890103,32464833000,10821611,STK,ME005
215090,KR7215090002,솔디펜스,KOSDAQ,벤처기업부,1402,2,-1,-0.07,1400,1434,1328,29141,40571989,32464236722,23155661,KSQ,ME005
089140,KR7089140008,넥스턴앤롤코리아,KOSDAQ,벤처기업부,2115,1,40,1.93,2075,2120,2055,10207,21478700,32393834910,15316234,KSQ,ME005
133750,KR7133750000,메가엠디,KOSDAQ,중견기업부,1380,1,16,1.17,1335,1395,1335,3823,5250502,32301766260,23407077,KSQ,ME005
051630,KR7051630002,진양화학,KOSPI,,1521,2,-265,-14.84,1775,1775,1461,518197,800116677,32245200000,21200000,STK,ME005
200780,KR7200780005,비씨월드제약,KOSDAQ,중견기업부,3020,1,5,0.17,3000,3025,2995,836,2518010,32210296220,10665661,KSQ,ME005
068050,KR7068050004,팬엔터테인먼트,KOSDAQ,중견기업부,1162,2,-21,-1.78,1163,1182,1143,6684,7678600,32180516312,27694076,KSQ,ME005
090370,KR7090370008,메타랩스,KOSPI,,1177,2,-3,-0.25,1161,1210,1161,10731,12612472,32137618953,27304689,STK,ME005
032790,KR7032790008,엠젠솔루션,KOSDAQ,벤처기업부,1250,2,-5,-0.4,1278,1278,1202,42863,52860445,32100132500,25680106,KSQ,ME005
270870,KR7270870009,뉴트리,KOSDAQ,중견기업부,3565,1,40,1.13,3500,3580,3500,2874,10204091,32066625990,8994846,KSQ,ME005
033830,KR7033830001,티비씨,KOSDAQ,중견기업부,1692,1,5,0.3,1714,1715,1691,3155,5389365,31990863960,18907130,KSQ,ME005
318020,KR7318020005,포인트모바일,KOSDAQ,벤처기업부,2595,3,0,0.0,2560,2605,2530,7876,20351095,31921800840,12301272,KSQ,ME005
021650,KR7021650007,한국큐빅,KOSDAQ,중견기업부,1949,2,-24,-1.22,1931,1953,1924,13518,26098111,31867247287,16350563,KSQ,ME005
065950,KR7065950008,웰크론,KOSDAQ,중견기업부,1127,1,15,1.35,1119,1131,1107,6334,7063468,31816677354,28231302,KSQ,ME005
169330,KR7169330008,엠브레인,KOSDAQ,중견기업부,1737,2,-150,-7.95,1802,1887,1731,12654,22739318,31816486566,18316918,KSQ,ME005
271830,KR7271830002,팸텍,KOSDAQ,벤처기업부,1078,1,38,3.65,1040,1079,1032,62873,66260905,31790437756,29490202,KSQ,ME005
462510,KR7462510009,라메디텍,KOSDAQ,기술성장기업부,3610,3,0,0.0,3670,3790,3440,171585,625687407,31778703650,8802965,KSQ,ME005
900270,HK0000214814,헝셩그룹,KOSDAQ,외국기업(소속부없음),2550,2,-30,-1.16,2510,2610,2435,43858,110582902,31777184550,12461641,KSQ,ME005
311390,KR7311390009,네오크레마,KOSDAQ,벤처기업부,2510,2,-65,-2.52,2570,2570,2480,8019,20244120,31761010390,12653789,KSQ,ME005
025440,KR7025440009,DH오토웨어,KOSDAQ,투자주의환기종목(소속부없음),3245,2,-5,-0.15,3250,3255,3215,583,1890019,31659011780,9756244,KSQ,ME005
226330,KR7226330009,신테카바이오,KOSDAQ,투자주의환기종목(소속부없음),1305,1,5,0.38,1289,1354,1250,64681,83828513,31657309875,24258475,KSQ,ME005
031510,KR7031510001,오스템,KOSDAQ,중견기업부,1129,2,-15,-1.31,1138,1140,1128,63493,71925022,31612000000,28000000,KSQ,ME005
430690,KR7430690008,한싹,KOSDAQ,벤처기업부,2900,1,45,1.58,2850,2905,2830,38104,108957910,31596381600,10895304,KSQ,ME005
050110,KR7050110006,캠시스,KOSDAQ,중견기업부,1079,3,0,0.0,0,0,0,0,0,31533584017,29224823,KSQ,ME005
419120,KR7419120001,산돌,KOSDAQ,중견기업부,2215,2,-25,-1.12,2225,2260,2177,20455,45205359,31504142135,14223089,KSQ,ME005
296640,KR7296640006,이노에이엑스,KOSDAQ,벤처기업부,6080,3,0,0.0,6080,6150,6010,3296,19963060,31483772160,5178252,KSQ,ME005
148930,KR7148930001,에이치와이티씨,KOSDAQ,중견기업부,3090,1,55,1.81,3035,3120,2935,15426,46255489,31441408170,10175213,KSQ,ME005
127980,KR7127980001,화인써키트,KOSDAQ,중견기업부,2655,1,10,0.38,2650,2685,2645,4521,12042300,31437016020,11840684,KSQ,ME005
088790,KR7088790001,진도,KOSPI,,2525,2,-35,-1.37,2545,2600,2515,41158,105444456,31430553600,12447744,STK,ME005
080520,KR7080520000,오디텍,KOSDAQ,벤처기업부,2775,2,-10,-0.36,2785,2865,2690,19576,54385605,31419707175,11322417,KSQ,ME005
012620,KR7012620001,원일특강,KOSDAQ,우량기업부,7110,1,60,0.85,7000,7210,6990,1162,8260020,31284000000,4400000,KSQ,ME005
087600,KR7087600003,픽셀플러스,KOSDAQ,벤처기업부,3830,2,-50,-1.29,3880,3930,3830,207,800550,31277917140,8166558,KSQ,ME005
016600,KR7016600009,큐캐피탈,KOSDAQ,중견기업부,2240,1,5,0.22,2220,2280,2210,6022,13439370,31273986240,13961601,KSQ,ME005
258830,KR7258830009,세종메디칼,KOSDAQ,관리종목(소속부없음),412,3,0,0.0,0,0,0,0,0,31223976612,75786351,KSQ,ME005
109820,KR7109820001,진매트릭스,KOSDAQ,기술성장기업부,1529,1,14,0.92,1542,1542,1515,5649,8593330,31181875560,20393640,KSQ,ME005
090410,KR7090410002,덕신이피씨,KOSDAQ,우량기업부,3380,1,25,0.75,3355,3450,3310,9829,33252590,31152848220,9216819,KSQ,ME005
014130,KR7014130009,한익스프레스,KOSPI,,2635,1,10,0.38,2635,2675,2625,20938,55426680,31140121705,11817883,STK,ME005
091340,KR7091340000,S&K폴리텍,KOSDAQ,중견기업부,2660,2,-15,-0.56,2675,2690,2630,16042,42681950,31131897860,11703721,KSQ,ME005
010400,KR7010400000,우진아이엔에스,KOSPI,,4080,1,30,0.74,4050,4160,4015,8382,34097095,31097760000,7622000,STK,ME005
263920,KR7263920001,휴엠앤씨,KOSDAQ,중견기업부,3170,2,-5,-0.16,3150,3175,3117,661,2086076,31094612420,9809026,KSQ,ME005
038620,KR7038620001,위즈코프,KOSDAQ,벤처기업부,2045,1,40,2.0,1988,2100,1988,33046,67863532,30973351185,15145893,KSQ,ME005
093380,KR7093380004,풍강,KOSDAQ,중견기업부,3130,2,-95,-2.95,3225,3240,3130,1775,5643625,30922249690,9879313,KSQ,ME005
376980,KR7376980009,원티드랩,KOSDAQ,기술성장기업부,3165,1,60,1.93,3120,3180,3070,1985,6209650,30910637010,9766394,KSQ,ME005
444530,KR7444530000,심플랫폼,KOSDAQ,기술성장기업부,4795,1,100,2.13,4805,4835,4705,1779,8523495,30840413870,6431786,KSQ,ME005
153490,KR7153490008,우리이앤엘하루틴,KOSDAQ,우량기업부,2990,2,-10,-0.33,3025,3100,2980,3001,8998535,30785040000,10296000,KSQ,ME005
173940,KR7173940008,에프엔씨엔터,KOSDAQ,중견기업부,1998,2,-1,-0.05,1999,2005,1995,3001,5995655,30754830384,15392808,KSQ,ME005
462310,KR7462310004,뉴키즈온,KOSDAQ,중견기업부,3880,1,85,2.24,3765,3880,3715,3976,15335388,30646587400,7898605,KSQ,ME005
003535,KR7003531001,한화투자증권우,KOSPI,,6370,2,-20,-0.31,6540,6540,6300,5348,34015120,30576000000,4800000,STK,ME005
025750,KR7025750001,한솔홈데코,KOSPI,,1897,1,4,0.21,1897,1900,1878,2283,4315297,30566416013,16113029,STK,ME005
009140,KR7009140005,케이아이이,KOSPI,,19450,2,-180,-0.92,19630,19990,19310,1967,38460680,30552001650,1570797,STK,ME005
464580,KR7464580000,닷밀,KOSDAQ,기술성장기업부,1658,1,47,2.92,1623,1690,1614,7358,12111136,30517295562,18406089,KSQ,ME005
024070,KR7024070005,WISCOM,KOSPI,,1989,2,-4,-0.2,1981,1999,1932,3564,7075267,30484285182,15326438,STK,ME005
197140,KR7197140007,디지캡,KOSDAQ,벤처기업부,2340,2,-20,-0.85,2345,2390,2290,11967,27807746,30450780360,13013154,KSQ,ME005
049120,KR7049120009,파인디앤씨,KOSDAQ,벤처기업부,2870,1,40,1.41,2810,2925,2780,6372,18009235,30426772810,10601663,KSQ,ME005
064480,KR7064480007,브리지텍,KOSDAQ,벤처기업부,2545,1,15,0.59,2560,2560,2520,11664,29600520,30419112500,11952500,KSQ,ME005
364950,KR7364950006,에이아이코리아,KOSDAQ,벤처기업부,3665,1,245,7.16,3450,3805,3395,86106,313615655,30406470925,8296445,KSQ,ME005
237820,KR7237820006,플레이디,KOSDAQ,중견기업부,2370,1,60,2.6,2320,2420,2320,18345,43405886,30400321800,12827140,KSQ,ME005
001070,KR7001070002,대한방직,KOSPI,,5730,2,-70,-1.21,5800,5840,5680,827,4784130,30369000000,5300000,STK,ME005
337840,KR7337840003,유엑스엔,KONEX,일반기업부,6100,2,-70,-1.13,6200,6200,5330,1009,5944530,30362127800,4977398,KNX,ME005
159910,KR7159910009,에코글로우,KOSDAQ,중견기업부,2900,2,-80,-2.68,2960,2960,2890,1565,4537270,30354581300,10467097,KSQ,ME005
462980,KR7462980004,아이지넷,KOSDAQ,기술성장기업부,1663,1,34,2.09,1615,1675,1615,16090,26614542,30323868731,18234437,KSQ,ME005
075970,KR7075970004,동국알앤에스,KOSDAQ,중견기업부,1646,1,14,0.86,1633,1650,1633,1595,2615974,30286400000,18400000,KSQ,ME005
009190,KR7009190000,대양금속,KOSPI,,673,2,-127,-15.88,792,800,574,3168295,2011397632,30244064775,44939175,STK,ME005
246250,KR7246250005,에스엘에스바이오,KOSDAQ,관리종목(소속부없음),1969,3,0,0.0,0,0,0,0,0,30220617614,15348206,KSQ,ME005
037330,KR7037330008,인지디스플레,KOSDAQ,관리종목(소속부없음),688,2,-3,-0.43,686,695,680,7325,5027902,30193034112,43885224,KSQ,ME005
356890,KR7356890004,싸이버원,KOSDAQ,벤처기업부,2525,2,-10,-0.39,2510,2550,2450,15298,38059545,30183408125,11953825,KSQ,ME005
071850,KR7071850002,캐스텍코리아,KOSDAQ,투자주의환기종목(소속부없음),1244,1,5,0.4,1227,1253,1184,6528,7903906,30180606872,24260938,KSQ,ME005
069640,KR7069640001,한세엠케이,KOSPI,,1387,1,46,3.43,1341,1672,1250,360082,515468025,30147112147,21735481,STK,ME005
262840,KR7262840002,아이퀘스트,KOSDAQ,벤처기업부,2840,1,15,0.53,2825,2890,2815,6580,18771285,30010143680,10566952,KSQ,ME005
099390,KR7099390007,브레인즈컴퍼니,KOSDAQ,벤처기업부,3655,2,-15,-0.41,3840,3840,3590,2364,8677465,30001274365,8208283,KSQ,ME005
369370,KR7369370002,블리츠웨이엔터테인먼트,KOSDAQ,벤처기업부,3005,3,0,0.0,2980,3045,2940,6716,20082020,29973017910,9974382,KSQ,ME005
336060,KR7336060009,웨이버스,KOSDAQ,벤처기업부,3110,2,-50,-1.58,3420,3420,3070,22182,71713967,29952534400,9631040,KSQ,ME005
038870,KR7038870002,에코심플렉스,KOSDAQ,중견기업부,2135,1,10,0.47,2105,2240,2025,9920,20831657,29921916115,14014949,KSQ,ME005
038950,KR7038950002,파인디지털,KOSDAQ,중견기업부,2930,2,-25,-0.85,2955,2955,2920,1099,3217685,29917541450,10210765,KSQ,ME005
020180,KR7020180006,대신정보통신,KOSDAQ,중견기업부,3875,1,30,0.78,3850,3900,3850,8900,34514666,29782409125,7685783,KSQ,ME005
070590,KR7070590005,인티큐브,KOSDAQ,중견기업부,2140,1,30,1.42,2120,2155,2110,2605,5550010,29702174940,13879521,KSQ,ME005
073570,KR7073570004,리튬포어스,KOSDAQ,관리종목(소속부없음),2460,2,-10,-0.4,2540,2540,2395,40807,99342780,29611826880,12037328,KSQ,ME005
388610,KR7388610008,지에프씨생명과학,KOSDAQ,기술성장기업부,5560,1,50,0.91,5730,5740,5510,3583,20084420,29609129480,5325383,KSQ,ME005
300120,KR7300120003,라온피플,KOSDAQ,벤처기업부,2990,1,115,4.0,2875,3040,2870,28035,83432070,29603400970,9900803,KSQ,ME005
464280,KR7464280007,티디에스팜,KOSDAQ,중견기업부,5330,2,-60,-1.11,5380,5450,5320,4253,22799290,29474900000,5530000,KSQ,ME005
097780,KR7097780001,에코볼트,KOSDAQ,중견기업부,1450,2,-11,-0.75,1440,1456,1434,1881,2714749,29424979050,20293089,KSQ,ME005
025890,KR7025890005,한국주강,KOSPI,,2640,1,20,0.76,2685,2685,2615,4475,11754185,29421786240,11144616,STK,ME005
200350,KR7200350007,아티스트스튜디오,KOSDAQ,기술성장기업부,2940,1,115,4.07,2810,3000,2730,41726,120188237,29388313500,9996025,KSQ,ME005
452160,KR7452160005,제이엔비,KOSDAQ,중견기업부,3050,1,20,0.66,3100,3100,2995,1968,5963250,29333457350,9617527,KSQ,ME005
036420,KR7036420008,콘텐트리중앙,KOSPI,,1522,2,-26,-1.68,1535,1547,1460,33625,51136538,29317232776,19262308,STK,ME005
045300,KR7045300001,성우테크론,KOSDAQ,중견기업부,2775,1,55,2.02,2720,2810,2705,21373,58948020,29267958300,10547012,KSQ,ME005
188260,KR7188260004,세니젠,KOSDAQ,투자주의환기종목(소속부없음),2090,1,40,1.95,2050,2165,2030,10411,21481410,29053754620,13901318,KSQ,ME005
308170,KR7308170000,씨티알모빌리티,KOSPI,,3370,1,10,0.3,3400,3400,3320,5529,18723790,29015700000,8610000,STK,ME005
073540,KR7073540007,에프알텍,KOSDAQ,벤처기업부,2545,2,-25,-0.97,2545,2605,2520,5291,13457670,29013000000,11400000,KSQ,ME005
128540,KR7128540002,에코캡,KOSDAQ,우량기업부,1086,2,-9,-0.82,1084,1122,1077,44911,49385709,28985839560,26690460,KSQ,ME005
109960,KR7109960005,앱토크롬,KOSDAQ,투자주의환기종목(소속부없음),1913,1,26,1.38,1879,1920,1861,855,1611391,28947961729,15132233,KSQ,ME005
317240,KR7317240000,TS트릴리온,KOSDAQ,벤처기업부,992,2,-13,-1.29,1005,1005,982,29562,29314570,28943297312,29176711,KSQ,ME005
031310,KR7031310006,아이즈비전,KOSDAQ,중견기업부,970,1,24,2.54,946,976,936,24038,23045735,28854251470,29746651,KSQ,ME005
187270,KR7187270004,신화콘텍,KOSDAQ,벤처기업부,2830,1,10,0.35,2985,2985,2775,2967,8424870,28707081350,10143845,KSQ,ME005
377030,KR7377030002,비트맥스,KOSDAQ,관리종목(소속부없음),2005,2,-20,-0.99,2025,2145,1951,18091,35882765,28654862510,14291702,KSQ,ME005
006740,KR7006740005,블루산업개발,KOSPI,,4805,1,50,1.05,4805,4900,4715,3659,17713844,28594357995,5950959,STK,ME005
079170,KR7079170007,한창산업,KOSDAQ,우량기업부,5495,1,65,1.2,5450,5500,5450,139,761730,28574000000,5200000,KSQ,ME005
290560,KR7290560002,파라택시스이더리움,KOSDAQ,벤처기업부,1273,1,40,3.24,1236,1280,1220,21585,27037242,28467755290,22362730,KSQ,ME005
019175,KR7019171008,신풍제약우,KOSPI,,14290,1,360,2.58,13920,14320,13920,651,9188300,28454676700,1991230,STK,ME005
407400,KR7407400001,꿈비,KOSDAQ,벤처기업부,1933,1,8,0.42,1963,1963,1913,8621,16662368,28288554222,14634534,KSQ,ME005
003680,KR7003680006,한성기업,KOSPI,,4540,2,-35,-0.77,4505,4575,4455,30528,137368571,28191198100,6209515,STK,ME005
043220,KR7043220003,티에스넥스젠,KOSDAQ,관리종목(소속부없음),1710,3,0,0.0,0,0,0,0,0,28191099330,16486023,KSQ,ME005
006570,KR7006570006,대림통상,KOSPI,,1849,2,-21,-1.12,1870,1886,1817,30180,55947689,28151025000,15225000,STK,ME005
333050,KR7333050003,이노테나,KOSDAQ,벤처기업부,5710,1,120,2.15,5550,5720,5510,5976,33896550,28118438200,4924420,KSQ,ME005
088340,KR7088340005,유라클,KOSDAQ,벤처기업부,6440,2,-10,-0.16,6520,6530,6360,3164,20273340,28106529920,4364368,KSQ,ME005
160550,KR7160550000,NEW,KOSDAQ,중견기업부,1007,2,-7,-0.69,1014,1029,1003,40058,40363469,28101448742,27906106,KSQ,ME005
367000,KR7367000007,플래티어,KOSDAQ,벤처기업부,3350,3,0,0.0,3350,3435,3270,2828,9470730,28100493450,8388207,KSQ,ME005
239610,KR7239610009,에이치엘사이언스,KOSDAQ,벤처기업부,5200,2,-10,-0.19,5150,5210,5100,119,610120,28038998000,5392115,KSQ,ME005
033540,KR7033540006,파라텍,KOSDAQ,중견기업부,2680,2,-75,-2.72,2755,2845,2595,28715,75814190,28004032880,10449266,KSQ,ME005
254120,KR7254120009,자비스,KOSDAQ,기술성장기업부,910,3,0,0.0,0,0,0,0,0,27986385700,30754270,KSQ,ME005
019570,KR7019570001,GMI벤처,KOSDAQ,중견기업부,2930,2,-20,-0.68,2945,3005,2880,6298,18557507,27966861720,9545004,KSQ,ME005
900070,KYG3931T1076,글로벌에스엠,KOSDAQ,외국기업(소속부없음),1039,2,-104,-9.1,1132,1132,1019,787326,831528737,27919991376,26871984,KSQ,ME005
311060,KR7311060008,엘에이티,KONEX,일반기업부,3545,3,0,0.0,0,0,0,0,0,27906715030,7872134,KNX,ME005
119500,KR7119500007,포메탈,KOSDAQ,중견기업부,2355,2,-10,-0.42,2365,2365,2335,5933,13951815,27900231360,11847232,KSQ,ME005
043340,KR7043340009,에쎈테크,KOSDAQ,관리종목(소속부없음),587,2,-28,-4.55,615,615,573,45396,26820868,27882500000,47500000,KSQ,ME005
068100,KR7068100007,케이웨더,KOSDAQ,기술성장기업부,2337,2,-33,-1.39,2330,2400,2325,1623,3816679,27874651632,11927536,KSQ,ME005
130500,KR7130500002,GH신소재,KOSDAQ,중견기업부,1915,1,20,1.06,1890,1930,1860,7263,13587181,27853774580,14545052,KSQ,ME005
225220,KR7225220003,제놀루션,KOSDAQ,벤처기업부,1451,2,-27,-1.83,1464,1464,1444,10788,15714830,27844720471,19190021,KSQ,ME005
115480,KR7115480006,씨유메디칼,KOSDAQ,중견기업부,2295,1,45,2.0,2350,2350,2225,3374,7740925,27826670745,12124911,KSQ,ME005
008470,KR7008470007,부스타,KOSDAQ,벤처기업부,1655,1,1,0.06,1650,1660,1621,3015,4970390,27819888000,16809600,KSQ,ME005
089150,KR7089150007,케이씨티,KOSDAQ,벤처기업부,1621,2,-7,-0.43,1628,1642,1596,28321,45730481,27800150000,17150000,KSQ,ME005
373170,KR7373170000,엠아이큐브솔루션,KOSDAQ,벤처기업부,1836,1,78,4.44,1755,1838,1750,16971,30425096,27748918440,15113790,KSQ,ME005
148250,KR7148250004,알엔투테크놀로지,KOSDAQ,벤처기업부,2035,2,-5,-0.25,2040,2135,2000,22819,46942830,27697782640,13610704,KSQ,ME005
351330,KR7351330006,이삭엔지니어링,KOSDAQ,벤처기업부,3340,1,60,1.83,3280,3525,3275,10889,36419385,27683656800,8288520,KSQ,ME005
198940,KR7198940009,한주라이트메탈,KOSDAQ,중견기업부,1390,2,-31,-2.18,1421,1421,1340,93802,127308154,27674566400,19909760,KSQ,ME005
114630,KR7114630007,폴라리스우노,KOSDAQ,우량기업부,1599,2,-11,-0.68,1599,1606,1550,14739,23229087,27559161552,17235248,KSQ,ME005
318010,KR7318010006,팜스빌,KOSDAQ,벤처기업부,3475,1,30,0.87,3480,3480,3435,98,339600,27554449550,7929338,KSQ,ME005
236810,KR7236810008,엔비티,KOSDAQ,기술성장기업부,1622,2,-58,-3.45,1681,1681,1601,17854,29110155,27534140972,16975426,KSQ,ME005
368970,KR7368970000,오에스피,KOSDAQ,벤처기업부,2445,2,-140,-5.42,2335,2510,2335,49359,119794950,27481110510,11239718,KSQ,ME005
067010,KR7067010009,이씨에스,KOSDAQ,벤처기업부,2515,3,0,0.0,2530,2530,2500,24106,60605820,27384577500,10888500,KSQ,ME005
016670,KR7016670002,디모아,KOSDAQ,중견기업부,2685,1,100,3.87,2570,2720,2525,18749,49457888,27371518290,10194234,KSQ,ME005
048470,KR7048470009,대동스틸,KOSDAQ,중견기업부,2835,2,-50,-1.73,3015,3315,2820,303734,915975552,27357750000,9650000,KSQ,ME005
002690,KR7002690006,동일제강,KOSPI,,1345,2,-74,-5.21,1503,1618,1280,766629,1109243488,27303984200,20300360,STK,ME005
007120,KR7007120009,미래아이앤지,KOSPI,,996,2,-20,-1.97,1016,1020,995,30305,30527555,27213821544,27323114,STK,ME005
376180,KR7376180006,피코그램,KOSDAQ,벤처기업부,1460,1,83,6.03,1390,1540,1361,29231,42189097,27099115480,18561038,KSQ,ME005
007770,KR7007770001,한일화학,KOSDAQ,중견기업부,7720,2,-250,-3.14,7970,7970,7700,1526,11837660,27097200000,3510000,KSQ,ME005
072770,KR7072770001,멤레이비티,KOSDAQ,중견기업부,652,2,-38,-5.51,708,708,640,129067,83929364,27065887896,41512098,KSQ,ME005
195500,KR7195500004,마니커에프앤지,KOSDAQ,중견기업부,1691,1,17,1.02,1675,1721,1661,38750,64678708,27018798000,15978000,KSQ,ME005
057680,KR7057680001,티사이언티픽,KOSDAQ,벤처기업부,1709,1,6,0.35,1689,1714,1666,5655,9489256,26990081481,15792909,KSQ,ME005
450520,KR7450520002,인스웨이브,KOSDAQ,벤처기업부,1831,2,-9,-0.49,1840,2270,1796,172918,342490921,26924082318,14704578,KSQ,ME005
101670,KR7101670008,하이드로리튬,KOSDAQ,관리종목(소속부없음),474,2,-2,-0.42,476,489,468,164211,77649156,26912386638,56777187,KSQ,ME005
290270,KR7290270008,휴네시온,KOSDAQ,벤처기업부,2800,1,45,1.63,2745,2825,2700,6938,19082150,26901481600,9607672,KSQ,ME005
080530,KR7080530009,코디,KOSDAQ,중견기업부,2425,1,15,0.62,2450,2545,2395,7984,19760140,26848833700,11071684,KSQ,ME005
066910,KR7066910001,손오공,KOSDAQ,중견기업부,1744,2,-16,-0.91,1786,1802,1722,24619,42876981,26834286208,15386632,KSQ,ME005
033250,KR7033250002,체시스,KOSPI,,4190,1,70,1.7,4225,4225,4085,16520,67979265,26816000000,6400000,STK,ME005
017000,KR7017000001,신원종합개발,KOSDAQ,우량기업부,2295,2,-25,-1.08,2305,2315,2270,11852,27129920,26778121965,11668027,KSQ,ME005
060230,KR7060230000,제이케이시냅스,KOSDAQ,중견기업부,1364,1,129,10.45,1230,1399,1230,188684,255242051,26659677352,19545218,KSQ,ME005
900310,HK0000341732,컬러레이,KOSDAQ,외국기업(소속부없음),2080,2,-10,-0.48,2080,2080,1927,653,1311607,26641336800,12808335,KSQ,ME005
023150,KR7023150006,MH에탄올,KOSPI,,4290,1,310,7.79,3980,4615,3980,50890,222082378,26604147570,6201433,STK,ME005
118000,KR7118000009,메타케어,KOSPI,,1205,2,-3,-0.25,1253,1253,1200,8465,10211038,26577220925,22055785,STK,ME005
016920,KR7016920001,카스,KOSDAQ,중견기업부,1034,2,-23,-2.18,1050,1050,1011,10166,10488541,26572488888,25698732,KSQ,ME005
078590,KR7078590007,휴림에이텍,KOSDAQ,중견기업부,2660,2,-15,-0.56,2685,2690,2615,29460,77742895,26568960460,9988331,KSQ,ME005
091970,KR7091970004,LSK아이로봇,KOSDAQ,중견기업부,3525,1,25,0.71,3485,3570,3450,4973,17353335,26560099500,7534780,KSQ,ME005
288620,KR7288620008,에스프리즘,KOSDAQ,벤처기업부,3805,2,-190,-4.76,3890,3910,3775,19711,75419450,26556297380,6979316,KSQ,ME005
005110,KR7005110002,한창,KOSPI,,1254,3,0,0.0,0,0,0,0,0,26467434378,21106407,STK,ME005
013720,KR7013720008,청보,KOSDAQ,중견기업부,2175,2,-10,-0.46,2175,2175,2090,4933,10454152,26460240900,12165628,KSQ,ME005
297570,KR7297570004,아틀라스링크,KOSDAQ,벤처기업부,3820,2,-165,-4.14,3920,4095,3510,27009,99547265,26450608260,6924243,KSQ,ME005
139670,KR7139670004,키네마스터,KOSDAQ,중견기업부,1872,1,4,0.21,1868,1899,1855,6687,12503739,26430412320,14118810,KSQ,ME005
032750,KR7032750002,삼진,KOSDAQ,우량기업부,2920,2,-10,-0.34,2990,2990,2905,1487,4339925,26370876240,9031122,KSQ,ME005
140430,KR7140430000,카티스,KOSDAQ,중견기업부,2465,2,-10,-0.4,2475,2525,2415,37667,93206765,26349634755,10689507,KSQ,ME005
383930,KR7383930005,디티앤씨알오,KOSDAQ,중견기업부,2060,1,123,6.35,1872,2065,1872,55768,113174742,26335303680,12784128,KSQ,ME005
131220,KR7131220006,대한과학,KOSDAQ,벤처기업부,3525,2,-10,-0.28,3540,3545,3500,835,2939815,26277077250,7454490,KSQ,ME005
096630,KR7096630009,에스코넥,KOSDAQ,우량기업부,1654,2,-30,-1.78,1605,1680,1605,14658,24287285,26259438242,15876323,KSQ,ME005
359090,KR7359090008,씨엔알리서치,KOSDAQ,중견기업부,2275,2,-90,-3.81,2330,2390,2270,6979,16006530,26149175325,11494143,KSQ,ME005
006345,KR7006341002,대원전선우,KOSPI,,9970,1,190,1.94,9800,10000,9650,21635,214450380,26133364000,2621200,STK,ME005
123840,KR7123840001,뉴온,KOSDAQ,투자주의환기종목(소속부없음),1680,2,-20,-1.18,1829,1829,1616,2877,4747868,26129124000,15553050,KSQ,ME005
069410,KR7069410009,엔텔스,KOSDAQ,벤처기업부,2550,2,-50,-1.92,2570,2580,2500,10450,26417470,26124301200,10244824,KSQ,ME005
328380,KR7328380001,솔트웨어,KOSDAQ,벤처기업부,3790,2,-30,-0.79,4000,4000,3720,1177,4503283,25971183450,6852555,KSQ,ME005
047080,KR7047080007,한빛소프트,KOSDAQ,중견기업부,1045,2,-2,-0.19,1040,1059,1031,66571,69509634,25939368290,24822362,KSQ,ME005
060380,KR7060380003,동양에스텍,KOSDAQ,중견기업부,1315,1,33,2.57,1283,1319,1283,11234,14715098,25905500000,19700000,KSQ,ME005
363260,KR7363260001,모비데이즈,KOSDAQ,벤처기업부,4025,1,75,1.9,3920,4110,3920,6101,24493258,25891830825,6432753,KSQ,ME005
079000,KR7079000006,와토스코리아,KOSDAQ,중견기업부,3595,2,-10,-0.28,3625,3625,3595,3792,13667500,25884000000,7200000,KSQ,ME005
403360,KR7403360001,라피치,KONEX,일반기업부,6870,1,20,0.29,6870,6870,6870,1,6870,25883652450,3767635,KNX,ME005
398120,KR7398120006,에스지헬스케어,KOSDAQ,벤처기업부,2180,2,-65,-2.9,2345,2345,2150,32156,71442625,25814493980,11841511,KSQ,ME005
069140,KR7069140002,누리플랜,KOSDAQ,벤처기업부,1708,2,-22,-1.27,1731,1778,1701,5366,9255748,25783633232,15095804,KSQ,ME005
052300,KR7052300001,오션인더블유,KOSDAQ,중견기업부,1587,2,-9,-0.56,1581,1610,1576,29138,46357936,25779431136,16244128,KSQ,ME005
215790,KR7215790007,이노인스트루먼트,KOSDAQ,관리종목(소속부없음),639,2,-18,-2.74,667,667,629,658403,419946112,25740932211,40283149,KSQ,ME005
053290,KR7053290003,NE능률,KOSDAQ,중견기업부,1555,2,-38,-2.39,1566,1611,1527,15823,24435249,25698407385,16526307,KSQ,ME005
103840,KR7103840005,우양,KOSDAQ,중견기업부,1569,2,-10,-0.63,1570,1581,1565,7172,11257386,25678925532,16366428,KSQ,ME005
429270,KR7429270002,시지트로닉스,KOSDAQ,기술성장기업부,3570,1,330,10.19,3285,4155,3270,955031,3624411691,25668767670,7190131,KSQ,ME005
002355,KR7002351005,넥센타이어1우B,KOSPI,,3945,1,10,0.25,3930,3945,3925,2295,9018195,25642500000,6500000,STK,ME005
193250,KR7193250008,링크드,KOSDAQ,중견기업부,1915,2,-35,-1.79,1995,2000,1900,5949,11478642,25601506695,13368933,KSQ,ME005
033050,KR7033050006,제이엠아이,KOSDAQ,관리종목(소속부없음),804,2,-2,-0.25,806,806,799,12017,9612422,25598819712,31839328,KSQ,ME005
191410,KR7191410000,육일씨엔에쓰,KOSDAQ,관리종목(소속부없음),1648,1,68,4.3,1580,1649,1564,155469,250244262,25560763456,15510172,KSQ,ME005
290520,KR7290520006,신도기연,KOSDAQ,벤처기업부,1620,1,48,3.05,1598,1688,1575,56332,91896743,25492585680,15736164,KSQ,ME005
348030,KR7348030008,모비릭스,KOSDAQ,중견기업부,2650,1,10,0.38,2610,2675,2610,763,2020098,25450070000,9603800,KSQ,ME005
004270,KR7004270005,남성,KOSPI,,5570,1,70,1.27,5500,5690,5400,4916,27308540,25399912960,4560128,STK,ME005
079190,KR7079190005,케스피온,KOSDAQ,관리종목(소속부없음),1247,2,-25,-1.97,1263,1350,1213,25642,31663508,25365932802,20341566,KSQ,ME005
096690,KR7096690003,에이루트,KOSDAQ,중견기업부,6300,2,-20,-0.32,6200,6500,6190,1882,11748555,25343904600,4022842,KSQ,ME005
134060,KR7134060003,이퓨쳐,KOSDAQ,벤처기업부,5310,2,-140,-2.57,5410,5450,5310,3692,19771420,25324717500,4769250,KSQ,ME005
146060,KR7146060009,율촌,KOSDAQ,중견기업부,1054,2,-10,-0.94,1052,1070,1051,11909,12644296,25312437130,24015595,KSQ,ME005
069920,KR7069920007,엑시온그룹,KOSDAQ,관리종목(소속부없음),1114,1,27,2.48,1105,1165,1066,174697,192238921,25281581652,22694418,KSQ,ME005
043200,KR7043200005,파루,KOSDAQ,벤처기업부,1209,2,-41,-3.28,1249,1249,1195,55273,66584691,25270707813,20902157,KSQ,ME005
458350,KR7458350006,에스팀,KOSDAQ,중견기업부,2910,1,10,0.34,2905,2925,2880,10534,30686680,25268112000,8683200,KSQ,ME005
090150,KR7090150004,아이윈,KOSDAQ,중견기업부,6030,1,110,1.86,6000,6070,5810,5103,30557940,25250799870,4187529,KSQ,ME005
002680,KR7002680007,한탑,KOSDAQ,관리종목(소속부없음),3255,2,-235,-6.73,3490,3490,3200,29428,97904485,25245877650,7756030,KSQ,ME005
33637K,KR733637K010,솔루스첨단소재1우,KOSPI,,1491,2,-9,-0.6,1490,1499,1486,976,1457891,25208477154,16907094,STK,ME005
354390,KR7354390007,바스칸바이오제약,KONEX,일반기업부,3590,3,0,0.0,3590,3590,3590,5,17950,25195506730,7018247,KNX,ME005
238490,KR7238490007,힘스,KOSDAQ,벤처기업부,2225,3,0,0.0,2220,2230,2205,2102,4651956,25169725100,11312236,KSQ,ME005
001810,KR7001810001,무림SP,KOSDAQ,중견기업부,1131,2,-10,-0.88,1151,1151,1119,18453,20756763,25037512500,22137500,KSQ,ME005
138070,KR7138070008,신진에스엠,KOSDAQ,중견기업부,1429,2,-36,-2.46,1460,1462,1412,9315,13316350,25012078516,17503204,KSQ,ME005
038880,KR7038880001,아이에이,KOSDAQ,중견기업부,3325,1,170,5.39,3155,3335,3150,8759,28222655,24985456475,7514423,KSQ,ME005
054090,KR7054090006,삼진엘앤디,KOSDAQ,중견기업부,1001,2,-2,-0.2,994,1017,960,43687,43168013,24984191232,24959232,KSQ,ME005
101400,KR7101400000,엔시트론,KOSDAQ,중견기업부,1648,1,44,2.74,1591,1648,1563,19892,31436501,24981445312,15158644,KSQ,ME005
322780,KR7322780008,코퍼스코리아,KOSDAQ,중견기업부,1655,2,-20,-1.19,1675,1841,1586,44402,74890630,24840000920,15009064,KSQ,ME005
351870,KR7351870001,차이커뮤니케이션,KOSDAQ,중견기업부,2225,1,5,0.23,2205,2260,2180,1085,2406050,24832428450,11160642,KSQ,ME005
105550,KR7105550008,엣지파운드리,KOSDAQ,중견기업부,1582,2,-17,-1.06,1580,1587,1565,11604,18284887,24776350620,15661410,KSQ,ME005
027040,KR7027040005,서울전자통신,KOSDAQ,중견기업부,1775,2,-39,-2.15,1829,1870,1761,115006,206929068,24704039975,13917769,KSQ,ME005
389680,KR7389680000,유디엠텍,KOSDAQ,관리종목(소속부없음),2965,2,-95,-3.1,3060,3075,2960,13812,41302085,24670854745,8320693,KSQ,ME005
003060,KR7003060001,에이프로젠바이오로직스,KOSPI,,1517,1,47,3.2,1470,1517,1450,93127,138419570,24668244951,16261203,STK,ME005
368600,KR7368600003,아이씨에이치,KOSDAQ,기술성장기업부,956,3,0,0.0,0,0,0,0,0,24660416740,25795415,KSQ,ME005
044780,KR7044780005,에이치케이,KOSDAQ,벤처기업부,1331,1,17,1.29,1320,1359,1317,6238,8329682,24631202497,18505787,KSQ,ME005
083660,KR7083660001,CSA 코스믹,KOSDAQ,중견기업부,1411,2,-12,-0.84,1406,1429,1377,6241,8736524,24585488349,17424159,KSQ,ME005
021880,KR7021880000,메이슨캐피탈,KOSDAQ,중견기업부,1152,2,-8,-0.69,1161,1164,1138,9818,11283598,24443642880,21218440,KSQ,ME005
001380,KR7001380005,SG글로벌,KOSPI,,1087,1,48,4.62,1050,1092,1048,66992,71526540,24438011177,22482071,STK,ME005
357430,KR7357430008,마스턴프리미어리츠,KOSPI,,800,2,-26,-3.15,827,829,790,16446,13258247,24404245600,30505307,STK,ME005
131180,KR7131180002,딜리,KOSDAQ,벤처기업부,4150,1,40,0.97,4190,4190,4107,3972,16388019,24360500000,5870000,KSQ,ME005
003495,KR7003491008,대한항공우,KOSPI,,21900,2,-200,-0.9,22100,22250,21900,1051,23134550,24326322900,1110791,STK,ME005
006490,KR7006490007,프리티,KOSPI,,1370,1,11,0.81,1361,1416,1330,43902,60389912,24312476210,17746333,STK,ME005
123750,KR7123750002,알톤,KOSDAQ,중견기업부,1759,1,1,0.06,1743,1768,1734,5970,10442643,24308076581,13819259,KSQ,ME005
148780,KR7148780000,비큐AI,KOSDAQ,기술성장기업부,3855,2,-35,-0.9,3880,3950,3720,23866,92567595,24244653975,6289145,KSQ,ME005
278990,KR7278990007,EMB,KONEX,일반기업부,3000,3,0,0.0,3000,3000,3000,1,3000,24194331000,8064777,KNX,ME005
101680,KR7101680007,한국정밀기계,KOSDAQ,중견기업부,2870,2,-180,-5.9,3045,3045,2815,6558,19148265,24119480000,8404000,KSQ,ME005
206950,KR7206950008,볼빅,KONEX,일반기업부,1709,1,209,13.93,1718,1718,1709,2,3427,24058045885,14077265,KNX,ME005
257370,KR7257370007,피엔티엠에스,KOSDAQ,벤처기업부,1923,1,72,3.89,1851,1935,1851,3731,7080210,24046847703,12504861,KSQ,ME005
415380,KR7415380005,스튜디오삼익,KOSDAQ,중견기업부,2090,2,-20,-0.95,2095,2095,2060,5733,11974949,23915817750,11442975,KSQ,ME005
115530,KR7115530008,씨엔플러스,KOSDAQ,중견기업부,2785,2,-290,-9.43,3020,3055,2720,38950,109811510,23901023175,8582055,KSQ,ME005
016100,KR7016100000,리더스코스메틱,KOSDAQ,중견기업부,1251,2,-57,-4.36,1286,1442,1176,165960,216233559,23895218394,19100894,KSQ,ME005
035200,KR7035200005,프럼파스트,KOSDAQ,벤처기업부,2585,2,-15,-0.58,2600,2620,2560,11985,30884540,23833650885,9219981,KSQ,ME005
020400,KR7020400008,대동금속,KOSDAQ,중견기업부,2625,3,0,0.0,2625,2680,2565,13272,34556060,23818021500,9073532,KSQ,ME005
115160,KR7115160004,휴맥스,KOSDAQ,중견기업부,5490,2,-10,-0.18,5480,5650,5460,1771,9733880,23648356170,4307533,KSQ,ME005
058110,KR7058110008,멕아이씨에스,KOSDAQ,기술성장기업부,1473,1,1,0.07,1473,1480,1453,9181,13525724,23642430690,16050530,KSQ,ME005
083640,KR7083640003,인콘,KOSDAQ,벤처기업부,5140,2,-40,-0.77,5180,5330,5120,2497,12874370,23601173520,4591668,KSQ,ME005
102950,KR7102950003,아하,KONEX,일반기업부,1795,2,-41,-2.23,1836,1836,1702,1361,2373358,23553815885,13121903,KNX,ME005
039740,KR7039740006,한국정보공학,KOSDAQ,벤처기업부,2920,2,-20,-0.68,2940,2950,2905,6032,17650365,23413719240,8018397,KSQ,ME005
267790,KR7267790004,배럴,KOSDAQ,중견기업부,3040,1,15,0.5,3020,3065,3020,3247,9834290,23375499360,7689309,KSQ,ME005
071950,KR7071950000,코아스,KOSPI,,1616,1,7,0.44,1610,1623,1560,50823,81443700,23366059120,14459195,STK,ME005
365590,KR7365590009,하이딥,KOSDAQ,기술성장기업부,1269,1,12,0.95,1266,1278,1250,10575,13399418,23358831975,18407275,KSQ,ME005
378800,KR7378800007,샤페론,KOSDAQ,관리종목(소속부없음),2525,1,35,1.41,2470,2560,2340,52701,129697350,23352730150,9248606,KSQ,ME005
009310,KR7009310004,참엔지니어링,KOSPI,,5330,3,0,0.0,0,0,0,0,0,23329484620,4377014,STK,ME005
177830,KR7177830007,파버나인,KOSDAQ,벤처기업부,2055,2,-30,-1.44,2075,2075,2020,4367,8898125,23274915615,11325993,KSQ,ME005
206560,KR7206560005,덱스터,KOSDAQ,기술성장기업부,913,2,-14,-1.51,921,934,905,26466,24207041,23200914968,25411736,KSQ,ME005
033200,KR7033200007,모아텍,KOSDAQ,투자주의환기종목(소속부없음),2520,1,85,3.49,2425,2520,2380,2008,4833420,23195413080,9204529,KSQ,ME005
405920,KR7405920000,나라셀라,KOSDAQ,중견기업부,1800,2,-33,-1.8,1827,1827,1798,2456,4441669,23180536800,12878076,KSQ,ME005
336040,KR7336040001,타스컴,KONEX,일반기업부,4000,3,0,0.0,4000,4000,4000,1,4000,23159716000,5789929,KNX,ME005
318000,KR7318000007,KBG,KOSDAQ,벤처기업부,2645,2,-25,-0.94,2670,2675,2635,3625,9614865,23117889835,8740223,KSQ,ME005
188040,KR7188040000,바이오포트,KOSDAQ,벤처기업부,4940,2,-30,-0.6,4970,4970,4890,2081,10286050,23115781520,4679308,KSQ,ME005
475660,KR7475660007,에스켐,KOSDAQ,기술성장기업부,2915,1,15,0.52,2900,2960,2885,9831,28568925,23115469025,7929835,KSQ,ME005
215480,KR7215480005,토박스코리아,KOSDAQ,중견기업부,2150,1,35,1.65,2160,2190,2115,16949,36204915,23091000000,10740000,KSQ,ME005
243870,KR7243870003,아이티센코어,KONEX,일반기업부,7970,3,0,0.0,0,0,0,0,0,23054269070,2892631,KNX,ME005
207490,KR7207490004,에이펙스인텍,KONEX,일반기업부,6400,3,0,0.0,0,0,0,0,0,23040000000,3600000,KNX,ME005
032680,KR7032680001,소프트센,KOSDAQ,중견기업부,999,2,-5,-0.5,995,1009,990,14483,14436319,23032825119,23055881,KSQ,ME005
222980,KR7222980005,한국맥널티,KOSDAQ,벤처기업부,2085,1,5,0.24,2225,2225,2085,1033,2171660,23000642055,11031483,KSQ,ME005
208350,KR7208350009,지란지교시큐리티,KOSDAQ,벤처기업부,2830,2,-90,-3.08,3000,3000,2830,3666,10460414,22927443100,8101570,KSQ,ME005
051380,KR7051380004,피씨디렉트,KOSDAQ,중견기업부,1490,1,12,0.81,1480,1509,1480,5833,8735127,22856707280,15340072,KSQ,ME005
076080,KR7076080001,웰크론한텍,KOSDAQ,중견기업부,1008,2,-27,-2.61,1043,1044,1000,31657,32331172,22774909248,22594156,KSQ,ME005
355390,KR7355390006,크라우드웍스,KOSDAQ,기술성장기업부,1434,2,-80,-5.28,1397,1500,1397,120440,171148336,22763809296,15874344,KSQ,ME005
054940,KR7054940002,엑사이엔씨,KOSDAQ,중견기업부,3430,3,0,0.0,3500,3515,3395,18190,62622685,22757051870,6634709,KSQ,ME005
298060,KR7298060005,풍전약품,KOSDAQ,관리종목(소속부없음),2360,3,0,0.0,2370,2390,2325,1525,3612695,22744374920,9637447,KSQ,ME005
464500,KR7464500008,아이언디바이스,KOSDAQ,기술성장기업부,1624,2,-56,-3.33,1631,1677,1536,28771,46363864,22725059112,13993263,KSQ,ME005
023770,KR7023770001,플레이위드,KOSDAQ,중견기업부,2535,1,20,0.8,2485,2555,2450,14419,35960805,22679364825,8946495,KSQ,ME005
018680,KR7018680009,서울제약,KOSDAQ,벤처기업부,1944,2,-5,-0.26,1933,1949,1917,179,346195,22665716136,11659319,KSQ,ME005
027580,KR7027580000,상보,KOSDAQ,중견기업부,1912,2,-21,-1.09,1933,1987,1912,76788,150008683,22630919560,11836255,KSQ,ME005
043590,KR7043590009,웰킵스하이텍,KOSDAQ,중견기업부,1665,1,15,0.91,1666,1706,1634,6400,10624578,22591354365,13568381,KSQ,ME005
065690,KR7065690000,파커스,KOSDAQ,투자주의환기종목(소속부없음),1880,2,-3,-0.16,1865,1889,1800,8092,14996040,22587273160,12014507,KSQ,ME005
036480,KR7036480002,대성미생물,KOSDAQ,중견기업부,5930,2,-10,-0.17,5940,5970,5880,657,3888910,22534000000,3800000,KSQ,ME005
013810,KR7013810007,스페코,KOSDAQ,중견기업부,1532,2,-8,-0.52,1538,1563,1520,4431,6750100,22452180040,14655470,KSQ,ME005
377330,KR7377330006,이지트로닉스,KOSDAQ,기술성장기업부,2755,1,35,1.29,2720,2775,2675,953,2598955,22425573270,8139954,KSQ,ME005
224060,KR7224060004,더코디,KOSDAQ,투자주의환기종목(소속부없음),4345,2,-310,-6.66,4880,4880,4150,336162,1468852676,22423337090,5160722,KSQ,ME005
001420,KR7001420009,태원물산,KOSPI,,2950,2,-15,-0.51,2985,3010,2885,32781,96191075,22420000000,7600000,STK,ME005
032800,KR7032800005,판타지오,KOSDAQ,중견기업부,1480,2,-1,-0.07,1473,1490,1473,713,1053299,22358395520,15107024,KSQ,ME005
115570,KR7115570004,스타플렉스,KOSDAQ,중견기업부,2800,1,35,1.27,2745,2800,2655,18036,49125375,22356622400,7984508,KSQ,ME005
223310,KR7223310004,사토시홀딩스,KOSDAQ,투자주의환기종목(소속부없음),2750,2,-75,-2.65,2790,2825,2720,16214,44895215,22353699500,8128618,KSQ,ME005
187220,KR7187220009,디티앤씨,KOSDAQ,중견기업부,1935,2,-48,-2.42,1979,1979,1901,4090,7875878,22300745355,11524933,KSQ,ME005
33626L,KR733626K021,두산퓨얼셀2우B,KOSPI,,7460,2,-90,-1.19,7410,7780,7200,250,1861975,22277798000,2986300,STK,ME005
017250,KR7017250002,인터엠,KOSDAQ,중견기업부,1057,1,1,0.09,1053,1059,1045,5750,6067083,22245058619,21045467,KSQ,ME005
007720,KR7007720006,소노스퀘어,KOSDAQ,중견기업부,1102,2,-32,-2.82,1133,1165,1073,19195,21107553,22216419180,20160090,KSQ,ME005
417180,KR7417180007,핑거스토리,KOSDAQ,중견기업부,3885,2,-165,-4.07,3805,3940,3805,3496,13433577,22202343765,5714889,KSQ,ME005
303530,KR7303530000,이노뎁,KOSDAQ,벤처기업부,3025,1,25,0.83,3000,3030,2965,2732,8179365,22201379475,7339299,KSQ,ME005
004870,KR7004870002,티웨이홀딩스,KOSPI,,980,2,-20,-2.0,901,1039,901,34171,33426289,22180044040,22632698,STK,ME005
219750,KR7219750007,한국비티비,KOSDAQ,중견기업부,1694,1,16,0.95,1674,1695,1630,6823,11406257,22166628638,13085377,KSQ,ME005
237750,KR7237750005,피앤씨테크,KOSDAQ,벤처기업부,3410,1,20,0.59,3420,3420,3340,2489,8425855,22153406000,6496600,KSQ,ME005
352940,KR7352940001,인바이오,KOSDAQ,벤처기업부,2020,1,15,0.75,2005,2035,2000,3043,6120500,21952814600,10867730,KSQ,ME005
432980,KR7432980001,엠에프씨,KOSDAQ,기술성장기업부,2555,1,95,3.86,2565,2565,2460,15018,37675580,21951900810,8591742,KSQ,ME005
238200,KR7238200000,비피도,KOSDAQ,벤처기업부,2680,1,10,0.37,2690,2890,2640,2202,5963520,21922400000,8180000,KSQ,ME005
030720,KR7030720007,동원수산,KOSPI,,4695,2,-40,-0.84,4700,4745,4620,20529,96554700,21849614475,4653805,STK,ME005
403810,KR7403810005,아이엘로보틱스,KONEX,일반기업부,2190,1,140,6.83,2235,2235,1950,7,14175,21762787740,9937346,KNX,ME005
065370,KR7065370009,위세아이텍,KOSDAQ,벤처기업부,2945,1,75,2.61,2870,2980,2870,4517,13253580,21745744530,7383954,KSQ,ME005
032080,KR7032080004,아즈텍WB,KOSDAQ,중견기업부,1010,3,0,0.0,0,0,0,0,0,21705939290,21491029,KSQ,ME005
032860,KR7032860009,더라미,KOSDAQ,중견기업부,2685,2,-25,-0.92,2700,2710,2660,2009,5401525,21692576820,8079172,KSQ,ME005
317120,KR7317120004,라닉스,KOSDAQ,기술성장기업부,1420,2,-4,-0.28,1424,1443,1345,19112,26544703,21669200000,15260000,KSQ,ME005
331660,KR7331660001,한국미라클피플사,KONEX,일반기업부,3935,3,0,0.0,0,0,0,0,0,21642500000,5500000,KNX,ME005
018700,KR7018700005,졸스,KOSDAQ,투자주의환기종목(소속부없음),1293,3,0,0.0,1282,1303,1245,12473,15739524,21621882180,16722260,KSQ,ME005
200230,KR7200230001,텔콘RF제약,KOSDAQ,중견기업부,2280,1,110,5.07,2170,2335,2170,13044,29574502,21619573320,9482269,KSQ,ME005
192390,KR7192390003,윈하이텍,KOSDAQ,벤처기업부,1802,2,-37,-2.01,1824,1850,1792,6189,11175901,21564977292,11967246,KSQ,ME005
005360,KR7005360003,모나미,KOSPI,,1137,1,8,0.71,1129,1160,1092,304928,341462168,21486238059,18897307,STK,ME005
340440,KR7340440007,세림B&G,KOSDAQ,관리종목(소속부없음),756,3,0,0.0,0,0,0,0,0,21454043184,28378364,KSQ,ME005
039310,KR7039310008,세중,KOSDAQ,중견기업부,1183,2,-4,-0.34,1177,1200,1150,27768,32235224,21437932061,18121667,KSQ,ME005
059180,KR7059180000,엔더블유시,KONEX,일반기업부,4025,1,15,0.37,4025,4025,4025,250,1006250,21389212250,5314090,KNX,ME005
045520,KR7045520004,크린앤사이언스,KOSDAQ,관리종목(소속부없음),3290,2,-20,-0.6,3320,3320,3200,7012,23039700,21385000000,6500000,KSQ,ME005
331520,KR7331520007,밸로프,KOSDAQ,중견기업부,2180,1,20,0.93,2160,2195,2155,7524,16414710,21366585480,9801186,KSQ,ME005
012170,KR7012170007,아센디오,KOSPI,,2925,1,5,0.17,2920,3075,2895,13378,39826020,21342908925,7296721,STK,ME005
270210,KR7270210008,에스알바이오텍,KONEX,일반기업부,12450,1,480,4.01,12000,12450,11800,9,108600,21307527600,1711448,KNX,ME005
032280,KR7032280000,삼일,KOSDAQ,중견기업부,1313,2,-2,-0.15,1317,1325,1308,40671,53422403,21288443670,16213590,KSQ,ME005
277410,KR7277410007,인산가,KOSDAQ,벤처기업부,5540,1,20,0.36,5430,5600,5430,1334,7409010,21279971000,3841150,KSQ,ME005
023790,KR7023790009,동일스틸럭스,KOSDAQ,중견기업부,1627,2,-137,-7.77,2010,2120,1620,3164336,5759716850,21264577616,13069808,KSQ,ME005
424760,KR7424760007,벨로크,KOSDAQ,벤처기업부,2100,2,-5,-0.24,2110,2125,2040,10971,22882485,21206572800,10098368,KSQ,ME005
053060,KR7053060000,세동,KOSDAQ,중견기업부,1191,2,-25,-2.06,1210,1216,1188,24701,29527712,21029986029,17657419,KSQ,ME005
008775,KR7008771008,호텔신라우,KOSPI,,27950,3,0,0.0,28400,28400,27900,133,3725150,21015018050,751879,STK,ME005
067730,KR7067730002,로지시스,KOSDAQ,중견기업부,2170,2,-5,-0.23,2175,2225,2145,11984,25989285,20992410740,9673922,KSQ,ME005
054220,KR7054220009,비츠로시스,KOSDAQ,벤처기업부,1664,2,-16,-0.95,1679,1683,1654,30720,51247945,20950785024,12590616,KSQ,ME005
076340,KR7076340009,지에이이노더스,KONEX,일반기업부,4300,3,0,0.0,4100,4395,4100,24,98955,20947278000,4871460,KNX,ME005
361670,KR7361670003,삼영에스앤씨,KOSDAQ,기술성장기업부,3685,1,5,0.14,3650,3745,3650,5339,19805140,20885319730,5667658,KSQ,ME005
044480,KR7044480002,빌리언스,KOSDAQ,중견기업부,3135,2,-45,-1.42,3190,3200,3090,8530,26690480,20848323705,6650183,KSQ,ME005
241840,KR7241840008,에이스토리,KOSDAQ,중견기업부,2185,2,-5,-0.23,2225,2225,2175,3633,7953975,20844886890,9539994,KSQ,ME005
247660,KR7247660004,나노씨엠에스,KOSDAQ,관리종목(소속부없음),3965,2,-15,-0.38,3955,4010,3770,10545,41118005,20740597800,5230920,KSQ,ME005
130740,KR7130740004,티피씨글로벌,KOSDAQ,중견기업부,1837,1,27,1.49,1811,1840,1800,6725,12254855,20715259323,11276679,KSQ,ME005
440320,KR7440320000,오픈놀,KOSDAQ,기술성장기업부,2075,3,0,0.0,2215,2215,2060,6005,12480765,20708500000,9980000,KSQ,ME005
372800,KR7372800003,아이티아이즈,KOSDAQ,벤처기업부,2915,1,5,0.17,2910,2945,2855,3625,10507785,20513405935,7037189,KSQ,ME005
353190,KR7353190002,휴럼,KOSDAQ,중견기업부,2600,1,25,0.97,2575,2615,2560,2205,5684815,20476778400,7875684,KSQ,ME005
344860,KR7344860002,이노진,KOSDAQ,기술성장기업부,1358,2,-7,-0.51,1360,1365,1320,22013,29574382,20410740000,15030000,KSQ,ME005
024940,KR7024940009,PN풍년,KOSDAQ,벤처기업부,2030,2,-35,-1.69,2045,2045,2015,9050,18417545,20300000000,10000000,KSQ,ME005
085810,KR7085810000,알티캐스트,KOSDAQ,중견기업부,1433,1,66,4.83,1378,1435,1354,11027,15190385,20258253649,14136953,KSQ,ME005
000040,KR7000040006,KR모터스,KOSPI,,1029,3,0,0.0,1004,1038,1004,12986,13255218,20245612044,19675036,STK,ME005
289220,KR7289220006,자이언트스텝,KOSDAQ,기술성장기업부,907,1,22,2.49,878,912,873,38677,34951215,20237184447,22312221,KSQ,ME005
070300,KR7070300009,퀀텀레일,KOSDAQ,벤처기업부,569,2,-124,-17.89,637,663,532,4841780,2818067641,20213570801,35524729,KSQ,ME005
362990,KR7362990004,드림인사이트,KOSDAQ,벤처기업부,1203,1,9,0.75,1194,1203,1181,5937,7063918,20211090522,16800574,KSQ,ME005
019660,KR7019660000,글로본,KOSDAQ,중견기업부,1447,2,-12,-0.82,1500,1500,1407,32824,46719781,20177449851,13944333,KSQ,ME005
001685,KR7001681006,대상우,KOSPI,,14700,1,120,0.82,14600,14700,14510,557,8154240,20142278100,1370223,STK,ME005
00499K,KR700499K014,롯데지주우,KOSPI,,24950,1,250,1.01,24700,24950,24700,51,1269950,20099794850,805603,STK,ME005
438700,KR7438700007,버넥트,KOSDAQ,기술성장기업부,1803,1,20,1.12,1775,1816,1763,19588,34853767,20094236670,11144890,KSQ,ME005
301300,KR7301300000,바이브컴퍼니,KOSDAQ,기술성장기업부,1525,1,33,2.21,1492,1547,1492,7284,11102723,20060935800,13154712,KSQ,ME005
048830,KR7048830004,엔피케이,KOSDAQ,중견기업부,1070,2,-6,-0.56,1097,1098,1059,191493,204602629,20034597610,18723923,KSQ,ME005
096870,KR7096870001,엘디티,KOSDAQ,벤처기업부,2395,1,5,0.21,2395,2445,2365,34423,82610020,19993457605,8347999,KSQ,ME005
038530,KR7038530002,케이바이오랩스,KOSDAQ,중견기업부,3860,1,155,4.18,3705,4020,3705,3432,13178650,19987172640,5178024,KSQ,ME005
098660,KR7098660004,에스티오,KOSDAQ,중견기업부,1595,1,53,3.44,1572,1617,1572,5700,9064103,19939056720,12500976,KSQ,ME005
095910,KR7095910006,에스에너지,KOSDAQ,관리종목(소속부없음),547,1,1,0.18,546,554,530,78000,42286440,19930838798,36436634,KSQ,ME005
015020,KR7015020001,이스타코,KOSPI,,928,3,0,0.0,0,0,0,0,0,19883142400,21425800,STK,ME005
009620,KR7009620006,삼보산업,KOSDAQ,투자주의환기종목(소속부없음),5680,2,-40,-0.7,5550,5710,5470,18729,105628670,19849379120,3494609,KSQ,ME005
043360,KR7043360007,디지아이,KOSDAQ,벤처기업부,2200,2,-35,-1.57,2235,2275,2200,18909,42141670,19800000000,9000000,KSQ,ME005
021040,KR7021040001,대호특수강,KOSDAQ,중견기업부,911,2,-14,-1.51,947,947,873,15516,13983619,19773049114,21704774,KSQ,ME005
063760,KR7063760003,이엘피,KOSDAQ,벤처기업부,2110,1,40,1.93,2070,2150,2070,28098,59218060,19676024300,9325130,KSQ,ME005
080470,KR7080470008,성창오토텍,KOSDAQ,벤처기업부,2695,1,15,0.56,2690,2705,2665,8068,21628997,19673500000,7300000,KSQ,ME005
274400,KR7274400001,이노시뮬레이션,KOSDAQ,기술성장기업부,2140,1,100,4.9,2040,2150,2020,4724,9707863,19445095020,9086493,KSQ,ME005
073190,KR7073190001,듀오백,KOSDAQ,관리종목(소속부없음),1622,3,0,0.0,0,0,0,0,0,19412160880,11968040,KSQ,ME005
317860,KR7317860005,노드메이슨,KONEX,일반기업부,4300,2,-100,-2.27,4300,4300,4300,5,21500,19406824500,4513215,KNX,ME005
276730,KR7276730009,한울앤제주,KOSDAQ,투자주의환기종목(소속부없음),821,2,-27,-3.18,848,849,804,50689,41908570,19382151580,23607980,KSQ,ME005
434190,KR7434190005,탈로스,KONEX,일반기업부,2630,2,-65,-2.41,2695,2695,2455,443,1092325,19381611420,7369434,KNX,ME005
405000,KR7405000001,플라즈맵,KOSDAQ,벤처기업부,3605,1,80,2.27,3525,3640,3460,3874,13726095,19371582860,5373532,KSQ,ME005
069330,KR7069330009,유아이디,KOSDAQ,벤처기업부,1142,2,-27,-2.31,1169,1169,1131,22786,25993942,19359839508,16952574,KSQ,ME005
079950,KR7079950002,인베니아,KOSDAQ,관리종목(소속부없음),1397,1,21,1.53,1377,1400,1334,72823,99843446,19277342700,13799100,KSQ,ME005
214610,KR7214610008,롤링스톤,KOSDAQ,관리종목(소속부없음),2290,3,0,0.0,0,0,0,0,0,19197807380,8383322,KSQ,ME005
353590,KR7353590003,오토앤,KOSDAQ,중견기업부,1491,1,3,0.2,1470,1542,1460,8042,12010681,19197474870,12875570,KSQ,ME005
113810,KR7113810006,디젠스,KOSDAQ,중견기업부,2940,1,15,0.51,3000,3010,2895,8033,23879708,19185293400,6525610,KSQ,ME005
275630,KR7275630002,에스에스알,KOSDAQ,벤처기업부,3650,2,-130,-3.44,3750,3750,3610,3143,11485283,19176399200,5253808,KSQ,ME005
227610,KR7227610003,아우딘퓨쳐스,KOSDAQ,벤처기업부,989,2,-11,-1.1,1000,1000,953,7338,7238378,19161450719,19374571,KSQ,ME005
088290,KR7088290002,이원컴포텍,KOSDAQ,관리종목(소속부없음),2395,2,-5,-0.21,2415,2415,2260,2006,4713685,19102692440,7976072,KSQ,ME005
342870,KR7342870003,오아,KOSDAQ,중견기업부,3500,2,-25,-0.71,3520,3520,3445,3346,11605303,19075689500,5450197,KSQ,ME005
050760,KR7050760008,에스폴리텍,KOSDAQ,중견기업부,1165,2,-17,-1.44,1182,1182,1152,23300,27074399,19029899870,16334678,KSQ,ME005
110020,KR7110020005,전진바이오팜,KOSDAQ,기술성장기업부,2100,2,-5,-0.24,2200,2205,2035,2516,5213405,19023400200,9058762,KSQ,ME005
322970,KR7322970005,무진메디,KONEX,일반기업부,1879,1,20,1.08,1879,1879,1850,751,1400536,18951009631,10085689,KNX,ME005
108675,KR7108671009,LX하우시스우,KOSPI,,18320,2,-250,-1.35,18900,18900,18300,60,1103740,18912285600,1032330,STK,ME005
115610,KR7115610008,이미지스,KOSDAQ,벤처기업부,1600,1,14,0.88,1586,1634,1579,17431,27979599,18910030400,11818769,KSQ,ME005
154040,KR7154040000,다산솔루에타,KOSDAQ,중견기업부,8745,1,565,6.91,8410,8950,8400,4021,34686690,18902850945,2161561,KSQ,ME005
083470,KR7083470005,이엠앤아이,KOSDAQ,벤처기업부,885,2,-5,-0.56,890,890,872,11417,10091125,18886191165,21340329,KSQ,ME005
018620,KR7018620005,우진비앤지,KOSDAQ,벤처기업부,2715,1,5,0.18,2710,2725,2655,2259,6061755,18823046130,6932982,KSQ,ME005
031860,KR7031860000,디에이치엑스컴퍼니,KOSDAQ,관리종목(소속부없음),6930,3,0,0.0,0,0,0,0,0,18714756060,2700542,KSQ,ME005
065150,KR7065150005,대산F&B,KOSDAQ,중견기업부,1173,2,-16,-1.35,1186,1220,1159,7928,9392828,18695555520,15938240,KSQ,ME005
222670,KR7222670002,플럼라인생명과학,KONEX,일반기업부,4635,3,0,0.0,0,0,0,0,0,18692639820,4032932,KNX,ME005
154030,KR7154030001,아시아종묘,KOSDAQ,벤처기업부,1548,2,-14,-0.9,1562,1599,1521,17751,27285432,18671770116,12061867,KSQ,ME005
252500,KR7252500004,세화피앤씨,KOSDAQ,중견기업부,2245,2,-20,-0.88,2275,2275,2225,3015,6789272,18627389110,8297278,KSQ,ME005
084440,KR7084440007,유비온,KOSDAQ,기술성장기업부,4860,1,30,0.62,5080,5130,4830,2006,9816427,18596712240,3826484,KSQ,ME005
131100,KR7131100000,티엔엔터테인먼트,KOSDAQ,중견기업부,2880,1,115,4.16,2765,2945,2715,34508,98492795,18574110720,6449344,KSQ,ME005
065060,KR7065060006,지엔코,KOSDAQ,중견기업부,3100,1,25,0.81,3075,3100,3045,902,2787894,18570196600,5990386,KSQ,ME005
195990,KR7195990007,루트K,KOSDAQ,관리종목(소속부없음),1133,1,13,1.16,1121,1140,1111,5160,5802936,18454161242,16287874,KSQ,ME005
002070,KR7002070001,비비안,KOSPI,,3815,2,-240,-5.92,3720,3980,3505,48164,184510220,18318867000,4801800,STK,ME005
347770,KR7347770000,핌스,KOSDAQ,중견기업부,807,2,-37,-4.38,833,841,796,66476,54000556,18286379514,22659702,KSQ,ME005
403490,KR7403490006,우듬지팜,KOSDAQ,벤처기업부,1981,2,-19,-0.95,2010,2035,1943,5273,10490470,18198440652,9186492,KSQ,ME005
078860,KR7078860004,아이오케이이엔엠,KOSDAQ,투자주의환기종목(소속부없음),2945,1,40,1.38,2915,3295,2915,82152,252371982,18191818660,6177188,KSQ,ME005
093240,KR7093240000,형지엘리트,KOSPI,,296,3,0,0.0,0,0,0,0,0,18171516664,61390259,STK,ME005
455180,KR7455180000,케이지에이,KOSDAQ,벤처기업부,1232,2,-18,-1.44,1240,1288,1204,5762,7072538,18121407920,14708935,KSQ,ME005
279600,KR7279600001,미디어젠,KOSDAQ,벤처기업부,3845,1,25,0.65,4135,4135,3790,2281,8893985,18012982945,4684781,KSQ,ME005
014100,KR7014100002,메디앙스,KOSDAQ,중견기업부,1522,2,-45,-2.87,1547,1547,1500,23463,35475657,17959600000,11800000,KSQ,ME005
196700,KR7196700009,웹스,KOSDAQ,벤처기업부,1248,2,-3,-0.24,1257,1257,1239,8928,11128606,17926451712,14364144,KSQ,ME005
0070X0,KR70070X0000,에스테크엠,KONEX,일반기업부,11790,1,290,2.52,13000,13000,11170,102,1141790,17802900000,1510000,KNX,ME005
365900,KR7365900000,브이씨,KOSDAQ,벤처기업부,2435,2,-15,-0.61,2425,2445,2415,4409,10714923,17800580500,7310300,KSQ,ME005
008600,KR7008600009,윌비스,KOSPI,,2620,3,0,0.0,0,0,0,0,0,17615839860,6723603,STK,ME005
419540,KR7419540000,비스토스,KOSDAQ,벤처기업부,2950,2,-50,-1.67,2955,2995,2905,5928,17359941,17576846350,5958253,KSQ,ME005
009440,KR7009440009,KC그린홀딩스,KOSPI,,756,3,0,0.0,0,0,0,0,0,17568790596,23239141,STK,ME005
052960,KR7052960002,태양3C,KONEX,일반기업부,3590,3,0,0.0,0,0,0,0,0,17544610020,4887078,KNX,ME005
056730,KR7056730005,CNT85,KOSDAQ,중견기업부,1183,2,-43,-3.51,1153,1214,1153,28239,32990580,17534706371,14822237,KSQ,ME005
037400,KR7037400009,우리엔터프라이즈,KOSDAQ,관리종목(소속부없음),3335,2,-25,-0.74,3330,3335,3315,2032,6752380,17490971115,5244669,KSQ,ME005
051780,KR7051780005,큐로홀딩스,KOSDAQ,중견기업부,2300,2,-40,-1.71,2330,2340,2290,12823,29726509,17480055200,7600024,KSQ,ME005
900120,KYG2114A1094,씨엑스아이,KOSDAQ,관리종목(소속부없음),1040,3,0,0.0,0,0,0,0,0,17336446400,16669660,KSQ,ME005
137940,KR7137940003,넥스트아이,KOSDAQ,중견기업부,1763,2,-58,-3.19,1789,1791,1752,8461,15056671,17298674121,9812067,KSQ,ME005
0197V0,KR70197V0000,엔에이치스팩34호,KOSDAQ,SPAC(소속부없음),1902,1,2,0.11,1900,1905,1886,58521,111046960,17213100000,9050000,KSQ,ME005
254160,KR7254160005,제이엠멀티,KONEX,일반기업부,3300,3,0,0.0,3300,3300,3300,2,6600,17028000000,5160000,KNX,ME005
373110,KR7373110006,엑셀세라퓨틱스,KOSDAQ,기술성장기업부,983,2,-2,-0.2,977,994,971,32018,31465249,17000389302,17294394,KSQ,ME005
482680,KR7482680006,미래에셋비전스팩7호,KOSDAQ,SPAC(소속부없음),2055,3,0,0.0,0,0,0,0,0,16881825000,8215000,KSQ,ME005
477380,KR7477380000,미래에셋비전스팩4호,KOSDAQ,SPAC(소속부없음),2075,2,-5,-0.24,2075,2080,2075,9604,19928335,16807500000,8100000,KSQ,ME005
241820,KR7241820000,피씨엘,KOSDAQ,관리종목(소속부없음),6040,3,0,0.0,0,0,0,0,0,16803871920,2782098,KSQ,ME005
0200G0,KR70200G0004,한국제17호스팩,KOSDAQ,SPAC(소속부없음),1900,1,5,0.26,1895,1906,1889,136886,259860388,16530000000,8700000,KSQ,ME005
011090,KR7011090008,에넥스,KOSPI,,1386,2,-39,-2.74,1420,1438,1364,62979,87258935,16433876844,11857054,STK,ME005
465770,KR7465770006,STX그린로지스,KOSPI,,2270,2,-15,-0.66,2300,2305,2160,84071,189636874,16385722600,7218380,STK,ME005
210120,KR7210120002,캔버스엔,KOSDAQ,중견기업부,1685,2,-94,-5.28,1779,1782,1681,12235,20910065,16336059835,9694991,KSQ,ME005
054410,KR7054410006,케이피티유,KOSDAQ,중견기업부,2830,2,-225,-7.36,3055,3085,2810,23941,71808736,16205836520,5726444,KSQ,ME005
009730,KR7009730003,이렘,KOSDAQ,투자주의환기종목(소속부없음),2030,2,-60,-2.87,2035,2085,2005,12412,25217235,16190271090,7975503,KSQ,ME005
034940,KR7034940007,조아제약,KOSDAQ,중견기업부,2610,1,65,2.55,2560,2720,2545,27142,70766983,16171468650,6195965,KSQ,ME005
005725,KR7005721006,넥센우,KOSPI,,4490,1,40,0.9,4490,4490,4490,10,44900,16166694000,3600600,STK,ME005
006200,KR7006200000,한국전자홀딩스,KOSPI,,1727,2,-68,-3.79,1789,1789,1706,46556,80584624,16165802829,9360627,STK,ME005
309930,KR7309930006,조이웍스앤코,KOSDAQ,중견기업부,835,1,19,2.33,844,858,800,24054,19894902,16078667315,19255889,KSQ,ME005
379390,KR7379390008,이성씨엔아이,KONEX,일반기업부,5600,3,0,0.0,0,0,0,0,0,15912176000,2841460,KNX,ME005
285800,KR7285800009,진영,KOSDAQ,벤처기업부,4420,2,-20,-0.45,4440,4475,4285,15686,68301295,15884516440,3593782,KSQ,ME005
18064K,KR718064K016,한진칼우,KOSPI,,29800,2,-450,-1.49,30300,30300,29500,681,20270900,15802850600,530297,STK,ME005
169670,KR7169670007,코스텍시스템,KONEX,일반기업부,5490,1,270,5.17,5590,5590,5200,167,872540,15747521490,2868401,KNX,ME005
005257,KR7005252002,녹십자홀딩스2우,KOSPI,,18400,1,530,2.97,17870,18400,17870,155,2781510,15566216000,845990,STK,ME005
0072Z0,KR70072Z0006,KB제33호스팩,KOSDAQ,SPAC(소속부없음),1973,1,7,0.36,1967,1977,1966,5067,9997209,15557105000,7885000,KSQ,ME005
477340,KR7477340004,에이치엠씨제7호스팩,KOSDAQ,SPAC(소속부없음),2065,3,0,0.0,2065,2070,2065,1051,2170330,15508150000,7510000,KSQ,ME005
179720,KR7179720008,머니무브,KONEX,일반기업부,5600,2,-400,-6.67,5800,5800,5600,20,114000,15400100800,2750018,KNX,ME005
0101C0,KR70101C0008,하나36호스팩,KOSDAQ,SPAC(소속부없음),1985,1,4,0.2,1971,1997,1971,48,95017,15363900000,7740000,KSQ,ME005
0130H0,KR70130H0008,엔에이치스팩33호,KOSDAQ,SPAC(소속부없음),1992,2,-6,-0.3,1992,1999,1970,560,1109999,15338400000,7700000,KSQ,ME005
376930,KR7376930004,노을,KOSDAQ,관리종목(소속부없음),1491,2,-23,-1.52,1529,1529,1480,22916,34110998,15295071624,10258264,KSQ,ME005
026910,KR7026910000,광진실업,KOSDAQ,중견기업부,1929,2,-386,-16.67,2095,2140,1675,631294,1192355840,15293740854,7928326,KSQ,ME005
030350,KR7030350003,드래곤플라이,KOSDAQ,관리종목(소속부없음),973,3,0,0.0,0,0,0,0,0,15171092867,15592079,KSQ,ME005
476710,KR7476710009,타조이엔터테인먼트,KONEX,일반기업부,15120,3,0,0.0,0,0,0,0,0,15120000000,1000000,KNX,ME005
050090,KR7050090000,비케이홀딩스,KOSDAQ,관리종목(소속부없음),640,1,32,5.26,608,640,545,235023,138891156,15062230400,23534735,KSQ,ME005
0044K0,KR70044K0008,삼성스팩10호,KOSDAQ,SPAC(소속부없음),1993,3,0,0.0,1998,1998,1978,358,711486,14987360000,7520000,KSQ,ME005
002025,KR7002021004,코오롱우,KOSPI,,12790,3,0,0.0,12690,12830,12690,274,3502690,14841989230,1160437,STK,ME005
473050,KR7473050003,유안타제15호스팩,KOSDAQ,관리종목(소속부없음),2110,1,5,0.24,2105,2110,2105,53830,113471540,14791100000,7010000,KSQ,ME005
065650,KR7065650004,하이퍼코퍼레이션,KOSDAQ,중견기업부,1351,2,-44,-3.15,1401,1409,1326,12815,17512331,14788028437,10945987,KSQ,ME005
004105,KR7004101002,태양금속우,KOSPI,,4470,1,320,7.71,4130,4525,4085,133444,588215060,14751000000,3300000,STK,ME005
225590,KR7225590009,패션플랫폼,KOSDAQ,관리종목(소속부없음),2870,2,-105,-3.53,2925,2960,2835,23482,67631675,14698349120,5121376,KSQ,ME005
475460,KR7475460002,미트박스,KOSDAQ,벤처기업부,2595,2,-25,-0.95,2625,2625,2580,5439,14139930,14652732375,5646525,KSQ,ME005
0115H0,KR70115H0007,삼성스팩13호,KOSDAQ,SPAC(소속부없음),1981,1,2,0.1,1996,1996,1970,608,1210395,14560350000,7350000,KSQ,ME005
489480,KR7489480004,키움제11호스팩,KOSDAQ,SPAC(소속부없음),2200,3,0,0.0,0,0,0,0,0,14520000000,6600000,KSQ,ME005
478440,KR7478440001,미래에셋비전스팩6호,KOSDAQ,SPAC(소속부없음),2065,2,-5,-0.24,2070,2070,2055,840,1728220,14310450000,6930000,KSQ,ME005
479880,KR7479880007,한국제15호스팩,KOSDAQ,SPAC(소속부없음),2080,1,10,0.48,2075,2080,2070,1180,2442970,14289600000,6870000,KSQ,ME005
101000,KR7101000008,KS인더스트리,KOSDAQ,관리종목(소속부없음),1432,2,-11,-0.76,1450,1515,1331,95178,134012214,14191817384,9910487,KSQ,ME005
208850,KR7208850008,이비테크,KONEX,일반기업부,4995,1,275,5.83,4995,4995,4995,10,49950,14087148750,2820250,KNX,ME005
335870,KR7335870002,윙스풋,KOSDAQ,중견기업부,4200,2,-30,-0.71,4430,4430,4145,3301,13946907,14070394800,3350094,KSQ,ME005
0165X0,KR70165X0006,메리츠제2호스팩,KOSDAQ,SPAC(소속부없음),1940,1,4,0.21,1927,1941,1927,7763,15047138,14045600000,7240000,KSQ,ME005
0099W0,KR70099W0008,미래에셋비전스팩11호,KOSDAQ,SPAC(소속부없음),1980,1,2,0.1,1978,1980,1978,10,19790,13860000000,7000000,KSQ,ME005
000087,KR7000082008,하이트진로2우B,KOSPI,,12230,2,-60,-0.49,12080,12250,12080,992,12098610,13821587740,1130138,STK,ME005
239340,KR7239340003,이스트에이드,KOSDAQ,관리종목(소속부없음),2550,3,0,0.0,2480,2655,2455,3102,7825075,13759611300,5395926,KSQ,ME005
0209J0,KR70209J0002,KB제34호스팩,KOSDAQ,SPAC(소속부없음),1898,1,11,0.58,1885,1900,1884,275207,520915747,13684580000,7210000,KSQ,ME005
001795,KR7001791003,대한제당우,KOSPI,,2110,1,5,0.24,2150,2150,2095,2418,5093565,13678623600,6482760,STK,ME005
304840,KR7304840002,피플바이오,KOSDAQ,벤처기업부,561,3,0,0.0,0,0,0,0,0,13643890260,24320660,KSQ,ME005
352770,KR7352770002,셀레스트라,KOSDAQ,관리종목(소속부없음),5250,3,0,0.0,0,0,0,0,0,13610136750,2592407,KSQ,ME005
306040,KR7306040007,에스제이그룹,KOSDAQ,관리종목(소속부없음),1464,2,-35,-2.33,1500,1519,1463,4241,6321134,13596232416,9287044,KSQ,ME005
035620,KR7035620004,바른손이앤에이,KOSDAQ,관리종목(소속부없음),723,2,-14,-1.9,700,762,700,43220,31137107,13454970714,18609918,KSQ,ME005
177350,KR7177350006,베셀,KOSDAQ,투자주의환기종목(소속부없음),1356,2,-1,-0.07,1391,1421,1323,87790,120839581,13445893956,9915851,KSQ,ME005
244460,KR7244460002,올리패스,KOSDAQ,관리종목(소속부없음),1651,3,0,0.0,0,0,0,0,0,13415218661,8125511,KSQ,ME005
0134X0,KR70134X0004,대신밸런스제20호스팩,KOSDAQ,SPAC(소속부없음),1982,1,13,0.66,1975,1984,1965,10003,19806348,13358680000,6740000,KSQ,ME005
092600,KR7092600006,앤씨앤,KOSDAQ,관리종목(소속부없음),2660,1,10,0.38,2710,2965,2605,79843,218812870,13344429980,5016703,KSQ,ME005
498390,KR7498390004,한화플러스제5호스팩,KOSDAQ,SPAC(소속부없음),2680,1,55,2.1,2625,2785,2575,103725,279108504,13292800000,4960000,KSQ,ME005
456190,KR7456190008,큐라켐,KONEX,일반기업부,7210,3,0,0.0,0,0,0,0,0,13225202060,1834286,KNX,ME005
481890,KR7481890002,엔에이치스팩31호,KOSDAQ,SPAC(소속부없음),2075,1,5,0.24,2075,2075,2065,207,427595,13165875000,6345000,KSQ,ME005
0099X0,KR70099X0007,IBKS제25호스팩,KOSDAQ,SPAC(소속부없음),2200,1,20,0.92,2200,2235,2145,34364,75476200,13156000000,5980000,KSQ,ME005
0164H0,KR70164H0007,한국제16호스팩,KOSDAQ,SPAC(소속부없음),1949,1,6,0.31,1940,1954,1940,14817,28907682,13155750000,6750000,KSQ,ME005
354200,KR7354200008,엔젠바이오,KOSDAQ,기술성장기업부,816,2,-24,-2.86,839,880,760,260778,214142240,13126651728,16086583,KSQ,ME005
00806K,KR700806K010,대덕1우,KOSPI,,10790,1,180,1.7,10650,10890,10590,2105,22459560,13081332030,1212357,STK,ME005
351020,KR7351020003,미쥬,KONEX,일반기업부,6300,2,-1070,-14.52,7160,7160,6300,150,1065400,13072500000,2075000,KNX,ME005
0096B0,KR70096B0006,삼성스팩12호,KOSDAQ,SPAC(소속부없음),1981,2,-5,-0.25,1986,1987,1963,621,1231447,13034980000,6580000,KSQ,ME005
45226K,KR745226K018,한화갤러리아우,KOSPI,,4485,2,-115,-2.5,4600,4600,4485,3279,14850440,13026547950,2904470,STK,ME005
469480,KR7469480008,IBKS제24호스팩,KOSDAQ,SPAC(소속부없음),3070,2,-30,-0.97,3095,3145,3020,120511,370759944,12986100000,4230000,KSQ,ME005
489730,KR7489730002,디비금융제13호스팩,KOSDAQ,SPAC(소속부없음),2040,2,-5,-0.24,2035,2040,2030,18468,37581223,12917280000,6332000,KSQ,ME005
0097F0,KR70097F0001,미래에셋비전스팩10호,KOSDAQ,SPAC(소속부없음),1986,2,-1,-0.05,1993,1993,1985,52,103350,12909000000,6500000,KSQ,ME005
478390,KR7478390008,KB제29호스팩,KOSDAQ,SPAC(소속부없음),2065,2,-5,-0.24,2070,2075,2065,100,207165,12844300000,6220000,KSQ,ME005
086220,KR7086220001,광동헬스바이오,KONEX,일반기업부,1010,2,-88,-8.01,934,1010,934,1361,1271250,12814743650,12687865,KNX,ME005
084695,KR7084691005,대상홀딩스우,KOSPI,,14000,1,190,1.38,13890,14090,13890,2518,35445850,12788748000,913482,STK,ME005
054180,KR7054180005,메디콕스,KOSDAQ,관리종목(소속부없음),2295,3,0,0.0,0,0,0,0,0,12686716395,5527981,KSQ,ME005
0093G0,KR70093G0004,미래에셋비전스팩8호,KOSDAQ,SPAC(소속부없음),1978,1,16,0.82,1981,1981,1978,8,15829,12659200000,6400000,KSQ,ME005
492220,KR7492220009,KB제31호스팩,KOSDAQ,SPAC(소속부없음),2035,3,0,0.0,2040,2040,2020,2335,4747990,12637350000,6210000,KSQ,ME005
060480,KR7060480001,국일신동,KOSDAQ,관리종목(소속부없음),1138,2,-112,-8.96,1250,1329,1082,117880,137404321,12620420000,11090000,KSQ,ME005
0037T0,KR70037T0008,KB제32호스팩,KOSDAQ,SPAC(소속부없음),1991,2,-2,-0.1,2000,2000,1991,101,201307,12603030000,6330000,KSQ,ME005
482520,KR7482520004,교보16호스팩,KOSDAQ,SPAC(소속부없음),2065,3,0,0.0,0,0,0,0,0,12596500000,6100000,KSQ,ME005
028080,KR7028080000,휴맥스홀딩스,KOSDAQ,관리종목(소속부없음),5170,3,0,0.0,0,0,0,0,0,12547900200,2427060,KSQ,ME005
024890,KR7024890006,대원화성,KOSPI,,1512,2,-143,-8.64,1737,1737,1498,62102,98592402,12473742960,8249830,STK,ME005
0054V0,KR70054V0002,엔에이치스팩32호,KOSDAQ,SPAC(소속부없음),2000,2,-5,-0.25,2005,2005,1995,71,142010,12433000000,6216500,KSQ,ME005
0131D0,KR70131D0001,키움히어로제2호스팩,KOSDAQ,SPAC(소속부없음),1965,1,7,0.36,1978,1978,1955,1124,2203848,12399150000,6310000,KSQ,ME005
176590,KR7176590008,코나솔,KONEX,일반기업부,2120,2,-65,-2.97,2295,2295,2005,1008,2078150,12373131960,5836383,KNX,ME005
0091W0,KR70091W0006,신영스팩11호,KOSDAQ,SPAC(소속부없음),2030,1,5,0.25,2025,2030,2025,1538,3121390,12318040000,6068000,KSQ,ME005
065570,KR7065570004,삼영이엔씨,KOSDAQ,관리종목(소속부없음),764,3,0,0.0,0,0,0,0,0,12295692232,16093838,KSQ,ME005
145995,KR7145991006,삼양사우,KOSPI,,32750,2,-50,-0.15,32800,32800,32750,3,98350,12119792500,370070,STK,ME005
477760,KR7477760003,DB금융스팩12호,KOSDAQ,SPAC(소속부없음),2070,2,-5,-0.24,2070,2070,2070,81,167670,12088800000,5840000,KSQ,ME005
0041L0,KR70041L0000,하나35호스팩,KOSDAQ,SPAC(소속부없음),1999,3,0,0.0,1999,1999,1981,5968,11899126,12053970000,6030000,KSQ,ME005
0088D0,KR70088D0004,메리츠제1호스팩,KOSDAQ,SPAC(소속부없음),2075,2,-5,-0.24,2075,2075,2075,4,8300,12024625000,5795000,KSQ,ME005
0132G0,KR70132G0007,교보20호스팩,KOSDAQ,SPAC(소속부없음),1989,2,-1,-0.05,1991,1991,1981,11930,23648835,11874330000,5970000,KSQ,ME005
060900,KR7060900008,에이전트AI,KOSDAQ,중견기업부,1809,2,-396,-17.96,1820,1844,1752,155659,281924179,11837708874,6543786,KSQ,ME005
469900,KR7469900005,하나31호스팩,KOSDAQ,관리종목(소속부없음),2100,3,0,0.0,2100,2100,2100,59422,124786200,11770500000,5605000,KSQ,ME005
418620,KR7418620001,E8,KOSDAQ,관리종목(소속부없음),454,2,-126,-21.72,470,499,436,2069032,971449348,11715751480,25805620,KSQ,ME005
482690,KR7482690005,대신밸런스제19호스팩,KOSDAQ,SPAC(소속부없음),2085,1,10,0.48,2075,2085,2065,13922,28949785,11707275000,5615000,KSQ,ME005
377220,KR7377220009,프롬바이오,KOSDAQ,관리종목(소속부없음),2045,2,-55,-2.62,2055,2130,2005,14624,29773905,11578790000,5662000,KSQ,ME005
00781K,KR700781K015,코리아써키트2우B,KOSPI,,14770,1,80,0.54,14680,14850,14670,228,3350440,11575234230,783699,STK,ME005
015260,KR7015260003,에이엔피,KOSPI,,245,2,-5,-2.0,249,252,244,166906,41185847,11543639030,47116894,STK,ME005
474660,KR7474660008,신한제12호스팩,KOSDAQ,SPAC(소속부없음),2085,3,0,0.0,2085,2090,2085,22313,46522720,11509200000,5520000,KSQ,ME005
002820,KR7002820009,SUN&L,KOSPI,,954,2,-122,-11.34,1129,1129,908,217936,206231580,11508296616,12063204,STK,ME005
474490,KR7474490000,유안타제16호스팩,KOSDAQ,SPAC(소속부없음),2085,3,0,0.0,2080,2085,2080,311,648384,11488350000,5510000,KSQ,ME005
0071M0,KR70071M0002,삼성스팩11호,KOSDAQ,SPAC(소속부없음),1990,2,-1,-0.05,1990,1992,1987,367,729760,11462400000,5760000,KSQ,ME005
233990,KR7233990001,질경이,KONEX,일반기업부,710,1,60,9.23,744,744,710,13,9638,11451259140,16128534,KNX,ME005
487360,KR7487360000,신한제14호스팩,KOSDAQ,SPAC(소속부없음),2030,2,-5,-0.25,2030,2030,2025,6050,12281450,11449200000,5640000,KSQ,ME005
477470,KR7477470009,미래에셋비전스팩5호,KOSDAQ,SPAC(소속부없음),2070,3,0,0.0,2070,2070,2065,2530,5237030,11343600000,5480000,KSQ,ME005
0105P0,KR70105P0009,유진스팩12호,KOSDAQ,SPAC(소속부없음),1993,3,0,0.0,1993,1997,1993,386,769871,11280380000,5660000,KSQ,ME005
496070,KR7496070004,신한제16호스팩,KOSDAQ,SPAC(소속부없음),2005,1,5,0.25,2005,2005,2005,527,1056635,11268100000,5620000,KSQ,ME005
0129K0,KR70129K0006,신한제18호스팩,KOSDAQ,SPAC(소속부없음),1977,2,-1,-0.05,1982,1982,1972,240,475362,11110740000,5620000,KSQ,ME005
38380K,KR738380K012,LX홀딩스1우,KOSPI,,7490,2,-40,-0.53,7780,7780,7460,31,232310,10974984650,1465285,STK,ME005
217880,KR7217880004,틸론,KONEX,일반기업부,1019,1,13,1.29,1085,1085,956,76,82136,10931108510,10727290,KNX,ME005
0096D0,KR70096D0004,미래에셋비전스팩9호,KOSDAQ,SPAC(소속부없음),1986,2,-5,-0.25,1988,1988,1985,5,9931,10923000000,5500000,KSQ,ME005
486630,KR7486630007,KB제30호스팩,KOSDAQ,SPAC(소속부없음),2050,2,-5,-0.24,2055,2055,2045,5616,11540820,10885500000,5310000,KSQ,ME005
208640,KR7208640003,썸에이지,KOSDAQ,관리종목(소속부없음),779,2,-37,-4.53,798,798,731,159010,121478593,10846815475,13924025,KSQ,ME005
0098T0,KR70098T0004,교보19호스팩,KOSDAQ,SPAC(소속부없음),2000,3,0,0.0,2000,2000,2000,418,836000,10800000000,5400000,KSQ,ME005
060260,KR7060260007,뉴보텍,KOSDAQ,관리종목(소속부없음),806,2,-29,-3.47,835,838,800,14143,11435340,10753938936,13342356,KSQ,ME005
493790,KR7493790000,유안타제17호스팩,KOSDAQ,SPAC(소속부없음),2020,2,-5,-0.25,2020,2020,2015,9099,18379735,10726200000,5310000,KSQ,ME005
489210,KR7489210005,교보17호스팩,KOSDAQ,SPAC(소속부없음),2055,1,5,0.24,2050,2055,2045,12621,25935565,10644900000,5180000,KSQ,ME005
0004Y0,KR70004Y0000,디비금융제14호스팩,KOSDAQ,SPAC(소속부없음),2000,1,3,0.15,1997,2005,1997,1235,2472206,10630000000,5315000,KSQ,ME005
149010,KR7149010001,아이케이세미콘,KONEX,일반기업부,3400,3,0,0.0,0,0,0,0,0,10608000000,3120000,KNX,ME005
289010,KR7289010001,아이스크림에듀,KOSDAQ,관리종목(소속부없음),757,2,-47,-5.85,804,806,750,40828,31421289,10556558792,13945256,KSQ,ME005
001067,KR7001062009,JW중외제약2우B,KOSPI,,50100,1,250,0.5,51400,51400,50100,7,357200,10519647300,209973,STK,ME005
217320,KR7217320001,썬테크,KONEX,일반기업부,10000,3,0,0.0,0,0,0,0,0,10500000000,1050000,KNX,ME005
0130D0,KR70130D0002,신한제17호스팩,KOSDAQ,SPAC(소속부없음),1960,1,4,0.2,1970,1973,1960,32,63070,10466400000,5340000,KSQ,ME005
043100,KR7043100007,알파AI,KOSDAQ,관리종목(소속부없음),520,3,0,0.0,0,0,0,0,0,10457241600,20110080,KSQ,ME005
478110,KR7478110000,이베스트스팩6호,KOSDAQ,SPAC(소속부없음),2060,1,5,0.24,2040,2060,2030,2636,5423110,10341200000,5020000,KSQ,ME005
114920,KR7114920002,대주이엔티,KONEX,일반기업부,2950,1,115,4.06,2950,2950,2950,1,2950,10235025000,3469500,KNX,ME005
466690,KR7466690005,키움히어로제1호스팩,KOSDAQ,SPAC(소속부없음),2000,3,0,0.0,2005,2005,1970,61,121665,10190000000,5095000,KSQ,ME005
305090,KR7305090003,마이크로디지탈,KOSDAQ,투자주의환기종목(소속부없음),538,3,0,0.0,0,0,0,0,0,10166241142,18896359,KSQ,ME005
0041B0,KR70041B0002,교보18호스팩,KOSDAQ,SPAC(소속부없음),2015,1,5,0.25,2010,2015,2010,2423,4882180,10155600000,5040000,KSQ,ME005
131760,KR7131760001,파인텍,KOSDAQ,관리종목(소속부없음),1167,1,12,1.04,1145,1208,1145,56800,66626936,10136930772,8686316,KSQ,ME005
142760,KR7142760008,모아라이프플러스,KOSDAQ,관리종목(소속부없음),478,2,-7,-1.44,487,495,474,38218,18400018,10077908220,21083490,KSQ,ME005
189350,KR7189350002,코셋,KONEX,일반기업부,2080,3,0,0.0,2080,2080,2080,6,12480,9984000000,4800000,KNX,ME005
006050,KR7006050009,국영지앤엠,KOSDAQ,관리종목(소속부없음),2850,2,-215,-7.01,2995,3095,2700,32254,94046029,9945143400,3489524,KSQ,ME005
238500,KR7238500003,솔루믹스,KONEX,일반기업부,475,3,0,0.0,0,0,0,0,0,9883469400,20807304,KNX,ME005
004255,KR7004251005,NPC우,KOSPI,,1870,2,-30,-1.58,1900,1908,1845,18904,35446728,9873600000,5280000,STK,ME005
103230,KR7103230009,에스앤더블류,KOSDAQ,관리종목(소속부없음),1365,2,-381,-21.82,1550,1689,1287,469824,646440049,9828000000,7200000,KSQ,ME005
224760,KR7224760009,엔에스컴퍼니,KONEX,일반기업부,2480,3,0,0.0,0,0,0,0,0,9770456000,3939700,KNX,ME005
216400,KR7216400002,인바이츠바이오코아,KONEX,일반기업부,1250,2,-127,-9.22,1395,1395,1171,449,542448,9639143750,7711315,KNX,ME005
488060,KR7488060005,유진스팩11호,KOSDAQ,SPAC(소속부없음),2035,2,-5,-0.25,2040,2045,2035,6869,14040990,9605200000,4720000,KSQ,ME005
019685,KR7019681006,대교우B,KOSPI,,987,1,17,1.75,956,1047,956,7229,7140087,9587219565,9713495,STK,ME005
289170,KR7289170003,바이오텐,KONEX,일반기업부,2670,3,0,0.0,2670,2670,2670,1,2670,9549759630,3576689,KNX,ME005
106080,KR7106080005,케이이엠텍,KOSDAQ,관리종목(소속부없음),1650,3,0,0.0,0,0,0,0,0,9506998050,5761817,KSQ,ME005
145210,KR7145210001,다이나믹디자인,KOSPI,,2240,3,0,0.0,0,0,0,0,0,9461011840,4223666,STK,ME005
276240,KR7276240009,엘리비젼,KONEX,일반기업부,748,1,96,14.72,748,748,748,10,7480,9210227224,12313138,KNX,ME005
484130,KR7484130000,하나34호스팩,KOSDAQ,SPAC(소속부없음),2035,1,10,0.49,2040,2040,2030,3772,7675870,9198200000,4520000,KSQ,ME005
003075,KR7003071008,코오롱글로벌우,KOSPI,,12400,2,-730,-5.56,12380,13000,12270,2811,35044480,9185138800,740737,STK,ME005
303030,KR7303030001,지니틱스,KOSDAQ,관리종목(소속부없음),999,2,-300,-23.09,1299,1299,918,260374,274471926,9148318524,9157476,KSQ,ME005
001755,KR7001751007,한양증권우,KOSPI,,19340,1,40,0.21,19300,19340,19300,10,193040,9145305800,472870,STK,ME005
473950,KR7473950004,에스케이증권제13호스팩,KOSDAQ,SPAC(소속부없음),2055,3,0,0.0,2055,2060,2055,8421,17322690,9083100000,4420000,KSQ,ME005
244880,KR7244880001,나눔테크,KONEX,일반기업부,1800,1,25,1.41,1800,1800,1800,1,1800,9036000000,5020000,KNX,ME005
103660,KR7103660007,씨앗,KONEX,일반기업부,1490,3,0,0.0,1490,1490,1490,1,1490,8966031790,6017471,KNX,ME005
487830,KR7487830002,신한제15호스팩,KOSDAQ,SPAC(소속부없음),2040,1,5,0.25,2035,2040,2030,3937,8008700,8874000000,4350000,KSQ,ME005
318660,KR7318660008,타임기술,KONEX,일반기업부,4100,1,150,3.8,4120,4120,4100,42,172640,8823614100,2152101,KNX,ME005
468760,KR7468760004,유진스팩10호,KOSDAQ,SPAC(소속부없음),2080,3,0,0.0,0,0,0,0,0,8819200000,4240000,KSQ,ME005
472230,KR7472230002,에스케이증권제11호스팩,KOSDAQ,관리종목(소속부없음),2105,3,0,0.0,2105,2105,2105,1197,2519685,8746275000,4155000,KSQ,ME005
487720,KR7487720005,키움제10호스팩,KOSDAQ,SPAC(소속부없음),2055,1,5,0.24,2050,2055,2050,338,692905,8692650000,4230000,KSQ,ME005
302920,KR7302920004,더콘텐츠온,KONEX,일반기업부,1900,2,-100,-5.0,1900,1900,1900,1,1900,8649482100,4552359,KNX,ME005
065770,KR7065770000,CS,KOSDAQ,관리종목(소속부없음),822,2,-32,-3.75,915,915,761,45352,37271593,8643382608,10515064,KSQ,ME005
233250,KR7233250000,메디안디노스틱,KONEX,일반기업부,4900,3,0,0.0,0,0,0,0,0,8558016600,1746534,KNX,ME005
0068Y0,KR70068Y0003,비엔케이제3호스팩,KOSDAQ,SPAC(소속부없음),1985,3,0,0.0,1990,1990,1973,3522,6988238,8555350000,4310000,KSQ,ME005
185190,KR7185190006,수프로,KONEX,일반기업부,925,2,-163,-14.98,925,925,925,12,11100,8545728125,9238625,KNX,ME005
33637L,KR733637K028,솔루스첨단소재2우B,KOSPI,,2250,2,-10,-0.44,2225,2260,2195,440,975335,8500257000,3777892,STK,ME005
251280,KR7251280004,안지오랩,KONEX,일반기업부,2400,2,-200,-7.69,2585,2600,2400,654,1626800,8380488000,3491870,KNX,ME005
012340,KR7012340006,뉴인텍,KOSDAQ,관리종목(소속부없음),380,2,-24,-5.94,408,409,350,347580,130358017,8377021340,22044793,KSQ,ME005
0041J0,KR70041J0004,엘에스스팩1호,KOSDAQ,SPAC(소속부없음),1997,1,1,0.05,1996,1998,1996,1005,2007563,8207670000,4110000,KSQ,ME005
000225,KR7000221002,유유제약1우,KOSPI,,3580,2,-15,-0.42,3595,3630,3580,555,1992780,8115609400,2266930,STK,ME005
001000,KR7001000009,신라섬유,KOSDAQ,관리종목(소속부없음),1671,1,32,1.95,1678,1678,1619,3523,5821053,8113553868,4855508,KSQ,ME005
03481K,KR703481K019,해성산업1우,KOSDAQ,중견기업부,5870,3,0,0.0,5850,5870,5800,132,768390,8085649110,1377453,KSQ,ME005
087260,KR7087260006,모바일어플라이언스,KOSDAQ,관리종목(소속부없음),247,3,0,0.0,0,0,0,0,0,8040556667,32552861,KSQ,ME005
288980,KR7288980006,모아데이타,KOSDAQ,관리종목(소속부없음),221,1,20,9.95,208,246,200,3704520,844894726,8040284759,36381379,KSQ,ME005
240600,KR7240600007,유진테크놀로지,KOSDAQ,관리종목(소속부없음),967,1,30,3.2,999,999,939,36784,36020761,8025529470,8299410,KSQ,ME005
001515,KR7001511005,SK증권우,KOSPI,,3990,2,-5,-0.13,3865,3990,3865,2182,8524110,7805465430,1956257,STK,ME005
475250,KR7475250007,하나33호스팩,KOSDAQ,SPAC(소속부없음),2090,2,-5,-0.24,2080,2090,2080,687,1432090,7733000000,3700000,KSQ,ME005
079970,KR7079970000,투비소프트,KOSDAQ,관리종목(소속부없음),596,3,0,0.0,0,0,0,0,0,7646223464,12829234,KSQ,ME005
474930,KR7474930005,신한제13호스팩,KOSDAQ,SPAC(소속부없음),2102,1,12,0.57,2090,2102,2090,12631,26470962,7609240000,3620000,KSQ,ME005
001065,KR7001061001,JW중외제약우,KOSPI,,22150,2,-50,-0.23,22200,22200,22150,3,66550,7574214650,341951,STK,ME005
178600,KR7178600003,대동고려삼,KONEX,일반기업부,1699,2,-299,-14.96,1699,1699,1699,1,1699,7559870400,4449600,KNX,ME005
212310,KR7212310007,오건에코텍,KONEX,일반기업부,635,3,0,0.0,0,0,0,0,0,7514663025,11834115,KNX,ME005
299480,KR7299480004,지앤이헬스케어,KONEX,일반기업부,668,1,78,13.22,668,668,668,1,668,7415296324,11100743,KNX,ME005
065420,KR7065420002,에스아이리소스,KOSDAQ,중견기업부,940,3,0,0.0,0,0,0,0,0,7283384140,7748281,KSQ,ME005
067770,KR7067770008,세진티에스,KOSDAQ,관리종목(소속부없음),856,2,-52,-5.73,908,908,856,94179,82932981,7187483608,8396593,KSQ,ME005
199150,KR7199150004,데이터스트림즈,KONEX,일반기업부,1675,2,-24,-1.41,1698,1698,1675,11,18448,7149926775,4268613,KNX,ME005
276040,KR7276040003,스코넥,KOSDAQ,관리종목(소속부없음),327,3,0,0.0,0,0,0,0,0,7073119545,21630335,KSQ,ME005
473000,KR7473000008,에스케이증권제12호스팩,KOSDAQ,SPAC(소속부없음),2077,1,2,0.1,2075,2080,2075,312,647438,6874870000,3310000,KSQ,ME005
066830,KR7066830001,제노텍,KONEX,일반기업부,1200,3,0,0.0,0,0,0,0,0,6800616000,5667180,KNX,ME005
475240,KR7475240008,하나32호스팩,KOSDAQ,관리종목(소속부없음),2095,1,5,0.24,2095,2095,2095,77,161315,6704000000,3200000,KSQ,ME005
253610,KR7253610000,루트락,KONEX,일반기업부,650,1,21,3.34,650,650,650,1,650,6667746150,10258071,KNX,ME005
004985,KR7004981007,성신양회우,KOSPI,,9030,1,50,0.56,9190,9190,8900,648,5770980,6642874350,735645,STK,ME005
390110,KR7390110005,애니메디솔루션,KONEX,일반기업부,685,1,87,14.55,686,686,509,2315,1411265,6642477195,9697047,KNX,ME005
308100,KR7308100007,형지글로벌,KOSDAQ,관리종목(소속부없음),257,3,0,0.0,257,273,254,244621,63935293,6635739486,25819998,KSQ,ME005
000325,KR7000321000,노루홀딩스우,KOSPI,,27050,1,50,0.19,27100,27100,27050,21,569050,6588270950,243559,STK,ME005
234070,KR7234070001,에이원큐브텍,KONEX,일반기업부,925,1,1,0.11,925,925,925,1,925,6438650275,6960703,KNX,ME005
236340,KR7236340006,메디젠휴먼케어,KONEX,일반기업부,2100,1,5,0.24,2100,2100,2100,1,2100,6330758700,3014647,KNX,ME005
004835,KR7004831004,덕성우,KOSPI,,4400,2,-40,-0.9,4490,4490,4230,8263,36036330,6124800000,1392000,STK,ME005
044380,KR7044380004,주연테크,KOSPI,,436,3,0,0.0,0,0,0,0,0,6058793776,13896316,STK,ME005
012205,KR7012201000,계양전기우,KOSPI,,5060,1,160,3.27,4995,5080,4995,2007,10099235,5915539740,1169079,STK,ME005
202960,KR7202960001,판도라티비,KONEX,일반기업부,496,2,-87,-14.92,599,599,496,707,351789,5910128672,11915582,KNX,ME005
199290,KR7199290008,바이오프로테크,KONEX,일반기업부,340,2,-60,-15.0,340,340,340,2996,1018640,5788565280,17025192,KNX,ME005
900100,USU652221081,파이온엑스,KOSDAQ,관리종목(소속부없음),1096,3,0,0.0,0,0,0,0,0,5782550800,5276050,KSQ,ME005
267080,KR7267080000,세븐브로이맥주,KONEX,일반기업부,486,3,0,0.0,0,0,0,0,0,5769504288,11871408,KNX,ME005
291810,KR7291810000,핀텔,KOSDAQ,관리종목(소속부없음),409,3,0,0.0,0,0,0,0,0,5736605370,14025930,KSQ,ME005
26490K,KR726490K013,크라운제과우,KOSPI,,7300,2,-110,-1.48,7410,7410,7300,307,2241910,5646988000,773560,STK,ME005
447690,KR7447690009,아이오바이오,KONEX,일반기업부,2000,2,-180,-8.26,2500,2500,1987,1568,3124428,5545512000,2772756,KNX,ME005
044180,KR7044180008,KD,KOSDAQ,관리종목(소속부없음),205,3,0,0.0,0,0,0,0,0,5477148795,26717799,KSQ,ME005
090355,KR7090351008,노루페인트우,KOSPI,,11750,2,-20,-0.17,11750,11750,11750,10,117500,5441730500,463126,STK,ME005
136660,KR7136660008,큐엠씨,KONEX,일반기업부,2300,1,5,0.22,2100,2450,2100,546,1155950,5430185000,2360950,KNX,ME005
224810,KR7224810002,엄지하우스,KONEX,일반기업부,1249,1,160,14.69,1249,1249,926,99,92643,5245800000,4200000,KNX,ME005
313760,KR7313760001,캐리,KOSDAQ,관리종목(소속부없음),468,3,0,0.0,0,0,0,0,0,5244963048,11207186,KSQ,ME005
311960,KR7311960009,인터로이드,KONEX,일반기업부,1698,1,19,1.13,1500,1698,1500,2,3198,5200403472,3062664,KNX,ME005
266350,KR7266350008,팡스카이,KONEX,일반기업부,398,3,0,0.0,0,0,0,0,0,5026568860,12629570,KNX,ME005
258050,KR7258050004,테크트랜스,KONEX,일반기업부,449,3,0,0.0,0,0,0,0,0,5004531101,11145949,KNX,ME005
346010,KR7346010002,타이드,KONEX,일반기업부,1000,3,0,0.0,0,0,0,0,0,4860062000,4860062,KNX,ME005
121060,KR7121060008,유니포인트,KONEX,일반기업부,909,1,103,12.78,909,909,909,1,909,4721148747,5193783,KNX,ME005
092590,KR7092590009,럭스피아,KONEX,일반기업부,630,1,1,0.16,630,630,630,1,630,4593391740,7291098,KNX,ME005
001770,KR7001770007,SHD,KOSPI,,3770,2,-505,-11.81,4200,4200,3600,154238,600117490,4580090060,1214878,STK,ME005
052770,KR7052770005,아이톡시,KOSDAQ,관리종목(소속부없음),312,3,0,0.0,0,0,0,0,0,4545457488,14568774,KSQ,ME005
225430,KR7225430008,케이엠제약,KOSDAQ,관리종목(소속부없음),698,3,0,0.0,0,0,0,0,0,4527001150,6485675,KSQ,ME005
116100,KR7116100009,태양기계,KONEX,일반기업부,600,1,60,11.11,600,610,600,2083,1259800,4463991600,7439986,KNX,ME005
000545,KR7000541003,흥국화재우,KOSPI,,5580,1,100,1.82,5530,5590,5530,62,345730,4285440000,768000,STK,ME005
000145,KR7000141002,하이트진로홀딩스우,KOSPI,,9100,2,-10,-0.11,9100,9100,9100,22,200200,4284371000,470810,STK,ME005
002995,KR7002991008,금호건설우,KOSPI,,14630,2,-370,-2.47,14620,14670,14310,8633,125089530,4275851580,292266,STK,ME005
025870,KR7025870007,신라에스지,KOSDAQ,관리종목(소속부없음),1059,3,0,0.0,0,0,0,0,0,4236000000,4000000,KSQ,ME005
402420,KR7402420004,켈스,KONEX,일반기업부,1800,1,100,5.88,1800,1800,1445,32,49050,4227773400,2348763,KNX,ME005
217910,KR7217910009,에스제이켐,KONEX,일반기업부,290,1,26,9.85,290,290,290,1,290,4057251380,13990522,KNX,ME005
009415,KR7009411000,태영건설우,KOSPI,,6170,1,60,0.98,6170,6250,6170,755,4692670,4010339580,649974,STK,ME005
215570,KR7215570003,크로넥스,KONEX,일반기업부,600,1,1,0.17,600,600,600,1,600,3996090600,6660151,KNX,ME005
005965,KR7005961008,동부건설우,KOSPI,,17240,3,0,0.0,17280,17280,17240,6,103480,3891619680,225732,STK,ME005
005030,KR7005030002,부산주공,KOSPI,,41,2,-3,-6.82,50,51,41,10073486,481406262,3804102508,92782988,STK,ME005
296520,KR7296520000,가이아코퍼레이션,KONEX,일반기업부,801,3,0,0.0,0,0,0,0,0,3738273408,4667008,KNX,ME005
236030,KR7236030003,씨알푸드,KONEX,일반기업부,1828,2,-55,-2.92,2165,2165,1828,530,1097500,3716930896,2033332,KNX,ME005
332190,KR7332190008,오션스바이오,KONEX,일반기업부,2515,3,0,0.0,2515,2515,2515,100,251500,3716765085,1477839,KNX,ME005
208890,KR7208890004,미래엔에듀파트너,KONEX,일반기업부,900,3,0,0.0,0,0,0,0,0,3604968000,4005520,KNX,ME005
007575,KR7007571003,일양약품우,KOSPI,,8030,1,80,1.01,7950,8050,7760,50,395960,3573992400,445080,STK,ME005
014825,KR7014821003,동원시스템즈우,KOSPI,,13500,1,410,3.13,13300,13500,13300,6,80800,3565498500,264111,STK,ME005
014285,KR7014281000,금강공업우,KOSPI,,5830,1,160,2.82,5800,5850,5590,537,3046970,3438971250,589875,STK,ME005
36328K,KR736328K013,티와이홀딩스우,KOSPI,,2850,2,-50,-1.72,2895,2895,2700,947,2639745,3348604650,1174949,STK,ME005
245450,KR7245450002,씨앤에스링크,KONEX,일반기업부,1995,2,-4,-0.2,1995,1995,1995,1,1995,3152020200,1579960,KNX,ME005
250930,KR7250930005,예선테크,KOSDAQ,관리종목(소속부없음),467,2,-12,-2.51,499,591,454,287907,155404375,3082241096,6600088,KSQ,ME005
005745,KR7005741004,크라운해태홀딩스우,KOSPI,,5100,2,-100,-1.92,5200,5200,5100,726,3703020,3063702600,600726,STK,ME005
014915,KR7014911002,성문전자우,KOSPI,,4910,1,100,2.08,4910,4910,4910,1,4910,2946000000,600000,STK,ME005
093510,KR7093510006,엔지브이아이,KONEX,일반기업부,485,2,-1,-0.21,485,485,485,60,29100,2919700000,6020000,KNX,ME005
199730,KR7199730003,바이오인프라,KOSDAQ,관리종목(소속부없음),598,2,-80,-11.8,650,699,593,77187,48486098,2908891466,4864367,KSQ,ME005
058450,KR7058450008,한주에이알티,KOSDAQ,관리종목(소속부없음),534,2,-25,-4.47,559,559,524,10838,5898631,2882517048,5397972,KSQ,ME005
413300,KR7413300005,티엘엔지니어링,KONEX,일반기업부,2015,2,-355,-14.98,2015,2015,2015,200,403000,2723302725,1351515,KNX,ME005
266470,KR7266470004,바이오인프라생명과학,KONEX,일반기업부,97,1,1,1.04,105,105,96,4314,419098,2703003843,27866019,KNX,ME005
011080,KR7011080009,형지I&C,KOSDAQ,관리종목(소속부없음),369,1,7,1.93,374,415,361,553850,208669656,2618520678,7096262,KSQ,ME005
000227,KR7000222000,유유제약2우B,KOSPI,,7630,2,-50,-0.65,7650,7750,7630,765,5907050,2464184800,322960,STK,ME005
140660,KR7140660002,위월드,KONEX,일반기업부,901,3,0,0.0,0,0,0,0,0,2241014052,2487252,KNX,ME005
008355,KR7008351009,남선알미우,KOSPI,,7030,1,20,0.29,7360,7360,6740,677,4722750,2164466700,307890,STK,ME005
001525,KR7001521004,동양우,KOSPI,,7970,2,-30,-0.38,7910,7990,7910,77,611430,2093041550,262615,STK,ME005
448780,KR7448780007,마이크로엔엑스,KONEX,일반기업부,685,3,0,0.0,685,685,685,1,685,1834210800,2677680,KNX,ME005
035290,KR7035290006,골드앤에스,KOSDAQ,관리종목(소속부없음),384,3,0,0.0,0,0,0,0,0,1830776832,4767648,KSQ,ME005
021045,KR7021041009,대호특수강우,KOSDAQ,중견기업부,1959,2,-26,-1.31,1985,1985,1959,206,404730,1662195828,848492,KSQ,ME005
196490,KR7196490007,디에이테크놀로지,KOSDAQ,투자주의환기종목(소속부없음),145,1,46,46.46,115,172,115,1830961,259431794,1645988525,11351645,KSQ,ME005
266170,KR7266170000,레드우즈,KONEX,일반기업부,1050,3,0,0.0,0,0,0,0,0,1366092000,1301040,KNX,ME005
004545,KR7004541009,깨끗한나라우,KOSPI,,3630,1,110,3.13,3625,3630,3530,718,2597335,1329160800,366160,STK,ME005
011155,KR7011151008,CJ씨푸드1우,KOSPI,,5820,2,-30,-0.51,5850,5850,5750,799,4596350,1164000000,200000,STK,ME005
223220,KR7223220005,로지스몬,KONEX,일반기업부,122,1,13,11.93,125,125,95,4782,491951,1043634116,8554378,KNX,ME005
001527,KR7001522002,동양2우B,KOSPI,,5000,2,-10,-0.2,5100,5100,5000,300,1510280,1028525000,205705,STK,ME005
004415,KR7004411005,서울식품우,KOSPI,,3800,2,-55,-1.43,3820,3820,3800,2839,10812060,845310000,222450,STK,ME005
312610,KR7312610009,에이에프더블류,KOSDAQ,관리종목(소속부없음),41,2,-1,-2.38,43,44,40,1042813,44394413,830532408,20256888,KSQ,ME005
002785,KR7002781003,진흥기업우B,KOSPI,,7150,2,-250,-3.38,7200,7200,6920,1943,13633460,612905150,85721,STK,ME005
032685,KR7032681009,소프트센우,KOSDAQ,중견기업부,5720,1,120,2.14,5690,5720,5600,215,1216270,408190640,71362,KSQ,ME005
002787,KR7002782001,진흥기업2우B,KOSPI,,11070,2,-750,-6.35,10930,11100,10660,574,6249250,326343600,29480,STK,ME005
341170,KR7341170009,퓨쳐메디신,KONEX,일반기업부,29,2,-467,-94.15,12,33,12,183896,4655887,305462945,10533205,KNX,ME005
